TimeQuest Timing Analyzer report for ALU
Mon Nov 24 09:42:00 2025
Quartus II 64-Bit Version 13.1.0 Build 162 10/23/2013 SJ Web Edition


---------------------
; Table of Contents ;
---------------------
  1. Legal Notice
  2. TimeQuest Timing Analyzer Summary
  3. Parallel Compilation
  4. Clocks
  5. Slow 1200mV 85C Model Fmax Summary
  6. Timing Closure Recommendations
  7. Slow 1200mV 85C Model Setup Summary
  8. Slow 1200mV 85C Model Hold Summary
  9. Slow 1200mV 85C Model Recovery Summary
 10. Slow 1200mV 85C Model Removal Summary
 11. Slow 1200mV 85C Model Minimum Pulse Width Summary
 12. Propagation Delay
 13. Minimum Propagation Delay
 14. Slow 1200mV 85C Model Metastability Report
 15. Slow 1200mV 0C Model Fmax Summary
 16. Slow 1200mV 0C Model Setup Summary
 17. Slow 1200mV 0C Model Hold Summary
 18. Slow 1200mV 0C Model Recovery Summary
 19. Slow 1200mV 0C Model Removal Summary
 20. Slow 1200mV 0C Model Minimum Pulse Width Summary
 21. Propagation Delay
 22. Minimum Propagation Delay
 23. Slow 1200mV 0C Model Metastability Report
 24. Fast 1200mV 0C Model Setup Summary
 25. Fast 1200mV 0C Model Hold Summary
 26. Fast 1200mV 0C Model Recovery Summary
 27. Fast 1200mV 0C Model Removal Summary
 28. Fast 1200mV 0C Model Minimum Pulse Width Summary
 29. Propagation Delay
 30. Minimum Propagation Delay
 31. Fast 1200mV 0C Model Metastability Report
 32. Multicorner Timing Analysis Summary
 33. Propagation Delay
 34. Minimum Propagation Delay
 35. Board Trace Model Assignments
 36. Input Transition Times
 37. Slow Corner Signal Integrity Metrics
 38. Fast Corner Signal Integrity Metrics
 39. Clock Transfers
 40. Report TCCS
 41. Report RSKM
 42. Unconstrained Paths
 43. TimeQuest Timing Analyzer Messages



----------------
; Legal Notice ;
----------------
Copyright (C) 1991-2013 Altera Corporation
Your use of Altera Corporation's design tools, logic functions 
and other software and tools, and its AMPP partner logic 
functions, and any output files from any of the foregoing 
(including device programming or simulation files), and any 
associated documentation or information are expressly subject 
to the terms and conditions of the Altera Program License 
Subscription Agreement, Altera MegaCore Function License 
Agreement, or other applicable license agreement, including, 
without limitation, that your use is for the sole purpose of 
programming logic devices manufactured by Altera and sold by 
Altera or its authorized distributors.  Please refer to the 
applicable agreement for further details.



+-------------------------------------------------------------------------+
; TimeQuest Timing Analyzer Summary                                       ;
+--------------------+----------------------------------------------------+
; Quartus II Version ; Version 13.1.0 Build 162 10/23/2013 SJ Web Edition ;
; Revision Name      ; ALU                                                ;
; Device Family      ; Cyclone III                                        ;
; Device Name        ; EP3C16F484C6                                       ;
; Timing Models      ; Final                                              ;
; Delay Model        ; Combined                                           ;
; Rise/Fall Delays   ; Enabled                                            ;
+--------------------+----------------------------------------------------+


Parallel compilation was disabled, but you have multiple processors available. Enable parallel compilation to reduce compilation time.
+-------------------------------------+
; Parallel Compilation                ;
+----------------------------+--------+
; Processors                 ; Number ;
+----------------------------+--------+
; Number detected on machine ; 16     ;
; Maximum allowed            ; 1      ;
+----------------------------+--------+


----------
; Clocks ;
----------
No clocks to report.


--------------------------------------
; Slow 1200mV 85C Model Fmax Summary ;
--------------------------------------
No paths to report.


----------------------------------
; Timing Closure Recommendations ;
----------------------------------
HTML report is unavailable in plain text report export.


---------------------------------------
; Slow 1200mV 85C Model Setup Summary ;
---------------------------------------
No paths to report.


--------------------------------------
; Slow 1200mV 85C Model Hold Summary ;
--------------------------------------
No paths to report.


------------------------------------------
; Slow 1200mV 85C Model Recovery Summary ;
------------------------------------------
No paths to report.


-----------------------------------------
; Slow 1200mV 85C Model Removal Summary ;
-----------------------------------------
No paths to report.


-----------------------------------------------------
; Slow 1200mV 85C Model Minimum Pulse Width Summary ;
-----------------------------------------------------
No paths to report.


+--------------------------------------------------------------+
; Propagation Delay                                            ;
+------------+-------------+--------+--------+--------+--------+
; Input Port ; Output Port ; RR     ; RF     ; FR     ; FF     ;
+------------+-------------+--------+--------+--------+--------+
; A[0]       ; C_flag      ; 8.392  ; 8.295  ; 8.844  ; 8.793  ;
; A[0]       ; N_flag      ; 8.523  ; 8.477  ; 9.193  ; 9.101  ;
; A[0]       ; Result[0]   ; 7.878  ; 7.883  ; 8.386  ; 8.254  ;
; A[0]       ; Result[1]   ; 7.889  ; 7.842  ; 8.559  ; 8.466  ;
; A[0]       ; Result[2]   ; 8.053  ; 7.958  ; 8.505  ; 8.456  ;
; A[0]       ; Result[3]   ; 8.116  ; 8.102  ; 8.786  ; 8.726  ;
; A[0]       ; Result[4]   ; 8.276  ; 8.210  ; 8.728  ; 8.708  ;
; A[0]       ; Result[5]   ; 8.251  ; 8.238  ; 8.921  ; 8.862  ;
; A[0]       ; Result[6]   ; 8.459  ; 8.388  ; 8.911  ; 8.886  ;
; A[0]       ; Result[7]   ; 8.534  ; 8.490  ; 9.204  ; 9.114  ;
; A[0]       ; V_flag      ; 10.516 ; 10.603 ; 10.765 ; 10.854 ;
; A[0]       ; Z_flag      ; 11.022 ; 11.015 ; 11.283 ; 11.270 ;
; A[1]       ; C_flag      ; 8.084  ; 7.987  ; 8.310  ; 8.259  ;
; A[1]       ; N_flag      ; 8.215  ; 8.169  ; 8.659  ; 8.567  ;
; A[1]       ; Result[1]   ; 7.238  ; 7.140  ; 7.656  ; 7.597  ;
; A[1]       ; Result[2]   ; 7.745  ; 7.650  ; 7.971  ; 7.922  ;
; A[1]       ; Result[3]   ; 7.808  ; 7.794  ; 8.252  ; 8.192  ;
; A[1]       ; Result[4]   ; 7.968  ; 7.902  ; 8.194  ; 8.174  ;
; A[1]       ; Result[5]   ; 7.943  ; 7.930  ; 8.387  ; 8.328  ;
; A[1]       ; Result[6]   ; 8.151  ; 8.080  ; 8.377  ; 8.352  ;
; A[1]       ; Result[7]   ; 8.226  ; 8.182  ; 8.670  ; 8.580  ;
; A[1]       ; V_flag      ; 10.616 ; 10.703 ; 11.101 ; 11.147 ;
; A[1]       ; Z_flag      ; 11.122 ; 11.115 ; 11.619 ; 11.606 ;
; A[2]       ; C_flag      ; 7.897  ; 7.800  ; 8.346  ; 8.295  ;
; A[2]       ; N_flag      ; 8.028  ; 7.982  ; 8.695  ; 8.603  ;
; A[2]       ; Result[2]   ; 7.149  ; 7.145  ; 7.654  ; 7.513  ;
; A[2]       ; Result[3]   ; 7.621  ; 7.607  ; 8.288  ; 8.228  ;
; A[2]       ; Result[4]   ; 7.781  ; 7.715  ; 8.230  ; 8.210  ;
; A[2]       ; Result[5]   ; 7.756  ; 7.743  ; 8.423  ; 8.364  ;
; A[2]       ; Result[6]   ; 7.964  ; 7.893  ; 8.413  ; 8.388  ;
; A[2]       ; Result[7]   ; 8.039  ; 7.995  ; 8.706  ; 8.616  ;
; A[2]       ; V_flag      ; 10.140 ; 10.227 ; 10.399 ; 10.445 ;
; A[2]       ; Z_flag      ; 10.646 ; 10.639 ; 10.917 ; 10.904 ;
; A[3]       ; C_flag      ; 8.245  ; 8.148  ; 8.486  ; 8.435  ;
; A[3]       ; N_flag      ; 8.376  ; 8.330  ; 8.835  ; 8.743  ;
; A[3]       ; Result[3]   ; 7.626  ; 7.561  ; 8.059  ; 8.033  ;
; A[3]       ; Result[4]   ; 8.129  ; 8.063  ; 8.370  ; 8.350  ;
; A[3]       ; Result[5]   ; 8.104  ; 8.091  ; 8.563  ; 8.504  ;
; A[3]       ; Result[6]   ; 8.312  ; 8.241  ; 8.553  ; 8.528  ;
; A[3]       ; Result[7]   ; 8.387  ; 8.343  ; 8.846  ; 8.756  ;
; A[3]       ; V_flag      ; 10.185 ; 10.297 ; 10.668 ; 10.801 ;
; A[3]       ; Z_flag      ; 10.626 ; 10.619 ; 11.142 ; 11.129 ;
; A[4]       ; C_flag      ; 7.812  ; 7.715  ; 8.236  ; 8.185  ;
; A[4]       ; N_flag      ; 7.943  ; 7.897  ; 8.585  ; 8.493  ;
; A[4]       ; Result[4]   ; 7.287  ; 7.312  ; 7.767  ; 7.655  ;
; A[4]       ; Result[5]   ; 7.671  ; 7.658  ; 8.313  ; 8.254  ;
; A[4]       ; Result[6]   ; 7.879  ; 7.808  ; 8.303  ; 8.278  ;
; A[4]       ; Result[7]   ; 7.954  ; 7.910  ; 8.596  ; 8.506  ;
; A[4]       ; V_flag      ; 10.112 ; 10.199 ; 10.359 ; 10.405 ;
; A[4]       ; Z_flag      ; 10.618 ; 10.611 ; 10.865 ; 10.812 ;
; A[5]       ; C_flag      ; 7.859  ; 7.762  ; 8.083  ; 8.032  ;
; A[5]       ; N_flag      ; 7.990  ; 7.944  ; 8.432  ; 8.340  ;
; A[5]       ; Result[5]   ; 7.379  ; 7.312  ; 7.786  ; 7.770  ;
; A[5]       ; Result[6]   ; 7.926  ; 7.855  ; 8.150  ; 8.125  ;
; A[5]       ; Result[7]   ; 8.001  ; 7.957  ; 8.443  ; 8.353  ;
; A[5]       ; V_flag      ; 9.823  ; 9.935  ; 10.290 ; 10.423 ;
; A[5]       ; Z_flag      ; 9.895  ; 9.803  ; 10.256 ; 10.285 ;
; A[6]       ; C_flag      ; 7.657  ; 7.560  ; 8.110  ; 8.059  ;
; A[6]       ; N_flag      ; 7.788  ; 7.742  ; 8.459  ; 8.367  ;
; A[6]       ; Result[6]   ; 7.313  ; 7.336  ; 7.824  ; 7.695  ;
; A[6]       ; Result[7]   ; 7.799  ; 7.755  ; 8.470  ; 8.380  ;
; A[6]       ; V_flag      ; 9.947  ; 10.034 ; 10.201 ; 10.247 ;
; A[6]       ; Z_flag      ; 9.907  ; 9.894  ; 10.161 ; 10.102 ;
; A[7]       ; C_flag      ; 7.784  ; 7.687  ; 8.004  ; 7.953  ;
; A[7]       ; N_flag      ; 7.572  ; 7.475  ; 7.984  ; 7.926  ;
; A[7]       ; Result[7]   ; 7.583  ; 7.488  ; 7.995  ; 7.939  ;
; A[7]       ; V_flag      ; 9.462  ; 9.508  ; 9.856  ; 9.964  ;
; A[7]       ; Z_flag      ; 9.422  ; 9.353  ; 9.816  ; 9.824  ;
; ALU_Sel[0] ; C_flag      ; 8.672  ; 8.621  ; 9.107  ; 9.056  ;
; ALU_Sel[0] ; N_flag      ; 9.021  ; 8.929  ; 9.456  ; 9.364  ;
; ALU_Sel[0] ; Result[0]   ; 8.165  ; 8.079  ; 8.585  ; 8.456  ;
; ALU_Sel[0] ; Result[1]   ; 8.296  ; 8.203  ; 8.758  ; 8.665  ;
; ALU_Sel[0] ; Result[2]   ; 8.242  ; 8.193  ; 8.704  ; 8.655  ;
; ALU_Sel[0] ; Result[3]   ; 8.579  ; 8.519  ; 9.035  ; 8.975  ;
; ALU_Sel[0] ; Result[4]   ; 8.521  ; 8.501  ; 8.977  ; 8.957  ;
; ALU_Sel[0] ; Result[5]   ; 8.749  ; 8.690  ; 9.184  ; 9.125  ;
; ALU_Sel[0] ; Result[6]   ; 8.739  ; 8.714  ; 9.174  ; 9.149  ;
; ALU_Sel[0] ; Result[7]   ; 9.032  ; 8.942  ; 9.467  ; 9.377  ;
; ALU_Sel[0] ; V_flag      ; 8.113  ; 8.184  ; 8.542  ; 8.604  ;
; ALU_Sel[0] ; Z_flag      ; 9.200  ; 8.357  ; 8.812  ; 9.618  ;
; ALU_Sel[1] ; C_flag      ;        ; 6.539  ; 7.049  ;        ;
; ALU_Sel[1] ; N_flag      ;        ; 6.859  ; 7.361  ;        ;
; ALU_Sel[1] ; Result[0]   ;        ; 6.920  ; 7.422  ;        ;
; ALU_Sel[1] ; Result[1]   ;        ; 6.545  ; 7.054  ;        ;
; ALU_Sel[1] ; Result[2]   ;        ; 6.562  ; 7.067  ;        ;
; ALU_Sel[1] ; Result[3]   ;        ; 6.301  ; 6.800  ;        ;
; ALU_Sel[1] ; Result[4]   ;        ; 6.309  ; 6.821  ;        ;
; ALU_Sel[1] ; Result[5]   ;        ; 6.315  ; 6.818  ;        ;
; ALU_Sel[1] ; Result[6]   ;        ; 6.347  ; 6.863  ;        ;
; ALU_Sel[1] ; Result[7]   ;        ; 6.872  ; 7.372  ;        ;
; ALU_Sel[1] ; V_flag      ;        ; 8.393  ; 8.744  ;        ;
; ALU_Sel[1] ; Z_flag      ;        ; 9.134  ; 9.578  ;        ;
; B[0]       ; C_flag      ; 8.903  ; 8.852  ; 9.325  ; 9.274  ;
; B[0]       ; N_flag      ; 9.252  ; 9.160  ; 9.674  ; 9.582  ;
; B[0]       ; Result[0]   ; 8.445  ; 8.322  ; 8.867  ; 8.747  ;
; B[0]       ; Result[1]   ; 8.618  ; 8.525  ; 9.040  ; 8.947  ;
; B[0]       ; Result[2]   ; 8.564  ; 8.515  ; 8.986  ; 8.937  ;
; B[0]       ; Result[3]   ; 8.845  ; 8.785  ; 9.267  ; 9.207  ;
; B[0]       ; Result[4]   ; 8.787  ; 8.767  ; 9.209  ; 9.189  ;
; B[0]       ; Result[5]   ; 8.980  ; 8.921  ; 9.402  ; 9.343  ;
; B[0]       ; Result[6]   ; 8.970  ; 8.945  ; 9.392  ; 9.367  ;
; B[0]       ; Result[7]   ; 9.263  ; 9.173  ; 9.685  ; 9.595  ;
; B[0]       ; V_flag      ; 10.381 ; 10.493 ; 10.921 ; 11.008 ;
; B[0]       ; Z_flag      ; 10.852 ; 10.839 ; 11.427 ; 11.420 ;
; B[1]       ; C_flag      ; 8.672  ; 8.575  ; 9.097  ; 9.000  ;
; B[1]       ; N_flag      ; 8.870  ; 8.778  ; 9.281  ; 9.189  ;
; B[1]       ; Result[1]   ; 7.862  ; 7.812  ; 8.273  ; 8.223  ;
; B[1]       ; Result[2]   ; 8.333  ; 8.238  ; 8.758  ; 8.663  ;
; B[1]       ; Result[3]   ; 8.463  ; 8.403  ; 8.874  ; 8.814  ;
; B[1]       ; Result[4]   ; 8.556  ; 8.490  ; 8.981  ; 8.915  ;
; B[1]       ; Result[5]   ; 8.598  ; 8.539  ; 9.009  ; 8.950  ;
; B[1]       ; Result[6]   ; 8.739  ; 8.668  ; 9.164  ; 9.093  ;
; B[1]       ; Result[7]   ; 8.881  ; 8.791  ; 9.292  ; 9.202  ;
; B[1]       ; V_flag      ; 10.211 ; 10.257 ; 10.593 ; 10.690 ;
; B[1]       ; Z_flag      ; 10.729 ; 10.716 ; 11.099 ; 11.092 ;
; B[2]       ; C_flag      ; 8.179  ; 8.128  ; 8.604  ; 8.553  ;
; B[2]       ; N_flag      ; 8.528  ; 8.436  ; 8.953  ; 8.861  ;
; B[2]       ; Result[2]   ; 7.487  ; 7.381  ; 7.912  ; 7.774  ;
; B[2]       ; Result[3]   ; 8.121  ; 8.061  ; 8.546  ; 8.486  ;
; B[2]       ; Result[4]   ; 8.063  ; 8.043  ; 8.488  ; 8.468  ;
; B[2]       ; Result[5]   ; 8.256  ; 8.197  ; 8.681  ; 8.622  ;
; B[2]       ; Result[6]   ; 8.246  ; 8.221  ; 8.671  ; 8.646  ;
; B[2]       ; Result[7]   ; 8.539  ; 8.449  ; 8.964  ; 8.874  ;
; B[2]       ; V_flag      ; 10.090 ; 10.202 ; 10.643 ; 10.730 ;
; B[2]       ; Z_flag      ; 10.564 ; 10.551 ; 11.149 ; 11.142 ;
; B[3]       ; C_flag      ; 8.527  ; 8.430  ; 8.978  ; 8.881  ;
; B[3]       ; N_flag      ; 8.725  ; 8.633  ; 9.162  ; 9.070  ;
; B[3]       ; Result[3]   ; 7.944  ; 7.927  ; 8.381  ; 8.364  ;
; B[3]       ; Result[4]   ; 8.411  ; 8.345  ; 8.862  ; 8.796  ;
; B[3]       ; Result[5]   ; 8.453  ; 8.394  ; 8.890  ; 8.831  ;
; B[3]       ; Result[6]   ; 8.594  ; 8.523  ; 9.045  ; 8.974  ;
; B[3]       ; Result[7]   ; 8.736  ; 8.646  ; 9.173  ; 9.083  ;
; B[3]       ; V_flag      ; 9.905  ; 10.017 ; 10.384 ; 10.517 ;
; B[3]       ; Z_flag      ; 10.319 ; 10.306 ; 10.703 ; 10.696 ;
; B[4]       ; C_flag      ; 8.793  ; 8.742  ; 9.231  ; 9.180  ;
; B[4]       ; N_flag      ; 9.142  ; 9.050  ; 9.580  ; 9.488  ;
; B[4]       ; Result[4]   ; 8.324  ; 8.250  ; 8.762  ; 8.656  ;
; B[4]       ; Result[5]   ; 8.870  ; 8.811  ; 9.308  ; 9.249  ;
; B[4]       ; Result[6]   ; 8.860  ; 8.835  ; 9.298  ; 9.273  ;
; B[4]       ; Result[7]   ; 9.153  ; 9.063  ; 9.591  ; 9.501  ;
; B[4]       ; V_flag      ; 10.245 ; 10.357 ; 10.820 ; 10.907 ;
; B[4]       ; Z_flag      ; 10.719 ; 10.666 ; 11.326 ; 11.319 ;
; B[5]       ; C_flag      ; 8.744  ; 8.647  ; 9.180  ; 9.083  ;
; B[5]       ; N_flag      ; 8.937  ; 8.845  ; 9.359  ; 9.267  ;
; B[5]       ; Result[5]   ; 8.296  ; 8.271  ; 8.718  ; 8.693  ;
; B[5]       ; Result[6]   ; 8.811  ; 8.740  ; 9.247  ; 9.176  ;
; B[5]       ; Result[7]   ; 8.948  ; 8.858  ; 9.370  ; 9.280  ;
; B[5]       ; V_flag      ; 10.197 ; 10.243 ; 10.589 ; 10.697 ;
; B[5]       ; Z_flag      ; 10.310 ; 10.298 ; 10.782 ; 10.714 ;
; B[6]       ; C_flag      ; 8.340  ; 8.289  ; 8.769  ; 8.718  ;
; B[6]       ; N_flag      ; 8.689  ; 8.597  ; 9.118  ; 9.026  ;
; B[6]       ; Result[6]   ; 8.054  ; 7.999  ; 8.483  ; 8.396  ;
; B[6]       ; Result[7]   ; 8.700  ; 8.610  ; 9.129  ; 9.039  ;
; B[6]       ; V_flag      ; 9.664  ; 9.776  ; 10.172 ; 10.259 ;
; B[6]       ; Z_flag      ; 9.520  ; 9.511  ; 10.132 ; 10.119 ;
; B[7]       ; C_flag      ; 8.323  ; 8.226  ; 8.764  ; 8.667  ;
; B[7]       ; N_flag      ; 8.120  ; 8.071  ; 8.556  ; 8.503  ;
; B[7]       ; Result[7]   ; 8.131  ; 8.084  ; 8.567  ; 8.516  ;
; B[7]       ; V_flag      ; 9.359  ; 9.479  ; 9.784  ; 9.895  ;
; B[7]       ; Z_flag      ; 9.199  ; 9.206  ; 9.618  ; 9.631  ;
+------------+-------------+--------+--------+--------+--------+


+------------------------------------------------------------+
; Minimum Propagation Delay                                  ;
+------------+-------------+-------+-------+--------+--------+
; Input Port ; Output Port ; RR    ; RF    ; FR     ; FF     ;
+------------+-------------+-------+-------+--------+--------+
; A[0]       ; C_flag      ; 8.027 ; 7.940 ; 8.396  ; 8.338  ;
; A[0]       ; N_flag      ; 8.202 ; 8.150 ; 8.681  ; 8.600  ;
; A[0]       ; Result[0]   ; 7.651 ; 7.594 ; 8.094  ; 8.011  ;
; A[0]       ; Result[1]   ; 7.591 ; 7.537 ; 8.070  ; 7.987  ;
; A[0]       ; Result[2]   ; 7.699 ; 7.616 ; 8.068  ; 8.014  ;
; A[0]       ; Result[3]   ; 7.809 ; 7.788 ; 8.288  ; 8.238  ;
; A[0]       ; Result[4]   ; 7.915 ; 7.858 ; 8.284  ; 8.256  ;
; A[0]       ; Result[5]   ; 7.940 ; 7.919 ; 8.419  ; 8.369  ;
; A[0]       ; Result[6]   ; 8.090 ; 8.029 ; 8.459  ; 8.427  ;
; A[0]       ; Result[7]   ; 8.213 ; 8.163 ; 8.692  ; 8.613  ;
; A[0]       ; V_flag      ; 9.846 ; 9.961 ; 10.216 ; 10.360 ;
; A[0]       ; Z_flag      ; 8.874 ; 8.786 ; 9.243  ; 9.227  ;
; A[1]       ; C_flag      ; 7.605 ; 7.518 ; 7.990  ; 7.932  ;
; A[1]       ; N_flag      ; 7.780 ; 7.728 ; 8.275  ; 8.194  ;
; A[1]       ; Result[1]   ; 6.990 ; 6.932 ; 7.428  ; 7.333  ;
; A[1]       ; Result[2]   ; 7.277 ; 7.194 ; 7.662  ; 7.608  ;
; A[1]       ; Result[3]   ; 7.387 ; 7.366 ; 7.882  ; 7.832  ;
; A[1]       ; Result[4]   ; 7.493 ; 7.436 ; 7.878  ; 7.850  ;
; A[1]       ; Result[5]   ; 7.518 ; 7.497 ; 8.013  ; 7.963  ;
; A[1]       ; Result[6]   ; 7.668 ; 7.607 ; 8.053  ; 8.021  ;
; A[1]       ; Result[7]   ; 7.791 ; 7.741 ; 8.286  ; 8.207  ;
; A[1]       ; V_flag      ; 9.591 ; 9.698 ; 9.952  ; 10.048 ;
; A[1]       ; Z_flag      ; 8.811 ; 8.747 ; 9.209  ; 9.171  ;
; A[2]       ; C_flag      ; 7.552 ; 7.465 ; 7.918  ; 7.860  ;
; A[2]       ; N_flag      ; 7.727 ; 7.675 ; 8.203  ; 8.122  ;
; A[2]       ; Result[2]   ; 6.951 ; 6.887 ; 7.391  ; 7.301  ;
; A[2]       ; Result[3]   ; 7.334 ; 7.313 ; 7.810  ; 7.760  ;
; A[2]       ; Result[4]   ; 7.440 ; 7.383 ; 7.806  ; 7.778  ;
; A[2]       ; Result[5]   ; 7.465 ; 7.444 ; 7.941  ; 7.891  ;
; A[2]       ; Result[6]   ; 7.615 ; 7.554 ; 7.981  ; 7.949  ;
; A[2]       ; Result[7]   ; 7.738 ; 7.688 ; 8.214  ; 8.135  ;
; A[2]       ; V_flag      ; 9.471 ; 9.578 ; 9.864  ; 9.970  ;
; A[2]       ; Z_flag      ; 8.977 ; 8.959 ; 9.381  ; 9.401  ;
; A[3]       ; C_flag      ; 7.759 ; 7.672 ; 8.159  ; 8.101  ;
; A[3]       ; N_flag      ; 7.934 ; 7.882 ; 8.444  ; 8.363  ;
; A[3]       ; Result[3]   ; 7.362 ; 7.337 ; 7.815  ; 7.753  ;
; A[3]       ; Result[4]   ; 7.647 ; 7.590 ; 8.047  ; 8.019  ;
; A[3]       ; Result[5]   ; 7.672 ; 7.651 ; 8.182  ; 8.132  ;
; A[3]       ; Result[6]   ; 7.822 ; 7.761 ; 8.222  ; 8.190  ;
; A[3]       ; Result[7]   ; 7.945 ; 7.895 ; 8.455  ; 8.376  ;
; A[3]       ; V_flag      ; 9.592 ; 9.707 ; 9.969  ; 10.113 ;
; A[3]       ; Z_flag      ; 9.286 ; 9.251 ; 9.741  ; 9.735  ;
; A[4]       ; C_flag      ; 7.470 ; 7.383 ; 7.811  ; 7.753  ;
; A[4]       ; N_flag      ; 7.645 ; 7.593 ; 8.096  ; 8.015  ;
; A[4]       ; Result[4]   ; 7.085 ; 7.047 ; 7.500  ; 7.436  ;
; A[4]       ; Result[5]   ; 7.383 ; 7.362 ; 7.834  ; 7.784  ;
; A[4]       ; Result[6]   ; 7.533 ; 7.472 ; 7.874  ; 7.842  ;
; A[4]       ; Result[7]   ; 7.656 ; 7.606 ; 8.107  ; 8.028  ;
; A[4]       ; V_flag      ; 9.299 ; 9.406 ; 9.690  ; 9.786  ;
; A[4]       ; Z_flag      ; 8.665 ; 8.634 ; 9.061  ; 9.067  ;
; A[5]       ; C_flag      ; 7.389 ; 7.302 ; 7.779  ; 7.721  ;
; A[5]       ; N_flag      ; 7.564 ; 7.512 ; 8.064  ; 7.983  ;
; A[5]       ; Result[5]   ; 7.123 ; 7.099 ; 7.563  ; 7.501  ;
; A[5]       ; Result[6]   ; 7.452 ; 7.391 ; 7.842  ; 7.810  ;
; A[5]       ; Result[7]   ; 7.575 ; 7.525 ; 8.075  ; 7.996  ;
; A[5]       ; V_flag      ; 9.201 ; 9.316 ; 9.563  ; 9.707  ;
; A[5]       ; Z_flag      ; 8.864 ; 8.844 ; 9.257  ; 9.265  ;
; A[6]       ; C_flag      ; 7.319 ; 7.232 ; 7.691  ; 7.633  ;
; A[6]       ; N_flag      ; 7.494 ; 7.442 ; 7.976  ; 7.895  ;
; A[6]       ; Result[6]   ; 7.111 ; 7.071 ; 7.542  ; 7.474  ;
; A[6]       ; Result[7]   ; 7.505 ; 7.455 ; 7.987  ; 7.908  ;
; A[6]       ; V_flag      ; 9.296 ; 9.411 ; 9.666  ; 9.791  ;
; A[6]       ; Z_flag      ; 8.784 ; 8.755 ; 9.172  ; 9.181  ;
; A[7]       ; C_flag      ; 7.314 ; 7.227 ; 7.695  ; 7.637  ;
; A[7]       ; N_flag      ; 7.310 ; 7.254 ; 7.744  ; 7.651  ;
; A[7]       ; Result[7]   ; 7.321 ; 7.267 ; 7.755  ; 7.664  ;
; A[7]       ; V_flag      ; 8.411 ; 8.502 ; 8.819  ; 8.930  ;
; A[7]       ; Z_flag      ; 8.876 ; 8.857 ; 9.270  ; 9.286  ;
; ALU_Sel[0] ; C_flag      ; 7.043 ; 6.976 ; 7.505  ; 7.411  ;
; ALU_Sel[0] ; N_flag      ; 7.730 ; 7.675 ; 8.146  ; 8.091  ;
; ALU_Sel[0] ; Result[0]   ; 7.681 ; 7.605 ; 8.089  ; 8.042  ;
; ALU_Sel[0] ; Result[1]   ; 7.348 ; 7.294 ; 7.866  ; 7.783  ;
; ALU_Sel[0] ; Result[2]   ; 7.456 ; 7.373 ; 7.864  ; 7.810  ;
; ALU_Sel[0] ; Result[3]   ; 7.559 ; 7.535 ; 7.977  ; 7.953  ;
; ALU_Sel[0] ; Result[4]   ; 7.672 ; 7.615 ; 8.080  ; 8.052  ;
; ALU_Sel[0] ; Result[5]   ; 7.581 ; 7.555 ; 7.999  ; 7.974  ;
; ALU_Sel[0] ; Result[6]   ; 7.847 ; 7.786 ; 8.255  ; 8.223  ;
; ALU_Sel[0] ; Result[7]   ; 7.741 ; 7.688 ; 8.157  ; 8.104  ;
; ALU_Sel[0] ; V_flag      ; 7.891 ; 7.957 ; 8.310  ; 8.367  ;
; ALU_Sel[0] ; Z_flag      ; 8.932 ; 8.123 ; 8.569  ; 9.339  ;
; ALU_Sel[1] ; C_flag      ;       ; 6.349 ; 6.852  ;        ;
; ALU_Sel[1] ; N_flag      ;       ; 6.657 ; 7.153  ;        ;
; ALU_Sel[1] ; Result[0]   ;       ; 6.717 ; 7.211  ;        ;
; ALU_Sel[1] ; Result[1]   ;       ; 6.355 ; 6.857  ;        ;
; ALU_Sel[1] ; Result[2]   ;       ; 6.372 ; 6.870  ;        ;
; ALU_Sel[1] ; Result[3]   ;       ; 6.148 ; 6.637  ;        ;
; ALU_Sel[1] ; Result[4]   ;       ; 6.155 ; 6.657  ;        ;
; ALU_Sel[1] ; Result[5]   ;       ; 6.161 ; 6.654  ;        ;
; ALU_Sel[1] ; Result[6]   ;       ; 6.192 ; 6.698  ;        ;
; ALU_Sel[1] ; Result[7]   ;       ; 6.670 ; 7.164  ;        ;
; ALU_Sel[1] ; V_flag      ;       ; 8.111 ; 8.473  ;        ;
; ALU_Sel[1] ; Z_flag      ;       ; 8.313 ; 8.746  ;        ;
; B[0]       ; C_flag      ; 8.382 ; 8.296 ; 8.783  ; 8.724  ;
; B[0]       ; N_flag      ; 8.558 ; 8.506 ; 8.986  ; 8.934  ;
; B[0]       ; Result[0]   ; 8.009 ; 7.954 ; 8.437  ; 8.382  ;
; B[0]       ; Result[1]   ; 7.947 ; 7.893 ; 8.375  ; 8.321  ;
; B[0]       ; Result[2]   ; 8.054 ; 7.972 ; 8.455  ; 8.400  ;
; B[0]       ; Result[3]   ; 8.165 ; 8.144 ; 8.593  ; 8.572  ;
; B[0]       ; Result[4]   ; 8.270 ; 8.214 ; 8.671  ; 8.642  ;
; B[0]       ; Result[5]   ; 8.296 ; 8.275 ; 8.724  ; 8.703  ;
; B[0]       ; Result[6]   ; 8.445 ; 8.385 ; 8.846  ; 8.813  ;
; B[0]       ; Result[7]   ; 8.569 ; 8.519 ; 8.997  ; 8.947  ;
; B[0]       ; V_flag      ; 9.798 ; 9.905 ; 10.190 ; 10.286 ;
; B[0]       ; Z_flag      ; 8.770 ; 8.687 ; 9.150  ; 9.125  ;
; B[1]       ; C_flag      ; 8.107 ; 8.020 ; 8.515  ; 8.436  ;
; B[1]       ; N_flag      ; 8.282 ; 8.230 ; 8.698  ; 8.646  ;
; B[1]       ; Result[1]   ; 7.492 ; 7.435 ; 7.908  ; 7.851  ;
; B[1]       ; Result[2]   ; 7.779 ; 7.696 ; 8.187  ; 8.112  ;
; B[1]       ; Result[3]   ; 7.889 ; 7.868 ; 8.305  ; 8.284  ;
; B[1]       ; Result[4]   ; 7.995 ; 7.938 ; 8.403  ; 8.354  ;
; B[1]       ; Result[5]   ; 8.020 ; 7.999 ; 8.436  ; 8.415  ;
; B[1]       ; Result[6]   ; 8.170 ; 8.109 ; 8.578  ; 8.525  ;
; B[1]       ; Result[7]   ; 8.293 ; 8.243 ; 8.709  ; 8.659  ;
; B[1]       ; V_flag      ; 9.558 ; 9.702 ; 10.018 ; 10.114 ;
; B[1]       ; Z_flag      ; 8.858 ; 8.792 ; 9.262  ; 9.224  ;
; B[2]       ; C_flag      ; 7.750 ; 7.688 ; 8.161  ; 8.074  ;
; B[2]       ; N_flag      ; 7.950 ; 7.898 ; 8.336  ; 8.284  ;
; B[2]       ; Result[2]   ; 7.176 ; 7.114 ; 7.562  ; 7.500  ;
; B[2]       ; Result[3]   ; 7.557 ; 7.536 ; 7.943  ; 7.922  ;
; B[2]       ; Result[4]   ; 7.638 ; 7.606 ; 8.049  ; 7.992  ;
; B[2]       ; Result[5]   ; 7.688 ; 7.667 ; 8.074  ; 8.053  ;
; B[2]       ; Result[6]   ; 7.813 ; 7.777 ; 8.224  ; 8.163  ;
; B[2]       ; Result[7]   ; 7.961 ; 7.911 ; 8.347  ; 8.297  ;
; B[2]       ; V_flag      ; 9.518 ; 9.625 ; 9.897  ; 9.993  ;
; B[2]       ; Z_flag      ; 9.023 ; 9.006 ; 9.407  ; 9.427  ;
; B[3]       ; C_flag      ; 7.969 ; 7.882 ; 8.398  ; 8.321  ;
; B[3]       ; N_flag      ; 8.144 ; 8.092 ; 8.583  ; 8.531  ;
; B[3]       ; Result[3]   ; 7.572 ; 7.548 ; 8.011  ; 7.987  ;
; B[3]       ; Result[4]   ; 7.857 ; 7.800 ; 8.286  ; 8.239  ;
; B[3]       ; Result[5]   ; 7.882 ; 7.861 ; 8.321  ; 8.300  ;
; B[3]       ; Result[6]   ; 8.032 ; 7.971 ; 8.461  ; 8.410  ;
; B[3]       ; Result[7]   ; 8.155 ; 8.105 ; 8.594  ; 8.544  ;
; B[3]       ; V_flag      ; 9.164 ; 9.308 ; 9.665  ; 9.780  ;
; B[3]       ; Z_flag      ; 9.017 ; 8.982 ; 9.470  ; 9.464  ;
; B[4]       ; C_flag      ; 8.338 ; 8.279 ; 8.765  ; 8.678  ;
; B[4]       ; N_flag      ; 8.541 ; 8.489 ; 8.940  ; 8.888  ;
; B[4]       ; Result[4]   ; 7.983 ; 7.947 ; 8.382  ; 8.346  ;
; B[4]       ; Result[5]   ; 8.279 ; 8.258 ; 8.678  ; 8.657  ;
; B[4]       ; Result[6]   ; 8.401 ; 8.368 ; 8.828  ; 8.767  ;
; B[4]       ; Result[7]   ; 8.552 ; 8.502 ; 8.951  ; 8.901  ;
; B[4]       ; V_flag      ; 9.668 ; 9.775 ; 10.070 ; 10.166 ;
; B[4]       ; Z_flag      ; 9.035 ; 9.003 ; 9.438  ; 9.444  ;
; B[5]       ; C_flag      ; 8.176 ; 8.089 ; 8.582  ; 8.515  ;
; B[5]       ; N_flag      ; 8.351 ; 8.299 ; 8.777  ; 8.725  ;
; B[5]       ; Result[5]   ; 7.910 ; 7.885 ; 8.336  ; 8.307  ;
; B[5]       ; Result[6]   ; 8.239 ; 8.178 ; 8.645  ; 8.604  ;
; B[5]       ; Result[7]   ; 8.362 ; 8.312 ; 8.788  ; 8.738  ;
; B[5]       ; V_flag      ; 9.544 ; 9.688 ; 10.022 ; 10.118 ;
; B[5]       ; Z_flag      ; 9.116 ; 9.098 ; 9.531  ; 9.539  ;
; B[6]       ; C_flag      ; 7.903 ; 7.845 ; 8.323  ; 8.260  ;
; B[6]       ; N_flag      ; 8.132 ; 8.080 ; 8.522  ; 8.470  ;
; B[6]       ; Result[6]   ; 7.747 ; 7.699 ; 8.137  ; 8.095  ;
; B[6]       ; Result[7]   ; 8.143 ; 8.093 ; 8.533  ; 8.483  ;
; B[6]       ; V_flag      ; 9.059 ; 9.203 ; 9.487  ; 9.583  ;
; B[6]       ; Z_flag      ; 8.583 ; 8.555 ; 8.967  ; 8.976  ;
; B[7]       ; C_flag      ; 7.828 ; 7.745 ; 8.250  ; 8.176  ;
; B[7]       ; N_flag      ; 7.828 ; 7.773 ; 8.259  ; 8.203  ;
; B[7]       ; Result[7]   ; 7.839 ; 7.786 ; 8.270  ; 8.216  ;
; B[7]       ; V_flag      ; 8.292 ; 8.389 ; 8.711  ; 8.799  ;
; B[7]       ; Z_flag      ; 8.929 ; 8.910 ; 9.337  ; 9.328  ;
+------------+-------------+-------+-------+--------+--------+


----------------------------------------------
; Slow 1200mV 85C Model Metastability Report ;
----------------------------------------------
No synchronizer chains to report.


-------------------------------------
; Slow 1200mV 0C Model Fmax Summary ;
-------------------------------------
No paths to report.


--------------------------------------
; Slow 1200mV 0C Model Setup Summary ;
--------------------------------------
No paths to report.


-------------------------------------
; Slow 1200mV 0C Model Hold Summary ;
-------------------------------------
No paths to report.


-----------------------------------------
; Slow 1200mV 0C Model Recovery Summary ;
-----------------------------------------
No paths to report.


----------------------------------------
; Slow 1200mV 0C Model Removal Summary ;
----------------------------------------
No paths to report.


----------------------------------------------------
; Slow 1200mV 0C Model Minimum Pulse Width Summary ;
----------------------------------------------------
No paths to report.


+--------------------------------------------------------------+
; Propagation Delay                                            ;
+------------+-------------+--------+--------+--------+--------+
; Input Port ; Output Port ; RR     ; RF     ; FR     ; FF     ;
+------------+-------------+--------+--------+--------+--------+
; A[0]       ; C_flag      ; 7.745  ; 7.602  ; 8.106  ; 8.003  ;
; A[0]       ; N_flag      ; 7.880  ; 7.771  ; 8.437  ; 8.288  ;
; A[0]       ; Result[0]   ; 7.318  ; 7.251  ; 7.733  ; 7.546  ;
; A[0]       ; Result[1]   ; 7.312  ; 7.207  ; 7.869  ; 7.724  ;
; A[0]       ; Result[2]   ; 7.457  ; 7.309  ; 7.818  ; 7.710  ;
; A[0]       ; Result[3]   ; 7.509  ; 7.417  ; 8.066  ; 7.934  ;
; A[0]       ; Result[4]   ; 7.646  ; 7.530  ; 8.007  ; 7.931  ;
; A[0]       ; Result[5]   ; 7.632  ; 7.541  ; 8.189  ; 8.058  ;
; A[0]       ; Result[6]   ; 7.815  ; 7.689  ; 8.176  ; 8.090  ;
; A[0]       ; Result[7]   ; 7.890  ; 7.783  ; 8.447  ; 8.300  ;
; A[0]       ; V_flag      ; 9.669  ; 9.638  ; 9.851  ; 9.828  ;
; A[0]       ; Z_flag      ; 10.144 ; 10.129 ; 10.340 ; 10.319 ;
; A[1]       ; C_flag      ; 7.455  ; 7.312  ; 7.634  ; 7.531  ;
; A[1]       ; N_flag      ; 7.590  ; 7.481  ; 7.965  ; 7.816  ;
; A[1]       ; Result[1]   ; 6.727  ; 6.578  ; 7.069  ; 6.957  ;
; A[1]       ; Result[2]   ; 7.167  ; 7.019  ; 7.346  ; 7.238  ;
; A[1]       ; Result[3]   ; 7.219  ; 7.127  ; 7.594  ; 7.462  ;
; A[1]       ; Result[4]   ; 7.356  ; 7.240  ; 7.535  ; 7.459  ;
; A[1]       ; Result[5]   ; 7.342  ; 7.251  ; 7.717  ; 7.586  ;
; A[1]       ; Result[6]   ; 7.525  ; 7.399  ; 7.704  ; 7.618  ;
; A[1]       ; Result[7]   ; 7.600  ; 7.493  ; 7.975  ; 7.828  ;
; A[1]       ; V_flag      ; 9.776  ; 9.745  ; 10.148 ; 10.077 ;
; A[1]       ; Z_flag      ; 10.251 ; 10.236 ; 10.637 ; 10.616 ;
; A[2]       ; C_flag      ; 7.289  ; 7.146  ; 7.659  ; 7.556  ;
; A[2]       ; N_flag      ; 7.424  ; 7.315  ; 7.990  ; 7.841  ;
; A[2]       ; Result[2]   ; 6.640  ; 6.573  ; 7.064  ; 6.877  ;
; A[2]       ; Result[3]   ; 7.053  ; 6.961  ; 7.619  ; 7.487  ;
; A[2]       ; Result[4]   ; 7.190  ; 7.074  ; 7.560  ; 7.484  ;
; A[2]       ; Result[5]   ; 7.176  ; 7.085  ; 7.742  ; 7.611  ;
; A[2]       ; Result[6]   ; 7.359  ; 7.233  ; 7.729  ; 7.643  ;
; A[2]       ; Result[7]   ; 7.434  ; 7.327  ; 8.000  ; 7.853  ;
; A[2]       ; V_flag      ; 9.318  ; 9.287  ; 9.556  ; 9.485  ;
; A[2]       ; Z_flag      ; 9.793  ; 9.778  ; 10.045 ; 10.024 ;
; A[3]       ; C_flag      ; 7.614  ; 7.471  ; 7.772  ; 7.669  ;
; A[3]       ; N_flag      ; 7.749  ; 7.640  ; 8.103  ; 7.954  ;
; A[3]       ; Result[3]   ; 7.083  ; 6.947  ; 7.404  ; 7.305  ;
; A[3]       ; Result[4]   ; 7.515  ; 7.399  ; 7.673  ; 7.597  ;
; A[3]       ; Result[5]   ; 7.501  ; 7.410  ; 7.855  ; 7.724  ;
; A[3]       ; Result[6]   ; 7.684  ; 7.558  ; 7.842  ; 7.756  ;
; A[3]       ; Result[7]   ; 7.759  ; 7.652  ; 8.113  ; 7.966  ;
; A[3]       ; V_flag      ; 9.406  ; 9.382  ; 9.755  ; 9.761  ;
; A[3]       ; Z_flag      ; 9.794  ; 9.779  ; 10.204 ; 10.183 ;
; A[4]       ; C_flag      ; 7.218  ; 7.075  ; 7.562  ; 7.459  ;
; A[4]       ; N_flag      ; 7.353  ; 7.244  ; 7.893  ; 7.744  ;
; A[4]       ; Result[4]   ; 6.758  ; 6.723  ; 7.156  ; 7.001  ;
; A[4]       ; Result[5]   ; 7.105  ; 7.014  ; 7.645  ; 7.514  ;
; A[4]       ; Result[6]   ; 7.288  ; 7.162  ; 7.632  ; 7.546  ;
; A[4]       ; Result[7]   ; 7.363  ; 7.256  ; 7.903  ; 7.756  ;
; A[4]       ; V_flag      ; 9.299  ; 9.268  ; 9.497  ; 9.426  ;
; A[4]       ; Z_flag      ; 9.774  ; 9.759  ; 9.972  ; 9.917  ;
; A[5]       ; C_flag      ; 7.263  ; 7.120  ; 7.426  ; 7.323  ;
; A[5]       ; N_flag      ; 7.398  ; 7.289  ; 7.757  ; 7.608  ;
; A[5]       ; Result[5]   ; 6.859  ; 6.720  ; 7.174  ; 7.084  ;
; A[5]       ; Result[6]   ; 7.333  ; 7.207  ; 7.496  ; 7.410  ;
; A[5]       ; Result[7]   ; 7.408  ; 7.301  ; 7.767  ; 7.620  ;
; A[5]       ; V_flag      ; 9.075  ; 9.051  ; 9.431  ; 9.437  ;
; A[5]       ; Z_flag      ; 9.140  ; 9.047  ; 9.432  ; 9.450  ;
; A[6]       ; C_flag      ; 7.082  ; 6.939  ; 7.450  ; 7.347  ;
; A[6]       ; N_flag      ; 7.217  ; 7.108  ; 7.781  ; 7.632  ;
; A[6]       ; Result[6]   ; 6.787  ; 6.746  ; 7.211  ; 7.037  ;
; A[6]       ; Result[7]   ; 7.227  ; 7.120  ; 7.791  ; 7.644  ;
; A[6]       ; V_flag      ; 9.148  ; 9.117  ; 9.345  ; 9.289  ;
; A[6]       ; Z_flag      ; 9.123  ; 9.133  ; 9.320  ; 9.290  ;
; A[7]       ; C_flag      ; 7.198  ; 7.055  ; 7.369  ; 7.266  ;
; A[7]       ; N_flag      ; 7.038  ; 6.885  ; 7.372  ; 7.256  ;
; A[7]       ; Result[7]   ; 7.048  ; 6.897  ; 7.382  ; 7.268  ;
; A[7]       ; V_flag      ; 8.733  ; 8.657  ; 9.048  ; 9.032  ;
; A[7]       ; Z_flag      ; 8.708  ; 8.668  ; 9.023  ; 9.048  ;
; ALU_Sel[0] ; C_flag      ; 7.977  ; 7.874  ; 8.327  ; 8.224  ;
; ALU_Sel[0] ; N_flag      ; 8.308  ; 8.159  ; 8.658  ; 8.509  ;
; ALU_Sel[0] ; Result[0]   ; 7.546  ; 7.398  ; 7.907  ; 7.733  ;
; ALU_Sel[0] ; Result[1]   ; 7.658  ; 7.513  ; 8.045  ; 7.900  ;
; ALU_Sel[0] ; Result[2]   ; 7.607  ; 7.499  ; 7.994  ; 7.886  ;
; ALU_Sel[0] ; Result[3]   ; 7.904  ; 7.772  ; 8.281  ; 8.149  ;
; ALU_Sel[0] ; Result[4]   ; 7.845  ; 7.769  ; 8.222  ; 8.146  ;
; ALU_Sel[0] ; Result[5]   ; 8.060  ; 7.929  ; 8.410  ; 8.279  ;
; ALU_Sel[0] ; Result[6]   ; 8.047  ; 7.961  ; 8.397  ; 8.311  ;
; ALU_Sel[0] ; Result[7]   ; 8.318  ; 8.171  ; 8.668  ; 8.521  ;
; ALU_Sel[0] ; V_flag      ; 7.528  ; 7.480  ; 7.879  ; 7.823  ;
; ALU_Sel[0] ; Z_flag      ; 8.523  ; 7.767  ; 8.125  ; 8.853  ;
; ALU_Sel[1] ; C_flag      ;        ; 6.023  ; 6.500  ;        ;
; ALU_Sel[1] ; N_flag      ;        ; 6.315  ; 6.793  ;        ;
; ALU_Sel[1] ; Result[0]   ;        ; 6.361  ; 6.845  ;        ;
; ALU_Sel[1] ; Result[1]   ;        ; 6.026  ; 6.508  ;        ;
; ALU_Sel[1] ; Result[2]   ;        ; 6.040  ; 6.519  ;        ;
; ALU_Sel[1] ; Result[3]   ;        ; 5.780  ; 6.281  ;        ;
; ALU_Sel[1] ; Result[4]   ;        ; 5.802  ; 6.293  ;        ;
; ALU_Sel[1] ; Result[5]   ;        ; 5.799  ; 6.304  ;        ;
; ALU_Sel[1] ; Result[6]   ;        ; 5.841  ; 6.338  ;        ;
; ALU_Sel[1] ; Result[7]   ;        ; 6.327  ; 6.803  ;        ;
; ALU_Sel[1] ; V_flag      ;        ; 7.662  ; 8.047  ;        ;
; ALU_Sel[1] ; Z_flag      ;        ; 8.447  ; 8.809  ;        ;
; B[0]       ; C_flag      ; 8.183  ; 8.080  ; 8.527  ; 8.424  ;
; B[0]       ; N_flag      ; 8.514  ; 8.365  ; 8.858  ; 8.709  ;
; B[0]       ; Result[0]   ; 7.808  ; 7.639  ; 8.152  ; 7.987  ;
; B[0]       ; Result[1]   ; 7.946  ; 7.801  ; 8.290  ; 8.145  ;
; B[0]       ; Result[2]   ; 7.895  ; 7.787  ; 8.239  ; 8.131  ;
; B[0]       ; Result[3]   ; 8.143  ; 8.011  ; 8.487  ; 8.355  ;
; B[0]       ; Result[4]   ; 8.084  ; 8.008  ; 8.428  ; 8.352  ;
; B[0]       ; Result[5]   ; 8.266  ; 8.135  ; 8.610  ; 8.479  ;
; B[0]       ; Result[6]   ; 8.253  ; 8.167  ; 8.597  ; 8.511  ;
; B[0]       ; Result[7]   ; 8.524  ; 8.377  ; 8.868  ; 8.721  ;
; B[0]       ; V_flag      ; 9.559  ; 9.535  ; 10.009 ; 9.978  ;
; B[0]       ; Z_flag      ; 9.991  ; 9.970  ; 10.484 ; 10.469 ;
; B[1]       ; C_flag      ; 7.982  ; 7.839  ; 8.332  ; 8.189  ;
; B[1]       ; N_flag      ; 8.181  ; 8.032  ; 8.517  ; 8.368  ;
; B[1]       ; Result[1]   ; 7.278  ; 7.174  ; 7.614  ; 7.510  ;
; B[1]       ; Result[2]   ; 7.694  ; 7.546  ; 8.044  ; 7.896  ;
; B[1]       ; Result[3]   ; 7.810  ; 7.678  ; 8.146  ; 8.014  ;
; B[1]       ; Result[4]   ; 7.883  ; 7.767  ; 8.233  ; 8.117  ;
; B[1]       ; Result[5]   ; 7.933  ; 7.802  ; 8.269  ; 8.138  ;
; B[1]       ; Result[6]   ; 8.052  ; 7.926  ; 8.402  ; 8.276  ;
; B[1]       ; Result[7]   ; 8.191  ; 8.044  ; 8.527  ; 8.380  ;
; B[1]       ; V_flag      ; 9.378  ; 9.307  ; 9.688  ; 9.657  ;
; B[1]       ; Z_flag      ; 9.867  ; 9.846  ; 10.163 ; 10.148 ;
; B[2]       ; C_flag      ; 7.523  ; 7.420  ; 7.893  ; 7.790  ;
; B[2]       ; N_flag      ; 7.854  ; 7.705  ; 8.224  ; 8.075  ;
; B[2]       ; Result[2]   ; 6.926  ; 6.781  ; 7.296  ; 7.122  ;
; B[2]       ; Result[3]   ; 7.483  ; 7.351  ; 7.853  ; 7.721  ;
; B[2]       ; Result[4]   ; 7.424  ; 7.348  ; 7.794  ; 7.718  ;
; B[2]       ; Result[5]   ; 7.606  ; 7.475  ; 7.976  ; 7.845  ;
; B[2]       ; Result[6]   ; 7.593  ; 7.507  ; 7.963  ; 7.877  ;
; B[2]       ; Result[7]   ; 7.864  ; 7.717  ; 8.234  ; 8.087  ;
; B[2]       ; V_flag      ; 9.288  ; 9.264  ; 9.745  ; 9.714  ;
; B[2]       ; Z_flag      ; 9.728  ; 9.707  ; 10.220 ; 10.205 ;
; B[3]       ; C_flag      ; 7.852  ; 7.709  ; 8.216  ; 8.073  ;
; B[3]       ; N_flag      ; 8.050  ; 7.901  ; 8.400  ; 8.251  ;
; B[3]       ; Result[3]   ; 7.344  ; 7.253  ; 7.694  ; 7.603  ;
; B[3]       ; Result[4]   ; 7.753  ; 7.637  ; 8.117  ; 8.001  ;
; B[3]       ; Result[5]   ; 7.802  ; 7.671  ; 8.152  ; 8.021  ;
; B[3]       ; Result[6]   ; 7.922  ; 7.796  ; 8.286  ; 8.160  ;
; B[3]       ; Result[7]   ; 8.060  ; 7.913  ; 8.410  ; 8.263  ;
; B[3]       ; V_flag      ; 9.136  ; 9.112  ; 9.509  ; 9.515  ;
; B[3]       ; Z_flag      ; 9.500  ; 9.479  ; 9.828  ; 9.813  ;
; B[4]       ; C_flag      ; 8.100  ; 7.997  ; 8.470  ; 8.367  ;
; B[4]       ; N_flag      ; 8.431  ; 8.282  ; 8.801  ; 8.652  ;
; B[4]       ; Result[4]   ; 7.692  ; 7.601  ; 8.062  ; 7.942  ;
; B[4]       ; Result[5]   ; 8.183  ; 8.052  ; 8.553  ; 8.422  ;
; B[4]       ; Result[6]   ; 8.170  ; 8.084  ; 8.540  ; 8.454  ;
; B[4]       ; Result[7]   ; 8.441  ; 8.294  ; 8.811  ; 8.664  ;
; B[4]       ; V_flag      ; 9.454  ; 9.430  ; 9.924  ; 9.893  ;
; B[4]       ; Z_flag      ; 9.881  ; 9.826  ; 10.399 ; 10.384 ;
; B[5]       ; C_flag      ; 8.068  ; 7.925  ; 8.420  ; 8.277  ;
; B[5]       ; N_flag      ; 8.259  ; 8.110  ; 8.597  ; 8.448  ;
; B[5]       ; Result[5]   ; 7.683  ; 7.585  ; 8.021  ; 7.923  ;
; B[5]       ; Result[6]   ; 8.138  ; 8.012  ; 8.490  ; 8.364  ;
; B[5]       ; Result[7]   ; 8.269  ; 8.122  ; 8.607  ; 8.460  ;
; B[5]       ; V_flag      ; 9.388  ; 9.317  ; 9.711  ; 9.691  ;
; B[5]       ; Z_flag      ; 9.524  ; 9.506  ; 9.908  ; 9.836  ;
; B[6]       ; C_flag      ; 7.697  ; 7.558  ; 8.038  ; 7.929  ;
; B[6]       ; N_flag      ; 7.992  ; 7.843  ; 8.363  ; 8.214  ;
; B[6]       ; Result[6]   ; 7.424  ; 7.361  ; 7.795  ; 7.702  ;
; B[6]       ; Result[7]   ; 8.002  ; 7.855  ; 8.373  ; 8.226  ;
; B[6]       ; V_flag      ; 8.916  ; 8.892  ; 9.329  ; 9.298  ;
; B[6]       ; Z_flag      ; 8.781  ; 8.776  ; 9.304  ; 9.314  ;
; B[7]       ; C_flag      ; 7.697  ; 7.554  ; 8.050  ; 7.907  ;
; B[7]       ; N_flag      ; 7.541  ; 7.427  ; 7.894  ; 7.772  ;
; B[7]       ; Result[7]   ; 7.551  ; 7.439  ; 7.904  ; 7.784  ;
; B[7]       ; V_flag      ; 8.679  ; 8.660  ; 9.018  ; 8.994  ;
; B[7]       ; Z_flag      ; 8.520  ; 8.539  ; 8.860  ; 8.878  ;
+------------+-------------+--------+--------+--------+--------+


+----------------------------------------------------------+
; Minimum Propagation Delay                                ;
+------------+-------------+-------+-------+-------+-------+
; Input Port ; Output Port ; RR    ; RF    ; FR    ; FF    ;
+------------+-------------+-------+-------+-------+-------+
; A[0]       ; C_flag      ; 7.421 ; 7.293 ; 7.718 ; 7.614 ;
; A[0]       ; N_flag      ; 7.599 ; 7.489 ; 7.990 ; 7.856 ;
; A[0]       ; Result[0]   ; 7.117 ; 7.005 ; 7.477 ; 7.337 ;
; A[0]       ; Result[1]   ; 7.053 ; 6.947 ; 7.444 ; 7.314 ;
; A[0]       ; Result[2]   ; 7.145 ; 7.013 ; 7.442 ; 7.334 ;
; A[0]       ; Result[3]   ; 7.241 ; 7.147 ; 7.632 ; 7.514 ;
; A[0]       ; Result[4]   ; 7.326 ; 7.223 ; 7.623 ; 7.544 ;
; A[0]       ; Result[5]   ; 7.361 ; 7.267 ; 7.752 ; 7.634 ;
; A[0]       ; Result[6]   ; 7.490 ; 7.376 ; 7.787 ; 7.697 ;
; A[0]       ; Result[7]   ; 7.608 ; 7.500 ; 7.999 ; 7.867 ;
; A[0]       ; V_flag      ; 9.087 ; 9.071 ; 9.372 ; 9.380 ;
; A[0]       ; Z_flag      ; 8.219 ; 8.168 ; 8.515 ; 8.524 ;
; A[1]       ; C_flag      ; 7.038 ; 6.910 ; 7.354 ; 7.250 ;
; A[1]       ; N_flag      ; 7.216 ; 7.106 ; 7.626 ; 7.492 ;
; A[1]       ; Result[1]   ; 6.508 ; 6.402 ; 6.870 ; 6.731 ;
; A[1]       ; Result[2]   ; 6.762 ; 6.630 ; 7.078 ; 6.970 ;
; A[1]       ; Result[3]   ; 6.858 ; 6.764 ; 7.268 ; 7.150 ;
; A[1]       ; Result[4]   ; 6.943 ; 6.840 ; 7.259 ; 7.180 ;
; A[1]       ; Result[5]   ; 6.978 ; 6.884 ; 7.388 ; 7.270 ;
; A[1]       ; Result[6]   ; 7.107 ; 6.993 ; 7.423 ; 7.333 ;
; A[1]       ; Result[7]   ; 7.225 ; 7.117 ; 7.635 ; 7.503 ;
; A[1]       ; V_flag      ; 8.850 ; 8.846 ; 9.155 ; 9.130 ;
; A[1]       ; Z_flag      ; 8.157 ; 8.124 ; 8.476 ; 8.471 ;
; A[2]       ; C_flag      ; 6.984 ; 6.856 ; 7.289 ; 7.185 ;
; A[2]       ; N_flag      ; 7.162 ; 7.052 ; 7.561 ; 7.427 ;
; A[2]       ; Result[2]   ; 6.466 ; 6.355 ; 6.834 ; 6.695 ;
; A[2]       ; Result[3]   ; 6.804 ; 6.710 ; 7.203 ; 7.085 ;
; A[2]       ; Result[4]   ; 6.889 ; 6.786 ; 7.194 ; 7.115 ;
; A[2]       ; Result[5]   ; 6.924 ; 6.830 ; 7.323 ; 7.205 ;
; A[2]       ; Result[6]   ; 7.053 ; 6.939 ; 7.358 ; 7.268 ;
; A[2]       ; Result[7]   ; 7.171 ; 7.063 ; 7.570 ; 7.438 ;
; A[2]       ; V_flag      ; 8.739 ; 8.734 ; 9.087 ; 9.062 ;
; A[2]       ; Z_flag      ; 8.296 ; 8.302 ; 8.628 ; 8.670 ;
; A[3]       ; C_flag      ; 7.190 ; 7.062 ; 7.486 ; 7.382 ;
; A[3]       ; N_flag      ; 7.368 ; 7.258 ; 7.758 ; 7.624 ;
; A[3]       ; Result[3]   ; 6.848 ; 6.754 ; 7.190 ; 7.063 ;
; A[3]       ; Result[4]   ; 7.095 ; 6.992 ; 7.391 ; 7.312 ;
; A[3]       ; Result[5]   ; 7.130 ; 7.036 ; 7.520 ; 7.402 ;
; A[3]       ; Result[6]   ; 7.259 ; 7.145 ; 7.555 ; 7.465 ;
; A[3]       ; Result[7]   ; 7.377 ; 7.269 ; 7.767 ; 7.635 ;
; A[3]       ; V_flag      ; 8.858 ; 8.842 ; 9.151 ; 9.159 ;
; A[3]       ; Z_flag      ; 8.589 ; 8.580 ; 8.937 ; 8.952 ;
; A[4]       ; C_flag      ; 6.916 ; 6.788 ; 7.196 ; 7.092 ;
; A[4]       ; N_flag      ; 7.094 ; 6.984 ; 7.468 ; 7.334 ;
; A[4]       ; Result[4]   ; 6.579 ; 6.497 ; 6.922 ; 6.812 ;
; A[4]       ; Result[5]   ; 6.856 ; 6.762 ; 7.230 ; 7.112 ;
; A[4]       ; Result[6]   ; 6.985 ; 6.871 ; 7.265 ; 7.175 ;
; A[4]       ; Result[7]   ; 7.103 ; 6.995 ; 7.477 ; 7.345 ;
; A[4]       ; V_flag      ; 8.590 ; 8.586 ; 8.933 ; 8.908 ;
; A[4]       ; Z_flag      ; 8.020 ; 8.011 ; 8.355 ; 8.379 ;
; A[5]       ; C_flag      ; 6.853 ; 6.725 ; 7.159 ; 7.055 ;
; A[5]       ; N_flag      ; 7.031 ; 6.921 ; 7.431 ; 7.297 ;
; A[5]       ; Result[5]   ; 6.632 ; 6.540 ; 6.979 ; 6.851 ;
; A[5]       ; Result[6]   ; 6.922 ; 6.808 ; 7.228 ; 7.138 ;
; A[5]       ; Result[7]   ; 7.040 ; 6.932 ; 7.440 ; 7.308 ;
; A[5]       ; V_flag      ; 8.504 ; 8.488 ; 8.801 ; 8.809 ;
; A[5]       ; Z_flag      ; 8.210 ; 8.204 ; 8.521 ; 8.544 ;
; A[6]       ; C_flag      ; 6.784 ; 6.656 ; 7.089 ; 6.985 ;
; A[6]       ; N_flag      ; 6.962 ; 6.852 ; 7.361 ; 7.227 ;
; A[6]       ; Result[6]   ; 6.611 ; 6.519 ; 6.969 ; 6.848 ;
; A[6]       ; Result[7]   ; 6.971 ; 6.863 ; 7.370 ; 7.238 ;
; A[6]       ; V_flag      ; 8.587 ; 8.571 ; 8.881 ; 8.889 ;
; A[6]       ; Z_flag      ; 8.124 ; 8.118 ; 8.443 ; 8.473 ;
; A[7]       ; C_flag      ; 6.790 ; 6.662 ; 7.099 ; 6.995 ;
; A[7]       ; N_flag      ; 6.806 ; 6.696 ; 7.161 ; 7.018 ;
; A[7]       ; Result[7]   ; 6.815 ; 6.707 ; 7.170 ; 7.029 ;
; A[7]       ; V_flag      ; 7.799 ; 7.766 ; 8.135 ; 8.120 ;
; A[7]       ; Z_flag      ; 8.220 ; 8.217 ; 8.527 ; 8.555 ;
; ALU_Sel[0] ; C_flag      ; 6.549 ; 6.443 ; 6.928 ; 6.793 ;
; ALU_Sel[0] ; N_flag      ; 7.183 ; 7.069 ; 7.532 ; 7.424 ;
; ALU_Sel[0] ; Result[0]   ; 7.126 ; 6.993 ; 7.464 ; 7.355 ;
; ALU_Sel[0] ; Result[1]   ; 6.820 ; 6.714 ; 7.252 ; 7.122 ;
; ALU_Sel[0] ; Result[2]   ; 6.912 ; 6.780 ; 7.250 ; 7.142 ;
; ALU_Sel[0] ; Result[3]   ; 7.008 ; 6.914 ; 7.366 ; 7.274 ;
; ALU_Sel[0] ; Result[4]   ; 7.093 ; 6.990 ; 7.431 ; 7.352 ;
; ALU_Sel[0] ; Result[5]   ; 7.042 ; 6.937 ; 7.393 ; 7.299 ;
; ALU_Sel[0] ; Result[6]   ; 7.257 ; 7.143 ; 7.595 ; 7.505 ;
; ALU_Sel[0] ; Result[7]   ; 7.192 ; 7.080 ; 7.541 ; 7.435 ;
; ALU_Sel[0] ; V_flag      ; 7.332 ; 7.284 ; 7.675 ; 7.621 ;
; ALU_Sel[0] ; Z_flag      ; 8.284 ; 7.560 ; 7.912 ; 8.608 ;
; ALU_Sel[1] ; C_flag      ;       ; 5.866 ; 6.331 ;       ;
; ALU_Sel[1] ; N_flag      ;       ; 6.147 ; 6.613 ;       ;
; ALU_Sel[1] ; Result[0]   ;       ; 6.191 ; 6.663 ;       ;
; ALU_Sel[1] ; Result[1]   ;       ; 5.868 ; 6.339 ;       ;
; ALU_Sel[1] ; Result[2]   ;       ; 5.883 ; 6.349 ;       ;
; ALU_Sel[1] ; Result[3]   ;       ; 5.651 ; 6.141 ;       ;
; ALU_Sel[1] ; Result[4]   ;       ; 5.673 ; 6.152 ;       ;
; ALU_Sel[1] ; Result[5]   ;       ; 5.670 ; 6.163 ;       ;
; ALU_Sel[1] ; Result[6]   ;       ; 5.711 ; 6.197 ;       ;
; ALU_Sel[1] ; Result[7]   ;       ; 6.158 ; 6.622 ;       ;
; ALU_Sel[1] ; V_flag      ;       ; 7.415 ; 7.807 ;       ;
; ALU_Sel[1] ; Z_flag      ;       ; 7.726 ; 8.061 ;       ;
; B[0]       ; C_flag      ; 7.731 ; 7.606 ; 8.053 ; 7.949 ;
; B[0]       ; N_flag      ; 7.912 ; 7.802 ; 8.263 ; 8.153 ;
; B[0]       ; Result[0]   ; 7.430 ; 7.319 ; 7.781 ; 7.662 ;
; B[0]       ; Result[1]   ; 7.366 ; 7.260 ; 7.717 ; 7.611 ;
; B[0]       ; Result[2]   ; 7.455 ; 7.326 ; 7.777 ; 7.669 ;
; B[0]       ; Result[3]   ; 7.554 ; 7.460 ; 7.905 ; 7.811 ;
; B[0]       ; Result[4]   ; 7.636 ; 7.536 ; 7.958 ; 7.879 ;
; B[0]       ; Result[5]   ; 7.674 ; 7.580 ; 8.025 ; 7.931 ;
; B[0]       ; Result[6]   ; 7.800 ; 7.689 ; 8.122 ; 8.032 ;
; B[0]       ; Result[7]   ; 7.921 ; 7.813 ; 8.272 ; 8.164 ;
; B[0]       ; V_flag      ; 9.036 ; 9.032 ; 9.356 ; 9.331 ;
; B[0]       ; Z_flag      ; 8.121 ; 8.074 ; 8.418 ; 8.420 ;
; B[1]       ; C_flag      ; 7.487 ; 7.359 ; 7.818 ; 7.703 ;
; B[1]       ; N_flag      ; 7.665 ; 7.555 ; 8.009 ; 7.899 ;
; B[1]       ; Result[1]   ; 6.958 ; 6.854 ; 7.302 ; 7.190 ;
; B[1]       ; Result[2]   ; 7.211 ; 7.079 ; 7.542 ; 7.423 ;
; B[1]       ; Result[3]   ; 7.307 ; 7.213 ; 7.651 ; 7.557 ;
; B[1]       ; Result[4]   ; 7.392 ; 7.289 ; 7.723 ; 7.633 ;
; B[1]       ; Result[5]   ; 7.427 ; 7.333 ; 7.771 ; 7.677 ;
; B[1]       ; Result[6]   ; 7.556 ; 7.442 ; 7.887 ; 7.786 ;
; B[1]       ; Result[7]   ; 7.674 ; 7.566 ; 8.018 ; 7.910 ;
; B[1]       ; V_flag      ; 8.817 ; 8.825 ; 9.197 ; 9.172 ;
; B[1]       ; Z_flag      ; 8.202 ; 8.168 ; 8.508 ; 8.503 ;
; B[2]       ; C_flag      ; 7.150 ; 7.046 ; 7.513 ; 7.388 ;
; B[2]       ; N_flag      ; 7.359 ; 7.249 ; 7.694 ; 7.584 ;
; B[2]       ; Result[2]   ; 6.663 ; 6.546 ; 6.998 ; 6.888 ;
; B[2]       ; Result[3]   ; 7.001 ; 6.907 ; 7.336 ; 7.242 ;
; B[2]       ; Result[4]   ; 7.055 ; 6.976 ; 7.418 ; 7.318 ;
; B[2]       ; Result[5]   ; 7.121 ; 7.027 ; 7.456 ; 7.362 ;
; B[2]       ; Result[6]   ; 7.219 ; 7.129 ; 7.582 ; 7.471 ;
; B[2]       ; Result[7]   ; 7.368 ; 7.260 ; 7.703 ; 7.595 ;
; B[2]       ; V_flag      ; 8.777 ; 8.773 ; 9.108 ; 9.083 ;
; B[2]       ; Z_flag      ; 8.331 ; 8.339 ; 8.654 ; 8.695 ;
; B[3]       ; C_flag      ; 7.362 ; 7.234 ; 7.705 ; 7.591 ;
; B[3]       ; N_flag      ; 7.540 ; 7.430 ; 7.897 ; 7.787 ;
; B[3]       ; Result[3]   ; 7.021 ; 6.929 ; 7.378 ; 7.277 ;
; B[3]       ; Result[4]   ; 7.267 ; 7.164 ; 7.610 ; 7.521 ;
; B[3]       ; Result[5]   ; 7.302 ; 7.208 ; 7.659 ; 7.565 ;
; B[3]       ; Result[6]   ; 7.431 ; 7.317 ; 7.774 ; 7.674 ;
; B[3]       ; Result[7]   ; 7.549 ; 7.441 ; 7.906 ; 7.798 ;
; B[3]       ; V_flag      ; 8.464 ; 8.472 ; 8.886 ; 8.870 ;
; B[3]       ; Z_flag      ; 8.329 ; 8.320 ; 8.702 ; 8.717 ;
; B[4]       ; C_flag      ; 7.705 ; 7.601 ; 8.068 ; 7.963 ;
; B[4]       ; N_flag      ; 7.934 ; 7.824 ; 8.269 ; 8.159 ;
; B[4]       ; Result[4]   ; 7.419 ; 7.311 ; 7.754 ; 7.673 ;
; B[4]       ; Result[5]   ; 7.696 ; 7.602 ; 8.031 ; 7.937 ;
; B[4]       ; Result[6]   ; 7.774 ; 7.684 ; 8.137 ; 8.046 ;
; B[4]       ; Result[7]   ; 7.943 ; 7.835 ; 8.278 ; 8.170 ;
; B[4]       ; V_flag      ; 8.936 ; 8.932 ; 9.283 ; 9.258 ;
; B[4]       ; Z_flag      ; 8.369 ; 8.358 ; 8.700 ; 8.725 ;
; B[5]       ; C_flag      ; 7.571 ; 7.443 ; 7.889 ; 7.785 ;
; B[5]       ; N_flag      ; 7.749 ; 7.639 ; 8.093 ; 7.983 ;
; B[5]       ; Result[5]   ; 7.349 ; 7.255 ; 7.693 ; 7.586 ;
; B[5]       ; Result[6]   ; 7.640 ; 7.526 ; 7.958 ; 7.868 ;
; B[5]       ; Result[7]   ; 7.758 ; 7.650 ; 8.102 ; 7.994 ;
; B[5]       ; V_flag      ; 8.826 ; 8.834 ; 9.229 ; 9.204 ;
; B[5]       ; Z_flag      ; 8.440 ; 8.435 ; 8.774 ; 8.797 ;
; B[6]       ; C_flag      ; 7.285 ; 7.181 ; 7.647 ; 7.543 ;
; B[6]       ; N_flag      ; 7.554 ; 7.423 ; 7.888 ; 7.778 ;
; B[6]       ; Result[6]   ; 7.175 ; 7.054 ; 7.537 ; 7.416 ;
; B[6]       ; Result[7]   ; 7.563 ; 7.434 ; 7.897 ; 7.789 ;
; B[6]       ; V_flag      ; 8.374 ; 8.382 ; 8.751 ; 8.726 ;
; B[6]       ; Z_flag      ; 7.941 ; 7.937 ; 8.264 ; 8.293 ;
; B[7]       ; C_flag      ; 7.260 ; 7.141 ; 7.599 ; 7.486 ;
; B[7]       ; N_flag      ; 7.286 ; 7.174 ; 7.631 ; 7.513 ;
; B[7]       ; Result[7]   ; 7.295 ; 7.185 ; 7.640 ; 7.524 ;
; B[7]       ; V_flag      ; 7.705 ; 7.682 ; 8.044 ; 8.015 ;
; B[7]       ; Z_flag      ; 8.277 ; 8.282 ; 8.602 ; 8.621 ;
+------------+-------------+-------+-------+-------+-------+


---------------------------------------------
; Slow 1200mV 0C Model Metastability Report ;
---------------------------------------------
No synchronizer chains to report.


--------------------------------------
; Fast 1200mV 0C Model Setup Summary ;
--------------------------------------
No paths to report.


-------------------------------------
; Fast 1200mV 0C Model Hold Summary ;
-------------------------------------
No paths to report.


-----------------------------------------
; Fast 1200mV 0C Model Recovery Summary ;
-----------------------------------------
No paths to report.


----------------------------------------
; Fast 1200mV 0C Model Removal Summary ;
----------------------------------------
No paths to report.


----------------------------------------------------
; Fast 1200mV 0C Model Minimum Pulse Width Summary ;
----------------------------------------------------
No paths to report.


+----------------------------------------------------------+
; Propagation Delay                                        ;
+------------+-------------+-------+-------+-------+-------+
; Input Port ; Output Port ; RR    ; RF    ; FR    ; FF    ;
+------------+-------------+-------+-------+-------+-------+
; A[0]       ; C_flag      ; 4.830 ; 4.866 ; 5.462 ; 5.523 ;
; A[0]       ; N_flag      ; 4.924 ; 5.008 ; 5.666 ; 5.725 ;
; A[0]       ; Result[0]   ; 4.558 ; 4.674 ; 5.217 ; 5.251 ;
; A[0]       ; Result[1]   ; 4.545 ; 4.615 ; 5.287 ; 5.332 ;
; A[0]       ; Result[2]   ; 4.642 ; 4.682 ; 5.274 ; 5.339 ;
; A[0]       ; Result[3]   ; 4.670 ; 4.749 ; 5.412 ; 5.466 ;
; A[0]       ; Result[4]   ; 4.757 ; 4.814 ; 5.389 ; 5.471 ;
; A[0]       ; Result[5]   ; 4.759 ; 4.836 ; 5.501 ; 5.553 ;
; A[0]       ; Result[6]   ; 4.866 ; 4.924 ; 5.498 ; 5.581 ;
; A[0]       ; Result[7]   ; 4.934 ; 5.019 ; 5.676 ; 5.736 ;
; A[0]       ; V_flag      ; 6.145 ; 6.278 ; 6.662 ; 6.805 ;
; A[0]       ; Z_flag      ; 6.369 ; 6.575 ; 6.888 ; 7.088 ;
; A[1]       ; C_flag      ; 4.667 ; 4.703 ; 5.162 ; 5.223 ;
; A[1]       ; N_flag      ; 4.761 ; 4.845 ; 5.366 ; 5.425 ;
; A[1]       ; Result[1]   ; 4.198 ; 4.236 ; 4.795 ; 4.850 ;
; A[1]       ; Result[2]   ; 4.479 ; 4.519 ; 4.974 ; 5.039 ;
; A[1]       ; Result[3]   ; 4.507 ; 4.586 ; 5.112 ; 5.166 ;
; A[1]       ; Result[4]   ; 4.594 ; 4.651 ; 5.089 ; 5.171 ;
; A[1]       ; Result[5]   ; 4.596 ; 4.673 ; 5.201 ; 5.253 ;
; A[1]       ; Result[6]   ; 4.703 ; 4.761 ; 5.198 ; 5.281 ;
; A[1]       ; Result[7]   ; 4.771 ; 4.856 ; 5.376 ; 5.436 ;
; A[1]       ; V_flag      ; 6.207 ; 6.335 ; 6.880 ; 6.999 ;
; A[1]       ; Z_flag      ; 6.431 ; 6.637 ; 7.106 ; 7.306 ;
; A[2]       ; C_flag      ; 4.550 ; 4.586 ; 5.153 ; 5.214 ;
; A[2]       ; N_flag      ; 4.644 ; 4.728 ; 5.357 ; 5.416 ;
; A[2]       ; Result[2]   ; 4.145 ; 4.235 ; 4.775 ; 4.783 ;
; A[2]       ; Result[3]   ; 4.390 ; 4.469 ; 5.103 ; 5.157 ;
; A[2]       ; Result[4]   ; 4.477 ; 4.534 ; 5.080 ; 5.162 ;
; A[2]       ; Result[5]   ; 4.479 ; 4.556 ; 5.192 ; 5.244 ;
; A[2]       ; Result[6]   ; 4.586 ; 4.644 ; 5.189 ; 5.272 ;
; A[2]       ; Result[7]   ; 4.654 ; 4.739 ; 5.367 ; 5.427 ;
; A[2]       ; V_flag      ; 5.951 ; 6.079 ; 6.447 ; 6.566 ;
; A[2]       ; Z_flag      ; 6.175 ; 6.381 ; 6.673 ; 6.873 ;
; A[3]       ; C_flag      ; 4.760 ; 4.796 ; 5.261 ; 5.322 ;
; A[3]       ; N_flag      ; 4.854 ; 4.938 ; 5.465 ; 5.524 ;
; A[3]       ; Result[3]   ; 4.416 ; 4.463 ; 5.019 ; 5.083 ;
; A[3]       ; Result[4]   ; 4.687 ; 4.744 ; 5.188 ; 5.270 ;
; A[3]       ; Result[5]   ; 4.689 ; 4.766 ; 5.300 ; 5.352 ;
; A[3]       ; Result[6]   ; 4.796 ; 4.854 ; 5.297 ; 5.380 ;
; A[3]       ; Result[7]   ; 4.864 ; 4.949 ; 5.475 ; 5.535 ;
; A[3]       ; V_flag      ; 5.946 ; 6.119 ; 6.599 ; 6.772 ;
; A[3]       ; Z_flag      ; 6.149 ; 6.355 ; 6.796 ; 6.996 ;
; A[4]       ; C_flag      ; 4.494 ; 4.530 ; 5.098 ; 5.159 ;
; A[4]       ; N_flag      ; 4.588 ; 4.672 ; 5.302 ; 5.361 ;
; A[4]       ; Result[4]   ; 4.204 ; 4.311 ; 4.835 ; 4.860 ;
; A[4]       ; Result[5]   ; 4.423 ; 4.500 ; 5.137 ; 5.189 ;
; A[4]       ; Result[6]   ; 4.530 ; 4.588 ; 5.134 ; 5.217 ;
; A[4]       ; Result[7]   ; 4.598 ; 4.683 ; 5.312 ; 5.372 ;
; A[4]       ; V_flag      ; 5.905 ; 6.033 ; 6.421 ; 6.540 ;
; A[4]       ; Z_flag      ; 6.129 ; 6.335 ; 6.645 ; 6.826 ;
; A[5]       ; C_flag      ; 4.541 ; 4.577 ; 5.018 ; 5.079 ;
; A[5]       ; N_flag      ; 4.635 ; 4.719 ; 5.222 ; 5.281 ;
; A[5]       ; Result[5]   ; 4.286 ; 4.331 ; 4.864 ; 4.931 ;
; A[5]       ; Result[6]   ; 4.577 ; 4.635 ; 5.054 ; 5.137 ;
; A[5]       ; Result[7]   ; 4.645 ; 4.730 ; 5.232 ; 5.292 ;
; A[5]       ; V_flag      ; 5.735 ; 5.908 ; 6.378 ; 6.551 ;
; A[5]       ; Z_flag      ; 5.750 ; 5.910 ; 6.294 ; 6.527 ;
; A[6]       ; C_flag      ; 4.397 ; 4.433 ; 5.009 ; 5.070 ;
; A[6]       ; N_flag      ; 4.491 ; 4.575 ; 5.213 ; 5.272 ;
; A[6]       ; Result[6]   ; 4.215 ; 4.324 ; 4.854 ; 4.875 ;
; A[6]       ; Result[7]   ; 4.501 ; 4.586 ; 5.223 ; 5.283 ;
; A[6]       ; V_flag      ; 5.816 ; 5.944 ; 6.313 ; 6.432 ;
; A[6]       ; Z_flag      ; 5.759 ; 5.938 ; 6.256 ; 6.410 ;
; A[7]       ; C_flag      ; 4.472 ; 4.508 ; 4.966 ; 5.027 ;
; A[7]       ; N_flag      ; 4.382 ; 4.434 ; 4.978 ; 5.047 ;
; A[7]       ; Result[7]   ; 4.392 ; 4.445 ; 4.988 ; 5.058 ;
; A[7]       ; V_flag      ; 5.554 ; 5.673 ; 6.127 ; 6.273 ;
; A[7]       ; Z_flag      ; 5.497 ; 5.647 ; 6.070 ; 6.267 ;
; ALU_Sel[0] ; C_flag      ; 5.006 ; 5.067 ; 5.599 ; 5.660 ;
; ALU_Sel[0] ; N_flag      ; 5.210 ; 5.269 ; 5.803 ; 5.862 ;
; ALU_Sel[0] ; Result[0]   ; 4.721 ; 4.787 ; 5.324 ; 5.353 ;
; ALU_Sel[0] ; Result[1]   ; 4.787 ; 4.832 ; 5.395 ; 5.440 ;
; ALU_Sel[0] ; Result[2]   ; 4.774 ; 4.839 ; 5.382 ; 5.447 ;
; ALU_Sel[0] ; Result[3]   ; 4.938 ; 4.992 ; 5.549 ; 5.603 ;
; ALU_Sel[0] ; Result[4]   ; 4.915 ; 4.997 ; 5.526 ; 5.608 ;
; ALU_Sel[0] ; Result[5]   ; 5.045 ; 5.097 ; 5.638 ; 5.690 ;
; ALU_Sel[0] ; Result[6]   ; 5.042 ; 5.125 ; 5.635 ; 5.718 ;
; ALU_Sel[0] ; Result[7]   ; 5.220 ; 5.280 ; 5.813 ; 5.873 ;
; ALU_Sel[0] ; V_flag      ; 4.810 ; 4.943 ; 5.402 ; 5.528 ;
; ALU_Sel[0] ; Z_flag      ; 5.369 ; 5.118 ; 5.526 ; 6.167 ;
; ALU_Sel[1] ; C_flag      ;       ; 3.871 ; 4.452 ;       ;
; ALU_Sel[1] ; N_flag      ;       ; 4.083 ; 4.634 ;       ;
; ALU_Sel[1] ; Result[0]   ;       ; 4.123 ; 4.673 ;       ;
; ALU_Sel[1] ; Result[1]   ;       ; 3.881 ; 4.455 ;       ;
; ALU_Sel[1] ; Result[2]   ;       ; 3.895 ; 4.466 ;       ;
; ALU_Sel[1] ; Result[3]   ;       ; 3.735 ; 4.303 ;       ;
; ALU_Sel[1] ; Result[4]   ;       ; 3.747 ; 4.310 ;       ;
; ALU_Sel[1] ; Result[5]   ;       ; 3.750 ; 4.320 ;       ;
; ALU_Sel[1] ; Result[6]   ;       ; 3.777 ; 4.342 ;       ;
; ALU_Sel[1] ; Result[7]   ;       ; 4.094 ; 4.644 ;       ;
; ALU_Sel[1] ; V_flag      ;       ; 5.067 ; 5.522 ;       ;
; ALU_Sel[1] ; Z_flag      ;       ; 5.552 ; 5.939 ;       ;
; B[0]       ; C_flag      ; 5.112 ; 5.173 ; 5.723 ; 5.784 ;
; B[0]       ; N_flag      ; 5.316 ; 5.375 ; 5.927 ; 5.986 ;
; B[0]       ; Result[0]   ; 4.866 ; 4.895 ; 5.477 ; 5.513 ;
; B[0]       ; Result[1]   ; 4.937 ; 4.982 ; 5.548 ; 5.593 ;
; B[0]       ; Result[2]   ; 4.924 ; 4.989 ; 5.535 ; 5.600 ;
; B[0]       ; Result[3]   ; 5.062 ; 5.116 ; 5.673 ; 5.727 ;
; B[0]       ; Result[4]   ; 5.039 ; 5.121 ; 5.650 ; 5.732 ;
; B[0]       ; Result[5]   ; 5.151 ; 5.203 ; 5.762 ; 5.814 ;
; B[0]       ; Result[6]   ; 5.148 ; 5.231 ; 5.759 ; 5.842 ;
; B[0]       ; Result[7]   ; 5.326 ; 5.386 ; 5.937 ; 5.997 ;
; B[0]       ; V_flag      ; 6.058 ; 6.231 ; 6.758 ; 6.886 ;
; B[0]       ; Z_flag      ; 6.280 ; 6.480 ; 6.982 ; 7.188 ;
; B[1]       ; C_flag      ; 4.977 ; 5.013 ; 5.583 ; 5.619 ;
; B[1]       ; N_flag      ; 5.111 ; 5.170 ; 5.704 ; 5.763 ;
; B[1]       ; Result[1]   ; 4.539 ; 4.599 ; 5.132 ; 5.192 ;
; B[1]       ; Result[2]   ; 4.789 ; 4.829 ; 5.395 ; 5.435 ;
; B[1]       ; Result[3]   ; 4.857 ; 4.911 ; 5.450 ; 5.504 ;
; B[1]       ; Result[4]   ; 4.904 ; 4.961 ; 5.510 ; 5.567 ;
; B[1]       ; Result[5]   ; 4.946 ; 4.998 ; 5.539 ; 5.591 ;
; B[1]       ; Result[6]   ; 5.013 ; 5.071 ; 5.619 ; 5.677 ;
; B[1]       ; Result[7]   ; 5.121 ; 5.181 ; 5.714 ; 5.774 ;
; B[1]       ; V_flag      ; 5.981 ; 6.100 ; 6.546 ; 6.698 ;
; B[1]       ; Z_flag      ; 6.207 ; 6.407 ; 6.770 ; 6.976 ;
; B[2]       ; C_flag      ; 4.716 ; 4.777 ; 5.284 ; 5.345 ;
; B[2]       ; N_flag      ; 4.920 ; 4.979 ; 5.488 ; 5.547 ;
; B[2]       ; Result[2]   ; 4.337 ; 4.352 ; 4.905 ; 4.908 ;
; B[2]       ; Result[3]   ; 4.666 ; 4.720 ; 5.234 ; 5.288 ;
; B[2]       ; Result[4]   ; 4.643 ; 4.725 ; 5.211 ; 5.293 ;
; B[2]       ; Result[5]   ; 4.755 ; 4.807 ; 5.323 ; 5.375 ;
; B[2]       ; Result[6]   ; 4.752 ; 4.835 ; 5.320 ; 5.403 ;
; B[2]       ; Result[7]   ; 4.930 ; 4.990 ; 5.498 ; 5.558 ;
; B[2]       ; V_flag      ; 5.885 ; 6.054 ; 6.587 ; 6.715 ;
; B[2]       ; Z_flag      ; 6.111 ; 6.311 ; 6.811 ; 7.017 ;
; B[3]       ; C_flag      ; 4.898 ; 4.934 ; 5.499 ; 5.535 ;
; B[3]       ; N_flag      ; 5.032 ; 5.091 ; 5.620 ; 5.679 ;
; B[3]       ; Result[3]   ; 4.585 ; 4.654 ; 5.173 ; 5.242 ;
; B[3]       ; Result[4]   ; 4.825 ; 4.882 ; 5.426 ; 5.483 ;
; B[3]       ; Result[5]   ; 4.867 ; 4.919 ; 5.455 ; 5.507 ;
; B[3]       ; Result[6]   ; 4.934 ; 4.992 ; 5.535 ; 5.593 ;
; B[3]       ; Result[7]   ; 5.042 ; 5.102 ; 5.630 ; 5.690 ;
; B[3]       ; V_flag      ; 5.780 ; 5.953 ; 6.420 ; 6.593 ;
; B[3]       ; Z_flag      ; 5.982 ; 6.182 ; 6.530 ; 6.736 ;
; B[4]       ; C_flag      ; 5.088 ; 5.149 ; 5.715 ; 5.776 ;
; B[4]       ; N_flag      ; 5.292 ; 5.351 ; 5.919 ; 5.978 ;
; B[4]       ; Result[4]   ; 4.824 ; 4.844 ; 5.451 ; 5.471 ;
; B[4]       ; Result[5]   ; 5.127 ; 5.179 ; 5.754 ; 5.806 ;
; B[4]       ; Result[6]   ; 5.124 ; 5.207 ; 5.751 ; 5.834 ;
; B[4]       ; Result[7]   ; 5.302 ; 5.362 ; 5.929 ; 5.989 ;
; B[4]       ; V_flag      ; 5.993 ; 6.166 ; 6.719 ; 6.847 ;
; B[4]       ; Z_flag      ; 6.215 ; 6.396 ; 6.943 ; 7.149 ;
; B[5]       ; C_flag      ; 5.010 ; 5.046 ; 5.628 ; 5.664 ;
; B[5]       ; N_flag      ; 5.146 ; 5.205 ; 5.751 ; 5.810 ;
; B[5]       ; Result[5]   ; 4.789 ; 4.851 ; 5.394 ; 5.456 ;
; B[5]       ; Result[6]   ; 5.046 ; 5.104 ; 5.664 ; 5.722 ;
; B[5]       ; Result[7]   ; 5.156 ; 5.216 ; 5.761 ; 5.821 ;
; B[5]       ; V_flag      ; 5.976 ; 6.095 ; 6.559 ; 6.713 ;
; B[5]       ; Z_flag      ; 5.984 ; 6.190 ; 6.616 ; 6.796 ;
; B[6]       ; C_flag      ; 4.827 ; 4.888 ; 5.397 ; 5.458 ;
; B[6]       ; N_flag      ; 5.031 ; 5.090 ; 5.601 ; 5.660 ;
; B[6]       ; Result[6]   ; 4.673 ; 4.699 ; 5.243 ; 5.269 ;
; B[6]       ; Result[7]   ; 5.041 ; 5.101 ; 5.611 ; 5.671 ;
; B[6]       ; V_flag      ; 5.644 ; 5.817 ; 6.296 ; 6.424 ;
; B[6]       ; Z_flag      ; 5.561 ; 5.735 ; 6.239 ; 6.418 ;
; B[7]       ; C_flag      ; 4.779 ; 4.815 ; 5.383 ; 5.419 ;
; B[7]       ; N_flag      ; 4.708 ; 4.782 ; 5.305 ; 5.379 ;
; B[7]       ; Result[7]   ; 4.718 ; 4.793 ; 5.315 ; 5.390 ;
; B[7]       ; V_flag      ; 5.486 ; 5.659 ; 6.085 ; 6.258 ;
; B[7]       ; Z_flag      ; 5.387 ; 5.571 ; 5.982 ; 6.177 ;
+------------+-------------+-------+-------+-------+-------+


+----------------------------------------------------------+
; Minimum Propagation Delay                                ;
+------------+-------------+-------+-------+-------+-------+
; Input Port ; Output Port ; RR    ; RF    ; FR    ; FF    ;
+------------+-------------+-------+-------+-------+-------+
; A[0]       ; C_flag      ; 4.635 ; 4.675 ; 5.212 ; 5.267 ;
; A[0]       ; N_flag      ; 4.747 ; 4.825 ; 5.384 ; 5.447 ;
; A[0]       ; Result[0]   ; 4.435 ; 4.510 ; 5.048 ; 5.107 ;
; A[0]       ; Result[1]   ; 4.381 ; 4.446 ; 5.018 ; 5.068 ;
; A[0]       ; Result[2]   ; 4.452 ; 4.498 ; 5.029 ; 5.090 ;
; A[0]       ; Result[3]   ; 4.502 ; 4.575 ; 5.139 ; 5.197 ;
; A[0]       ; Result[4]   ; 4.563 ; 4.623 ; 5.140 ; 5.215 ;
; A[0]       ; Result[5]   ; 4.589 ; 4.660 ; 5.226 ; 5.282 ;
; A[0]       ; Result[6]   ; 4.670 ; 4.731 ; 5.247 ; 5.323 ;
; A[0]       ; Result[7]   ; 4.757 ; 4.835 ; 5.394 ; 5.457 ;
; A[0]       ; V_flag      ; 5.760 ; 5.925 ; 6.336 ; 6.507 ;
; A[0]       ; Z_flag      ; 5.193 ; 5.323 ; 5.774 ; 5.948 ;
; A[1]       ; C_flag      ; 4.410 ; 4.450 ; 4.983 ; 5.038 ;
; A[1]       ; N_flag      ; 4.522 ; 4.600 ; 5.155 ; 5.218 ;
; A[1]       ; Result[1]   ; 4.060 ; 4.119 ; 4.659 ; 4.700 ;
; A[1]       ; Result[2]   ; 4.227 ; 4.273 ; 4.800 ; 4.861 ;
; A[1]       ; Result[3]   ; 4.277 ; 4.350 ; 4.910 ; 4.968 ;
; A[1]       ; Result[4]   ; 4.338 ; 4.398 ; 4.911 ; 4.986 ;
; A[1]       ; Result[5]   ; 4.364 ; 4.435 ; 4.997 ; 5.053 ;
; A[1]       ; Result[6]   ; 4.445 ; 4.506 ; 5.018 ; 5.094 ;
; A[1]       ; Result[7]   ; 4.532 ; 4.610 ; 5.165 ; 5.228 ;
; A[1]       ; V_flag      ; 5.616 ; 5.763 ; 6.171 ; 6.318 ;
; A[1]       ; Z_flag      ; 5.176 ; 5.308 ; 5.751 ; 5.899 ;
; A[2]       ; C_flag      ; 4.365 ; 4.405 ; 4.915 ; 4.970 ;
; A[2]       ; N_flag      ; 4.477 ; 4.555 ; 5.087 ; 5.150 ;
; A[2]       ; Result[2]   ; 4.037 ; 4.089 ; 4.623 ; 4.659 ;
; A[2]       ; Result[3]   ; 4.232 ; 4.305 ; 4.842 ; 4.900 ;
; A[2]       ; Result[4]   ; 4.293 ; 4.353 ; 4.843 ; 4.918 ;
; A[2]       ; Result[5]   ; 4.319 ; 4.390 ; 4.929 ; 4.985 ;
; A[2]       ; Result[6]   ; 4.400 ; 4.461 ; 4.950 ; 5.026 ;
; A[2]       ; Result[7]   ; 4.487 ; 4.565 ; 5.097 ; 5.160 ;
; A[2]       ; V_flag      ; 5.557 ; 5.704 ; 6.113 ; 6.260 ;
; A[2]       ; Z_flag      ; 5.278 ; 5.438 ; 5.843 ; 6.022 ;
; A[3]       ; C_flag      ; 4.498 ; 4.538 ; 5.078 ; 5.133 ;
; A[3]       ; N_flag      ; 4.610 ; 4.688 ; 5.250 ; 5.313 ;
; A[3]       ; Result[3]   ; 4.269 ; 4.336 ; 4.875 ; 4.924 ;
; A[3]       ; Result[4]   ; 4.426 ; 4.486 ; 5.006 ; 5.081 ;
; A[3]       ; Result[5]   ; 4.452 ; 4.523 ; 5.092 ; 5.148 ;
; A[3]       ; Result[6]   ; 4.533 ; 4.594 ; 5.113 ; 5.189 ;
; A[3]       ; Result[7]   ; 4.620 ; 4.698 ; 5.260 ; 5.323 ;
; A[3]       ; V_flag      ; 5.618 ; 5.786 ; 6.185 ; 6.358 ;
; A[3]       ; Z_flag      ; 5.440 ; 5.599 ; 6.058 ; 6.232 ;
; A[4]       ; C_flag      ; 4.311 ; 4.351 ; 4.861 ; 4.916 ;
; A[4]       ; N_flag      ; 4.423 ; 4.501 ; 5.033 ; 5.096 ;
; A[4]       ; Result[4]   ; 4.094 ; 4.160 ; 4.680 ; 4.730 ;
; A[4]       ; Result[5]   ; 4.265 ; 4.336 ; 4.875 ; 4.931 ;
; A[4]       ; Result[6]   ; 4.346 ; 4.407 ; 4.896 ; 4.972 ;
; A[4]       ; Result[7]   ; 4.433 ; 4.511 ; 5.043 ; 5.106 ;
; A[4]       ; V_flag      ; 5.468 ; 5.615 ; 6.027 ; 6.174 ;
; A[4]       ; Z_flag      ; 5.111 ; 5.276 ; 5.678 ; 5.861 ;
; A[5]       ; C_flag      ; 4.286 ; 4.326 ; 4.848 ; 4.903 ;
; A[5]       ; N_flag      ; 4.398 ; 4.476 ; 5.020 ; 5.083 ;
; A[5]       ; Result[5]   ; 4.144 ; 4.209 ; 4.734 ; 4.780 ;
; A[5]       ; Result[6]   ; 4.321 ; 4.382 ; 4.883 ; 4.959 ;
; A[5]       ; Result[7]   ; 4.408 ; 4.486 ; 5.030 ; 5.093 ;
; A[5]       ; V_flag      ; 5.399 ; 5.567 ; 5.946 ; 6.119 ;
; A[5]       ; Z_flag      ; 5.197 ; 5.368 ; 5.771 ; 5.958 ;
; A[6]       ; C_flag      ; 4.216 ; 4.256 ; 4.775 ; 4.830 ;
; A[6]       ; N_flag      ; 4.328 ; 4.406 ; 4.947 ; 5.010 ;
; A[6]       ; Result[6]   ; 4.106 ; 4.175 ; 4.691 ; 4.744 ;
; A[6]       ; Result[7]   ; 4.338 ; 4.416 ; 4.957 ; 5.020 ;
; A[6]       ; V_flag      ; 5.434 ; 5.581 ; 5.994 ; 6.148 ;
; A[6]       ; Z_flag      ; 5.140 ; 5.306 ; 5.716 ; 5.901 ;
; A[7]       ; C_flag      ; 4.219 ; 4.259 ; 4.793 ; 4.848 ;
; A[7]       ; N_flag      ; 4.235 ; 4.307 ; 4.835 ; 4.889 ;
; A[7]       ; Result[7]   ; 4.245 ; 4.317 ; 4.845 ; 4.899 ;
; A[7]       ; V_flag      ; 4.962 ; 5.107 ; 5.529 ; 5.689 ;
; A[7]       ; Z_flag      ; 5.195 ; 5.367 ; 5.768 ; 5.957 ;
; ALU_Sel[0] ; C_flag      ; 4.090 ; 4.137 ; 4.703 ; 4.733 ;
; ALU_Sel[0] ; N_flag      ; 4.479 ; 4.551 ; 5.059 ; 5.131 ;
; ALU_Sel[0] ; Result[0]   ; 4.459 ; 4.528 ; 5.042 ; 5.126 ;
; ALU_Sel[0] ; Result[1]   ; 4.260 ; 4.325 ; 4.892 ; 4.951 ;
; ALU_Sel[0] ; Result[2]   ; 4.331 ; 4.377 ; 4.914 ; 4.975 ;
; ALU_Sel[0] ; Result[3]   ; 4.366 ; 4.433 ; 4.946 ; 5.013 ;
; ALU_Sel[0] ; Result[4]   ; 4.442 ; 4.502 ; 5.025 ; 5.100 ;
; ALU_Sel[0] ; Result[5]   ; 4.388 ; 4.453 ; 4.969 ; 5.034 ;
; ALU_Sel[0] ; Result[6]   ; 4.537 ; 4.604 ; 5.121 ; 5.188 ;
; ALU_Sel[0] ; Result[7]   ; 4.489 ; 4.561 ; 5.069 ; 5.141 ;
; ALU_Sel[0] ; V_flag      ; 4.682 ; 4.810 ; 5.266 ; 5.387 ;
; ALU_Sel[0] ; Z_flag      ; 5.219 ; 4.977 ; 5.384 ; 6.001 ;
; ALU_Sel[1] ; C_flag      ;       ; 3.763 ; 4.336 ;       ;
; ALU_Sel[1] ; N_flag      ;       ; 3.968 ; 4.512 ;       ;
; ALU_Sel[1] ; Result[0]   ;       ; 4.006 ; 4.549 ;       ;
; ALU_Sel[1] ; Result[1]   ;       ; 3.774 ; 4.340 ;       ;
; ALU_Sel[1] ; Result[2]   ;       ; 3.788 ; 4.351 ;       ;
; ALU_Sel[1] ; Result[3]   ;       ; 3.649 ; 4.209 ;       ;
; ALU_Sel[1] ; Result[4]   ;       ; 3.661 ; 4.216 ;       ;
; ALU_Sel[1] ; Result[5]   ;       ; 3.664 ; 4.226 ;       ;
; ALU_Sel[1] ; Result[6]   ;       ; 3.690 ; 4.247 ;       ;
; ALU_Sel[1] ; Result[7]   ;       ; 3.978 ; 4.522 ;       ;
; ALU_Sel[1] ; V_flag      ;       ; 4.901 ; 5.363 ;       ;
; ALU_Sel[1] ; Z_flag      ;       ; 5.062 ; 5.484 ;       ;
; B[0]       ; C_flag      ; 4.810 ; 4.850 ; 5.421 ; 5.464 ;
; B[0]       ; N_flag      ; 4.922 ; 5.000 ; 5.536 ; 5.614 ;
; B[0]       ; Result[0]   ; 4.610 ; 4.687 ; 5.224 ; 5.301 ;
; B[0]       ; Result[1]   ; 4.556 ; 4.621 ; 5.170 ; 5.235 ;
; B[0]       ; Result[2]   ; 4.627 ; 4.673 ; 5.238 ; 5.287 ;
; B[0]       ; Result[3]   ; 4.677 ; 4.750 ; 5.291 ; 5.364 ;
; B[0]       ; Result[4]   ; 4.738 ; 4.798 ; 5.349 ; 5.412 ;
; B[0]       ; Result[5]   ; 4.764 ; 4.835 ; 5.378 ; 5.449 ;
; B[0]       ; Result[6]   ; 4.845 ; 4.906 ; 5.456 ; 5.520 ;
; B[0]       ; Result[7]   ; 4.932 ; 5.010 ; 5.546 ; 5.624 ;
; B[0]       ; V_flag      ; 5.732 ; 5.879 ; 6.308 ; 6.455 ;
; B[0]       ; Z_flag      ; 5.147 ; 5.278 ; 5.723 ; 5.891 ;
; B[1]       ; C_flag      ; 4.672 ; 4.712 ; 5.262 ; 5.302 ;
; B[1]       ; N_flag      ; 4.784 ; 4.862 ; 5.374 ; 5.452 ;
; B[1]       ; Result[1]   ; 4.322 ; 4.381 ; 4.912 ; 4.971 ;
; B[1]       ; Result[2]   ; 4.489 ; 4.535 ; 5.079 ; 5.125 ;
; B[1]       ; Result[3]   ; 4.539 ; 4.612 ; 5.129 ; 5.202 ;
; B[1]       ; Result[4]   ; 4.600 ; 4.660 ; 5.190 ; 5.250 ;
; B[1]       ; Result[5]   ; 4.626 ; 4.697 ; 5.216 ; 5.287 ;
; B[1]       ; Result[6]   ; 4.707 ; 4.768 ; 5.297 ; 5.358 ;
; B[1]       ; Result[7]   ; 4.794 ; 4.872 ; 5.384 ; 5.462 ;
; B[1]       ; V_flag      ; 5.603 ; 5.776 ; 6.198 ; 6.345 ;
; B[1]       ; Z_flag      ; 5.200 ; 5.330 ; 5.770 ; 5.916 ;
; B[2]       ; C_flag      ; 4.478 ; 4.518 ; 5.019 ; 5.059 ;
; B[2]       ; N_flag      ; 4.590 ; 4.668 ; 5.131 ; 5.209 ;
; B[2]       ; Result[2]   ; 4.150 ; 4.204 ; 4.691 ; 4.745 ;
; B[2]       ; Result[3]   ; 4.345 ; 4.418 ; 4.886 ; 4.959 ;
; B[2]       ; Result[4]   ; 4.406 ; 4.466 ; 4.947 ; 5.007 ;
; B[2]       ; Result[5]   ; 4.432 ; 4.503 ; 4.973 ; 5.044 ;
; B[2]       ; Result[6]   ; 4.513 ; 4.574 ; 5.054 ; 5.115 ;
; B[2]       ; Result[7]   ; 4.600 ; 4.678 ; 5.141 ; 5.219 ;
; B[2]       ; V_flag      ; 5.563 ; 5.710 ; 6.129 ; 6.276 ;
; B[2]       ; Z_flag      ; 5.284 ; 5.444 ; 5.858 ; 6.036 ;
; B[3]       ; C_flag      ; 4.595 ; 4.635 ; 5.180 ; 5.220 ;
; B[3]       ; N_flag      ; 4.707 ; 4.785 ; 5.292 ; 5.370 ;
; B[3]       ; Result[3]   ; 4.366 ; 4.433 ; 4.951 ; 5.018 ;
; B[3]       ; Result[4]   ; 4.523 ; 4.583 ; 5.108 ; 5.168 ;
; B[3]       ; Result[5]   ; 4.549 ; 4.620 ; 5.134 ; 5.205 ;
; B[3]       ; Result[6]   ; 4.630 ; 4.691 ; 5.215 ; 5.276 ;
; B[3]       ; Result[7]   ; 4.717 ; 4.795 ; 5.302 ; 5.380 ;
; B[3]       ; V_flag      ; 5.385 ; 5.558 ; 5.995 ; 6.163 ;
; B[3]       ; Z_flag      ; 5.280 ; 5.439 ; 5.886 ; 6.060 ;
; B[4]       ; C_flag      ; 4.818 ; 4.858 ; 5.416 ; 5.456 ;
; B[4]       ; N_flag      ; 4.930 ; 5.008 ; 5.528 ; 5.606 ;
; B[4]       ; Result[4]   ; 4.601 ; 4.669 ; 5.199 ; 5.267 ;
; B[4]       ; Result[5]   ; 4.772 ; 4.843 ; 5.370 ; 5.441 ;
; B[4]       ; Result[6]   ; 4.853 ; 4.914 ; 5.451 ; 5.512 ;
; B[4]       ; Result[7]   ; 4.940 ; 5.018 ; 5.538 ; 5.616 ;
; B[4]       ; V_flag      ; 5.669 ; 5.816 ; 6.270 ; 6.417 ;
; B[4]       ; Z_flag      ; 5.312 ; 5.477 ; 5.922 ; 6.106 ;
; B[5]       ; C_flag      ; 4.703 ; 4.743 ; 5.304 ; 5.345 ;
; B[5]       ; N_flag      ; 4.815 ; 4.893 ; 5.417 ; 5.495 ;
; B[5]       ; Result[5]   ; 4.561 ; 4.626 ; 5.163 ; 5.228 ;
; B[5]       ; Result[6]   ; 4.738 ; 4.799 ; 5.339 ; 5.401 ;
; B[5]       ; Result[7]   ; 4.825 ; 4.903 ; 5.427 ; 5.505 ;
; B[5]       ; V_flag      ; 5.595 ; 5.768 ; 6.211 ; 6.358 ;
; B[5]       ; Z_flag      ; 5.344 ; 5.517 ; 5.934 ; 6.123 ;
; B[6]       ; C_flag      ; 4.571 ; 4.611 ; 5.114 ; 5.154 ;
; B[6]       ; N_flag      ; 4.683 ; 4.761 ; 5.226 ; 5.304 ;
; B[6]       ; Result[6]   ; 4.461 ; 4.528 ; 5.004 ; 5.071 ;
; B[6]       ; Result[7]   ; 4.693 ; 4.771 ; 5.236 ; 5.314 ;
; B[6]       ; V_flag      ; 5.322 ; 5.482 ; 5.885 ; 6.032 ;
; B[6]       ; Z_flag      ; 5.041 ; 5.207 ; 5.599 ; 5.783 ;
; B[7]       ; C_flag      ; 4.512 ; 4.552 ; 5.107 ; 5.147 ;
; B[7]       ; N_flag      ; 4.528 ; 4.600 ; 5.123 ; 5.195 ;
; B[7]       ; Result[7]   ; 4.538 ; 4.610 ; 5.133 ; 5.205 ;
; B[7]       ; V_flag      ; 4.905 ; 5.056 ; 5.491 ; 5.635 ;
; B[7]       ; Z_flag      ; 5.233 ; 5.401 ; 5.816 ; 5.987 ;
+------------+-------------+-------+-------+-------+-------+


---------------------------------------------
; Fast 1200mV 0C Model Metastability Report ;
---------------------------------------------
No synchronizer chains to report.


+----------------------------------------------------------------------------+
; Multicorner Timing Analysis Summary                                        ;
+------------------+-------+------+----------+---------+---------------------+
; Clock            ; Setup ; Hold ; Recovery ; Removal ; Minimum Pulse Width ;
+------------------+-------+------+----------+---------+---------------------+
; Worst-case Slack ; N/A   ; N/A  ; N/A      ; N/A     ; N/A                 ;
; Design-wide TNS  ; 0.0   ; 0.0  ; 0.0      ; 0.0     ; 0.0                 ;
+------------------+-------+------+----------+---------+---------------------+


+--------------------------------------------------------------+
; Propagation Delay                                            ;
+------------+-------------+--------+--------+--------+--------+
; Input Port ; Output Port ; RR     ; RF     ; FR     ; FF     ;
+------------+-------------+--------+--------+--------+--------+
; A[0]       ; C_flag      ; 8.392  ; 8.295  ; 8.844  ; 8.793  ;
; A[0]       ; N_flag      ; 8.523  ; 8.477  ; 9.193  ; 9.101  ;
; A[0]       ; Result[0]   ; 7.878  ; 7.883  ; 8.386  ; 8.254  ;
; A[0]       ; Result[1]   ; 7.889  ; 7.842  ; 8.559  ; 8.466  ;
; A[0]       ; Result[2]   ; 8.053  ; 7.958  ; 8.505  ; 8.456  ;
; A[0]       ; Result[3]   ; 8.116  ; 8.102  ; 8.786  ; 8.726  ;
; A[0]       ; Result[4]   ; 8.276  ; 8.210  ; 8.728  ; 8.708  ;
; A[0]       ; Result[5]   ; 8.251  ; 8.238  ; 8.921  ; 8.862  ;
; A[0]       ; Result[6]   ; 8.459  ; 8.388  ; 8.911  ; 8.886  ;
; A[0]       ; Result[7]   ; 8.534  ; 8.490  ; 9.204  ; 9.114  ;
; A[0]       ; V_flag      ; 10.516 ; 10.603 ; 10.765 ; 10.854 ;
; A[0]       ; Z_flag      ; 11.022 ; 11.015 ; 11.283 ; 11.270 ;
; A[1]       ; C_flag      ; 8.084  ; 7.987  ; 8.310  ; 8.259  ;
; A[1]       ; N_flag      ; 8.215  ; 8.169  ; 8.659  ; 8.567  ;
; A[1]       ; Result[1]   ; 7.238  ; 7.140  ; 7.656  ; 7.597  ;
; A[1]       ; Result[2]   ; 7.745  ; 7.650  ; 7.971  ; 7.922  ;
; A[1]       ; Result[3]   ; 7.808  ; 7.794  ; 8.252  ; 8.192  ;
; A[1]       ; Result[4]   ; 7.968  ; 7.902  ; 8.194  ; 8.174  ;
; A[1]       ; Result[5]   ; 7.943  ; 7.930  ; 8.387  ; 8.328  ;
; A[1]       ; Result[6]   ; 8.151  ; 8.080  ; 8.377  ; 8.352  ;
; A[1]       ; Result[7]   ; 8.226  ; 8.182  ; 8.670  ; 8.580  ;
; A[1]       ; V_flag      ; 10.616 ; 10.703 ; 11.101 ; 11.147 ;
; A[1]       ; Z_flag      ; 11.122 ; 11.115 ; 11.619 ; 11.606 ;
; A[2]       ; C_flag      ; 7.897  ; 7.800  ; 8.346  ; 8.295  ;
; A[2]       ; N_flag      ; 8.028  ; 7.982  ; 8.695  ; 8.603  ;
; A[2]       ; Result[2]   ; 7.149  ; 7.145  ; 7.654  ; 7.513  ;
; A[2]       ; Result[3]   ; 7.621  ; 7.607  ; 8.288  ; 8.228  ;
; A[2]       ; Result[4]   ; 7.781  ; 7.715  ; 8.230  ; 8.210  ;
; A[2]       ; Result[5]   ; 7.756  ; 7.743  ; 8.423  ; 8.364  ;
; A[2]       ; Result[6]   ; 7.964  ; 7.893  ; 8.413  ; 8.388  ;
; A[2]       ; Result[7]   ; 8.039  ; 7.995  ; 8.706  ; 8.616  ;
; A[2]       ; V_flag      ; 10.140 ; 10.227 ; 10.399 ; 10.445 ;
; A[2]       ; Z_flag      ; 10.646 ; 10.639 ; 10.917 ; 10.904 ;
; A[3]       ; C_flag      ; 8.245  ; 8.148  ; 8.486  ; 8.435  ;
; A[3]       ; N_flag      ; 8.376  ; 8.330  ; 8.835  ; 8.743  ;
; A[3]       ; Result[3]   ; 7.626  ; 7.561  ; 8.059  ; 8.033  ;
; A[3]       ; Result[4]   ; 8.129  ; 8.063  ; 8.370  ; 8.350  ;
; A[3]       ; Result[5]   ; 8.104  ; 8.091  ; 8.563  ; 8.504  ;
; A[3]       ; Result[6]   ; 8.312  ; 8.241  ; 8.553  ; 8.528  ;
; A[3]       ; Result[7]   ; 8.387  ; 8.343  ; 8.846  ; 8.756  ;
; A[3]       ; V_flag      ; 10.185 ; 10.297 ; 10.668 ; 10.801 ;
; A[3]       ; Z_flag      ; 10.626 ; 10.619 ; 11.142 ; 11.129 ;
; A[4]       ; C_flag      ; 7.812  ; 7.715  ; 8.236  ; 8.185  ;
; A[4]       ; N_flag      ; 7.943  ; 7.897  ; 8.585  ; 8.493  ;
; A[4]       ; Result[4]   ; 7.287  ; 7.312  ; 7.767  ; 7.655  ;
; A[4]       ; Result[5]   ; 7.671  ; 7.658  ; 8.313  ; 8.254  ;
; A[4]       ; Result[6]   ; 7.879  ; 7.808  ; 8.303  ; 8.278  ;
; A[4]       ; Result[7]   ; 7.954  ; 7.910  ; 8.596  ; 8.506  ;
; A[4]       ; V_flag      ; 10.112 ; 10.199 ; 10.359 ; 10.405 ;
; A[4]       ; Z_flag      ; 10.618 ; 10.611 ; 10.865 ; 10.812 ;
; A[5]       ; C_flag      ; 7.859  ; 7.762  ; 8.083  ; 8.032  ;
; A[5]       ; N_flag      ; 7.990  ; 7.944  ; 8.432  ; 8.340  ;
; A[5]       ; Result[5]   ; 7.379  ; 7.312  ; 7.786  ; 7.770  ;
; A[5]       ; Result[6]   ; 7.926  ; 7.855  ; 8.150  ; 8.125  ;
; A[5]       ; Result[7]   ; 8.001  ; 7.957  ; 8.443  ; 8.353  ;
; A[5]       ; V_flag      ; 9.823  ; 9.935  ; 10.290 ; 10.423 ;
; A[5]       ; Z_flag      ; 9.895  ; 9.803  ; 10.256 ; 10.285 ;
; A[6]       ; C_flag      ; 7.657  ; 7.560  ; 8.110  ; 8.059  ;
; A[6]       ; N_flag      ; 7.788  ; 7.742  ; 8.459  ; 8.367  ;
; A[6]       ; Result[6]   ; 7.313  ; 7.336  ; 7.824  ; 7.695  ;
; A[6]       ; Result[7]   ; 7.799  ; 7.755  ; 8.470  ; 8.380  ;
; A[6]       ; V_flag      ; 9.947  ; 10.034 ; 10.201 ; 10.247 ;
; A[6]       ; Z_flag      ; 9.907  ; 9.894  ; 10.161 ; 10.102 ;
; A[7]       ; C_flag      ; 7.784  ; 7.687  ; 8.004  ; 7.953  ;
; A[7]       ; N_flag      ; 7.572  ; 7.475  ; 7.984  ; 7.926  ;
; A[7]       ; Result[7]   ; 7.583  ; 7.488  ; 7.995  ; 7.939  ;
; A[7]       ; V_flag      ; 9.462  ; 9.508  ; 9.856  ; 9.964  ;
; A[7]       ; Z_flag      ; 9.422  ; 9.353  ; 9.816  ; 9.824  ;
; ALU_Sel[0] ; C_flag      ; 8.672  ; 8.621  ; 9.107  ; 9.056  ;
; ALU_Sel[0] ; N_flag      ; 9.021  ; 8.929  ; 9.456  ; 9.364  ;
; ALU_Sel[0] ; Result[0]   ; 8.165  ; 8.079  ; 8.585  ; 8.456  ;
; ALU_Sel[0] ; Result[1]   ; 8.296  ; 8.203  ; 8.758  ; 8.665  ;
; ALU_Sel[0] ; Result[2]   ; 8.242  ; 8.193  ; 8.704  ; 8.655  ;
; ALU_Sel[0] ; Result[3]   ; 8.579  ; 8.519  ; 9.035  ; 8.975  ;
; ALU_Sel[0] ; Result[4]   ; 8.521  ; 8.501  ; 8.977  ; 8.957  ;
; ALU_Sel[0] ; Result[5]   ; 8.749  ; 8.690  ; 9.184  ; 9.125  ;
; ALU_Sel[0] ; Result[6]   ; 8.739  ; 8.714  ; 9.174  ; 9.149  ;
; ALU_Sel[0] ; Result[7]   ; 9.032  ; 8.942  ; 9.467  ; 9.377  ;
; ALU_Sel[0] ; V_flag      ; 8.113  ; 8.184  ; 8.542  ; 8.604  ;
; ALU_Sel[0] ; Z_flag      ; 9.200  ; 8.357  ; 8.812  ; 9.618  ;
; ALU_Sel[1] ; C_flag      ;        ; 6.539  ; 7.049  ;        ;
; ALU_Sel[1] ; N_flag      ;        ; 6.859  ; 7.361  ;        ;
; ALU_Sel[1] ; Result[0]   ;        ; 6.920  ; 7.422  ;        ;
; ALU_Sel[1] ; Result[1]   ;        ; 6.545  ; 7.054  ;        ;
; ALU_Sel[1] ; Result[2]   ;        ; 6.562  ; 7.067  ;        ;
; ALU_Sel[1] ; Result[3]   ;        ; 6.301  ; 6.800  ;        ;
; ALU_Sel[1] ; Result[4]   ;        ; 6.309  ; 6.821  ;        ;
; ALU_Sel[1] ; Result[5]   ;        ; 6.315  ; 6.818  ;        ;
; ALU_Sel[1] ; Result[6]   ;        ; 6.347  ; 6.863  ;        ;
; ALU_Sel[1] ; Result[7]   ;        ; 6.872  ; 7.372  ;        ;
; ALU_Sel[1] ; V_flag      ;        ; 8.393  ; 8.744  ;        ;
; ALU_Sel[1] ; Z_flag      ;        ; 9.134  ; 9.578  ;        ;
; B[0]       ; C_flag      ; 8.903  ; 8.852  ; 9.325  ; 9.274  ;
; B[0]       ; N_flag      ; 9.252  ; 9.160  ; 9.674  ; 9.582  ;
; B[0]       ; Result[0]   ; 8.445  ; 8.322  ; 8.867  ; 8.747  ;
; B[0]       ; Result[1]   ; 8.618  ; 8.525  ; 9.040  ; 8.947  ;
; B[0]       ; Result[2]   ; 8.564  ; 8.515  ; 8.986  ; 8.937  ;
; B[0]       ; Result[3]   ; 8.845  ; 8.785  ; 9.267  ; 9.207  ;
; B[0]       ; Result[4]   ; 8.787  ; 8.767  ; 9.209  ; 9.189  ;
; B[0]       ; Result[5]   ; 8.980  ; 8.921  ; 9.402  ; 9.343  ;
; B[0]       ; Result[6]   ; 8.970  ; 8.945  ; 9.392  ; 9.367  ;
; B[0]       ; Result[7]   ; 9.263  ; 9.173  ; 9.685  ; 9.595  ;
; B[0]       ; V_flag      ; 10.381 ; 10.493 ; 10.921 ; 11.008 ;
; B[0]       ; Z_flag      ; 10.852 ; 10.839 ; 11.427 ; 11.420 ;
; B[1]       ; C_flag      ; 8.672  ; 8.575  ; 9.097  ; 9.000  ;
; B[1]       ; N_flag      ; 8.870  ; 8.778  ; 9.281  ; 9.189  ;
; B[1]       ; Result[1]   ; 7.862  ; 7.812  ; 8.273  ; 8.223  ;
; B[1]       ; Result[2]   ; 8.333  ; 8.238  ; 8.758  ; 8.663  ;
; B[1]       ; Result[3]   ; 8.463  ; 8.403  ; 8.874  ; 8.814  ;
; B[1]       ; Result[4]   ; 8.556  ; 8.490  ; 8.981  ; 8.915  ;
; B[1]       ; Result[5]   ; 8.598  ; 8.539  ; 9.009  ; 8.950  ;
; B[1]       ; Result[6]   ; 8.739  ; 8.668  ; 9.164  ; 9.093  ;
; B[1]       ; Result[7]   ; 8.881  ; 8.791  ; 9.292  ; 9.202  ;
; B[1]       ; V_flag      ; 10.211 ; 10.257 ; 10.593 ; 10.690 ;
; B[1]       ; Z_flag      ; 10.729 ; 10.716 ; 11.099 ; 11.092 ;
; B[2]       ; C_flag      ; 8.179  ; 8.128  ; 8.604  ; 8.553  ;
; B[2]       ; N_flag      ; 8.528  ; 8.436  ; 8.953  ; 8.861  ;
; B[2]       ; Result[2]   ; 7.487  ; 7.381  ; 7.912  ; 7.774  ;
; B[2]       ; Result[3]   ; 8.121  ; 8.061  ; 8.546  ; 8.486  ;
; B[2]       ; Result[4]   ; 8.063  ; 8.043  ; 8.488  ; 8.468  ;
; B[2]       ; Result[5]   ; 8.256  ; 8.197  ; 8.681  ; 8.622  ;
; B[2]       ; Result[6]   ; 8.246  ; 8.221  ; 8.671  ; 8.646  ;
; B[2]       ; Result[7]   ; 8.539  ; 8.449  ; 8.964  ; 8.874  ;
; B[2]       ; V_flag      ; 10.090 ; 10.202 ; 10.643 ; 10.730 ;
; B[2]       ; Z_flag      ; 10.564 ; 10.551 ; 11.149 ; 11.142 ;
; B[3]       ; C_flag      ; 8.527  ; 8.430  ; 8.978  ; 8.881  ;
; B[3]       ; N_flag      ; 8.725  ; 8.633  ; 9.162  ; 9.070  ;
; B[3]       ; Result[3]   ; 7.944  ; 7.927  ; 8.381  ; 8.364  ;
; B[3]       ; Result[4]   ; 8.411  ; 8.345  ; 8.862  ; 8.796  ;
; B[3]       ; Result[5]   ; 8.453  ; 8.394  ; 8.890  ; 8.831  ;
; B[3]       ; Result[6]   ; 8.594  ; 8.523  ; 9.045  ; 8.974  ;
; B[3]       ; Result[7]   ; 8.736  ; 8.646  ; 9.173  ; 9.083  ;
; B[3]       ; V_flag      ; 9.905  ; 10.017 ; 10.384 ; 10.517 ;
; B[3]       ; Z_flag      ; 10.319 ; 10.306 ; 10.703 ; 10.696 ;
; B[4]       ; C_flag      ; 8.793  ; 8.742  ; 9.231  ; 9.180  ;
; B[4]       ; N_flag      ; 9.142  ; 9.050  ; 9.580  ; 9.488  ;
; B[4]       ; Result[4]   ; 8.324  ; 8.250  ; 8.762  ; 8.656  ;
; B[4]       ; Result[5]   ; 8.870  ; 8.811  ; 9.308  ; 9.249  ;
; B[4]       ; Result[6]   ; 8.860  ; 8.835  ; 9.298  ; 9.273  ;
; B[4]       ; Result[7]   ; 9.153  ; 9.063  ; 9.591  ; 9.501  ;
; B[4]       ; V_flag      ; 10.245 ; 10.357 ; 10.820 ; 10.907 ;
; B[4]       ; Z_flag      ; 10.719 ; 10.666 ; 11.326 ; 11.319 ;
; B[5]       ; C_flag      ; 8.744  ; 8.647  ; 9.180  ; 9.083  ;
; B[5]       ; N_flag      ; 8.937  ; 8.845  ; 9.359  ; 9.267  ;
; B[5]       ; Result[5]   ; 8.296  ; 8.271  ; 8.718  ; 8.693  ;
; B[5]       ; Result[6]   ; 8.811  ; 8.740  ; 9.247  ; 9.176  ;
; B[5]       ; Result[7]   ; 8.948  ; 8.858  ; 9.370  ; 9.280  ;
; B[5]       ; V_flag      ; 10.197 ; 10.243 ; 10.589 ; 10.697 ;
; B[5]       ; Z_flag      ; 10.310 ; 10.298 ; 10.782 ; 10.714 ;
; B[6]       ; C_flag      ; 8.340  ; 8.289  ; 8.769  ; 8.718  ;
; B[6]       ; N_flag      ; 8.689  ; 8.597  ; 9.118  ; 9.026  ;
; B[6]       ; Result[6]   ; 8.054  ; 7.999  ; 8.483  ; 8.396  ;
; B[6]       ; Result[7]   ; 8.700  ; 8.610  ; 9.129  ; 9.039  ;
; B[6]       ; V_flag      ; 9.664  ; 9.776  ; 10.172 ; 10.259 ;
; B[6]       ; Z_flag      ; 9.520  ; 9.511  ; 10.132 ; 10.119 ;
; B[7]       ; C_flag      ; 8.323  ; 8.226  ; 8.764  ; 8.667  ;
; B[7]       ; N_flag      ; 8.120  ; 8.071  ; 8.556  ; 8.503  ;
; B[7]       ; Result[7]   ; 8.131  ; 8.084  ; 8.567  ; 8.516  ;
; B[7]       ; V_flag      ; 9.359  ; 9.479  ; 9.784  ; 9.895  ;
; B[7]       ; Z_flag      ; 9.199  ; 9.206  ; 9.618  ; 9.631  ;
+------------+-------------+--------+--------+--------+--------+


+----------------------------------------------------------+
; Minimum Propagation Delay                                ;
+------------+-------------+-------+-------+-------+-------+
; Input Port ; Output Port ; RR    ; RF    ; FR    ; FF    ;
+------------+-------------+-------+-------+-------+-------+
; A[0]       ; C_flag      ; 4.635 ; 4.675 ; 5.212 ; 5.267 ;
; A[0]       ; N_flag      ; 4.747 ; 4.825 ; 5.384 ; 5.447 ;
; A[0]       ; Result[0]   ; 4.435 ; 4.510 ; 5.048 ; 5.107 ;
; A[0]       ; Result[1]   ; 4.381 ; 4.446 ; 5.018 ; 5.068 ;
; A[0]       ; Result[2]   ; 4.452 ; 4.498 ; 5.029 ; 5.090 ;
; A[0]       ; Result[3]   ; 4.502 ; 4.575 ; 5.139 ; 5.197 ;
; A[0]       ; Result[4]   ; 4.563 ; 4.623 ; 5.140 ; 5.215 ;
; A[0]       ; Result[5]   ; 4.589 ; 4.660 ; 5.226 ; 5.282 ;
; A[0]       ; Result[6]   ; 4.670 ; 4.731 ; 5.247 ; 5.323 ;
; A[0]       ; Result[7]   ; 4.757 ; 4.835 ; 5.394 ; 5.457 ;
; A[0]       ; V_flag      ; 5.760 ; 5.925 ; 6.336 ; 6.507 ;
; A[0]       ; Z_flag      ; 5.193 ; 5.323 ; 5.774 ; 5.948 ;
; A[1]       ; C_flag      ; 4.410 ; 4.450 ; 4.983 ; 5.038 ;
; A[1]       ; N_flag      ; 4.522 ; 4.600 ; 5.155 ; 5.218 ;
; A[1]       ; Result[1]   ; 4.060 ; 4.119 ; 4.659 ; 4.700 ;
; A[1]       ; Result[2]   ; 4.227 ; 4.273 ; 4.800 ; 4.861 ;
; A[1]       ; Result[3]   ; 4.277 ; 4.350 ; 4.910 ; 4.968 ;
; A[1]       ; Result[4]   ; 4.338 ; 4.398 ; 4.911 ; 4.986 ;
; A[1]       ; Result[5]   ; 4.364 ; 4.435 ; 4.997 ; 5.053 ;
; A[1]       ; Result[6]   ; 4.445 ; 4.506 ; 5.018 ; 5.094 ;
; A[1]       ; Result[7]   ; 4.532 ; 4.610 ; 5.165 ; 5.228 ;
; A[1]       ; V_flag      ; 5.616 ; 5.763 ; 6.171 ; 6.318 ;
; A[1]       ; Z_flag      ; 5.176 ; 5.308 ; 5.751 ; 5.899 ;
; A[2]       ; C_flag      ; 4.365 ; 4.405 ; 4.915 ; 4.970 ;
; A[2]       ; N_flag      ; 4.477 ; 4.555 ; 5.087 ; 5.150 ;
; A[2]       ; Result[2]   ; 4.037 ; 4.089 ; 4.623 ; 4.659 ;
; A[2]       ; Result[3]   ; 4.232 ; 4.305 ; 4.842 ; 4.900 ;
; A[2]       ; Result[4]   ; 4.293 ; 4.353 ; 4.843 ; 4.918 ;
; A[2]       ; Result[5]   ; 4.319 ; 4.390 ; 4.929 ; 4.985 ;
; A[2]       ; Result[6]   ; 4.400 ; 4.461 ; 4.950 ; 5.026 ;
; A[2]       ; Result[7]   ; 4.487 ; 4.565 ; 5.097 ; 5.160 ;
; A[2]       ; V_flag      ; 5.557 ; 5.704 ; 6.113 ; 6.260 ;
; A[2]       ; Z_flag      ; 5.278 ; 5.438 ; 5.843 ; 6.022 ;
; A[3]       ; C_flag      ; 4.498 ; 4.538 ; 5.078 ; 5.133 ;
; A[3]       ; N_flag      ; 4.610 ; 4.688 ; 5.250 ; 5.313 ;
; A[3]       ; Result[3]   ; 4.269 ; 4.336 ; 4.875 ; 4.924 ;
; A[3]       ; Result[4]   ; 4.426 ; 4.486 ; 5.006 ; 5.081 ;
; A[3]       ; Result[5]   ; 4.452 ; 4.523 ; 5.092 ; 5.148 ;
; A[3]       ; Result[6]   ; 4.533 ; 4.594 ; 5.113 ; 5.189 ;
; A[3]       ; Result[7]   ; 4.620 ; 4.698 ; 5.260 ; 5.323 ;
; A[3]       ; V_flag      ; 5.618 ; 5.786 ; 6.185 ; 6.358 ;
; A[3]       ; Z_flag      ; 5.440 ; 5.599 ; 6.058 ; 6.232 ;
; A[4]       ; C_flag      ; 4.311 ; 4.351 ; 4.861 ; 4.916 ;
; A[4]       ; N_flag      ; 4.423 ; 4.501 ; 5.033 ; 5.096 ;
; A[4]       ; Result[4]   ; 4.094 ; 4.160 ; 4.680 ; 4.730 ;
; A[4]       ; Result[5]   ; 4.265 ; 4.336 ; 4.875 ; 4.931 ;
; A[4]       ; Result[6]   ; 4.346 ; 4.407 ; 4.896 ; 4.972 ;
; A[4]       ; Result[7]   ; 4.433 ; 4.511 ; 5.043 ; 5.106 ;
; A[4]       ; V_flag      ; 5.468 ; 5.615 ; 6.027 ; 6.174 ;
; A[4]       ; Z_flag      ; 5.111 ; 5.276 ; 5.678 ; 5.861 ;
; A[5]       ; C_flag      ; 4.286 ; 4.326 ; 4.848 ; 4.903 ;
; A[5]       ; N_flag      ; 4.398 ; 4.476 ; 5.020 ; 5.083 ;
; A[5]       ; Result[5]   ; 4.144 ; 4.209 ; 4.734 ; 4.780 ;
; A[5]       ; Result[6]   ; 4.321 ; 4.382 ; 4.883 ; 4.959 ;
; A[5]       ; Result[7]   ; 4.408 ; 4.486 ; 5.030 ; 5.093 ;
; A[5]       ; V_flag      ; 5.399 ; 5.567 ; 5.946 ; 6.119 ;
; A[5]       ; Z_flag      ; 5.197 ; 5.368 ; 5.771 ; 5.958 ;
; A[6]       ; C_flag      ; 4.216 ; 4.256 ; 4.775 ; 4.830 ;
; A[6]       ; N_flag      ; 4.328 ; 4.406 ; 4.947 ; 5.010 ;
; A[6]       ; Result[6]   ; 4.106 ; 4.175 ; 4.691 ; 4.744 ;
; A[6]       ; Result[7]   ; 4.338 ; 4.416 ; 4.957 ; 5.020 ;
; A[6]       ; V_flag      ; 5.434 ; 5.581 ; 5.994 ; 6.148 ;
; A[6]       ; Z_flag      ; 5.140 ; 5.306 ; 5.716 ; 5.901 ;
; A[7]       ; C_flag      ; 4.219 ; 4.259 ; 4.793 ; 4.848 ;
; A[7]       ; N_flag      ; 4.235 ; 4.307 ; 4.835 ; 4.889 ;
; A[7]       ; Result[7]   ; 4.245 ; 4.317 ; 4.845 ; 4.899 ;
; A[7]       ; V_flag      ; 4.962 ; 5.107 ; 5.529 ; 5.689 ;
; A[7]       ; Z_flag      ; 5.195 ; 5.367 ; 5.768 ; 5.957 ;
; ALU_Sel[0] ; C_flag      ; 4.090 ; 4.137 ; 4.703 ; 4.733 ;
; ALU_Sel[0] ; N_flag      ; 4.479 ; 4.551 ; 5.059 ; 5.131 ;
; ALU_Sel[0] ; Result[0]   ; 4.459 ; 4.528 ; 5.042 ; 5.126 ;
; ALU_Sel[0] ; Result[1]   ; 4.260 ; 4.325 ; 4.892 ; 4.951 ;
; ALU_Sel[0] ; Result[2]   ; 4.331 ; 4.377 ; 4.914 ; 4.975 ;
; ALU_Sel[0] ; Result[3]   ; 4.366 ; 4.433 ; 4.946 ; 5.013 ;
; ALU_Sel[0] ; Result[4]   ; 4.442 ; 4.502 ; 5.025 ; 5.100 ;
; ALU_Sel[0] ; Result[5]   ; 4.388 ; 4.453 ; 4.969 ; 5.034 ;
; ALU_Sel[0] ; Result[6]   ; 4.537 ; 4.604 ; 5.121 ; 5.188 ;
; ALU_Sel[0] ; Result[7]   ; 4.489 ; 4.561 ; 5.069 ; 5.141 ;
; ALU_Sel[0] ; V_flag      ; 4.682 ; 4.810 ; 5.266 ; 5.387 ;
; ALU_Sel[0] ; Z_flag      ; 5.219 ; 4.977 ; 5.384 ; 6.001 ;
; ALU_Sel[1] ; C_flag      ;       ; 3.763 ; 4.336 ;       ;
; ALU_Sel[1] ; N_flag      ;       ; 3.968 ; 4.512 ;       ;
; ALU_Sel[1] ; Result[0]   ;       ; 4.006 ; 4.549 ;       ;
; ALU_Sel[1] ; Result[1]   ;       ; 3.774 ; 4.340 ;       ;
; ALU_Sel[1] ; Result[2]   ;       ; 3.788 ; 4.351 ;       ;
; ALU_Sel[1] ; Result[3]   ;       ; 3.649 ; 4.209 ;       ;
; ALU_Sel[1] ; Result[4]   ;       ; 3.661 ; 4.216 ;       ;
; ALU_Sel[1] ; Result[5]   ;       ; 3.664 ; 4.226 ;       ;
; ALU_Sel[1] ; Result[6]   ;       ; 3.690 ; 4.247 ;       ;
; ALU_Sel[1] ; Result[7]   ;       ; 3.978 ; 4.522 ;       ;
; ALU_Sel[1] ; V_flag      ;       ; 4.901 ; 5.363 ;       ;
; ALU_Sel[1] ; Z_flag      ;       ; 5.062 ; 5.484 ;       ;
; B[0]       ; C_flag      ; 4.810 ; 4.850 ; 5.421 ; 5.464 ;
; B[0]       ; N_flag      ; 4.922 ; 5.000 ; 5.536 ; 5.614 ;
; B[0]       ; Result[0]   ; 4.610 ; 4.687 ; 5.224 ; 5.301 ;
; B[0]       ; Result[1]   ; 4.556 ; 4.621 ; 5.170 ; 5.235 ;
; B[0]       ; Result[2]   ; 4.627 ; 4.673 ; 5.238 ; 5.287 ;
; B[0]       ; Result[3]   ; 4.677 ; 4.750 ; 5.291 ; 5.364 ;
; B[0]       ; Result[4]   ; 4.738 ; 4.798 ; 5.349 ; 5.412 ;
; B[0]       ; Result[5]   ; 4.764 ; 4.835 ; 5.378 ; 5.449 ;
; B[0]       ; Result[6]   ; 4.845 ; 4.906 ; 5.456 ; 5.520 ;
; B[0]       ; Result[7]   ; 4.932 ; 5.010 ; 5.546 ; 5.624 ;
; B[0]       ; V_flag      ; 5.732 ; 5.879 ; 6.308 ; 6.455 ;
; B[0]       ; Z_flag      ; 5.147 ; 5.278 ; 5.723 ; 5.891 ;
; B[1]       ; C_flag      ; 4.672 ; 4.712 ; 5.262 ; 5.302 ;
; B[1]       ; N_flag      ; 4.784 ; 4.862 ; 5.374 ; 5.452 ;
; B[1]       ; Result[1]   ; 4.322 ; 4.381 ; 4.912 ; 4.971 ;
; B[1]       ; Result[2]   ; 4.489 ; 4.535 ; 5.079 ; 5.125 ;
; B[1]       ; Result[3]   ; 4.539 ; 4.612 ; 5.129 ; 5.202 ;
; B[1]       ; Result[4]   ; 4.600 ; 4.660 ; 5.190 ; 5.250 ;
; B[1]       ; Result[5]   ; 4.626 ; 4.697 ; 5.216 ; 5.287 ;
; B[1]       ; Result[6]   ; 4.707 ; 4.768 ; 5.297 ; 5.358 ;
; B[1]       ; Result[7]   ; 4.794 ; 4.872 ; 5.384 ; 5.462 ;
; B[1]       ; V_flag      ; 5.603 ; 5.776 ; 6.198 ; 6.345 ;
; B[1]       ; Z_flag      ; 5.200 ; 5.330 ; 5.770 ; 5.916 ;
; B[2]       ; C_flag      ; 4.478 ; 4.518 ; 5.019 ; 5.059 ;
; B[2]       ; N_flag      ; 4.590 ; 4.668 ; 5.131 ; 5.209 ;
; B[2]       ; Result[2]   ; 4.150 ; 4.204 ; 4.691 ; 4.745 ;
; B[2]       ; Result[3]   ; 4.345 ; 4.418 ; 4.886 ; 4.959 ;
; B[2]       ; Result[4]   ; 4.406 ; 4.466 ; 4.947 ; 5.007 ;
; B[2]       ; Result[5]   ; 4.432 ; 4.503 ; 4.973 ; 5.044 ;
; B[2]       ; Result[6]   ; 4.513 ; 4.574 ; 5.054 ; 5.115 ;
; B[2]       ; Result[7]   ; 4.600 ; 4.678 ; 5.141 ; 5.219 ;
; B[2]       ; V_flag      ; 5.563 ; 5.710 ; 6.129 ; 6.276 ;
; B[2]       ; Z_flag      ; 5.284 ; 5.444 ; 5.858 ; 6.036 ;
; B[3]       ; C_flag      ; 4.595 ; 4.635 ; 5.180 ; 5.220 ;
; B[3]       ; N_flag      ; 4.707 ; 4.785 ; 5.292 ; 5.370 ;
; B[3]       ; Result[3]   ; 4.366 ; 4.433 ; 4.951 ; 5.018 ;
; B[3]       ; Result[4]   ; 4.523 ; 4.583 ; 5.108 ; 5.168 ;
; B[3]       ; Result[5]   ; 4.549 ; 4.620 ; 5.134 ; 5.205 ;
; B[3]       ; Result[6]   ; 4.630 ; 4.691 ; 5.215 ; 5.276 ;
; B[3]       ; Result[7]   ; 4.717 ; 4.795 ; 5.302 ; 5.380 ;
; B[3]       ; V_flag      ; 5.385 ; 5.558 ; 5.995 ; 6.163 ;
; B[3]       ; Z_flag      ; 5.280 ; 5.439 ; 5.886 ; 6.060 ;
; B[4]       ; C_flag      ; 4.818 ; 4.858 ; 5.416 ; 5.456 ;
; B[4]       ; N_flag      ; 4.930 ; 5.008 ; 5.528 ; 5.606 ;
; B[4]       ; Result[4]   ; 4.601 ; 4.669 ; 5.199 ; 5.267 ;
; B[4]       ; Result[5]   ; 4.772 ; 4.843 ; 5.370 ; 5.441 ;
; B[4]       ; Result[6]   ; 4.853 ; 4.914 ; 5.451 ; 5.512 ;
; B[4]       ; Result[7]   ; 4.940 ; 5.018 ; 5.538 ; 5.616 ;
; B[4]       ; V_flag      ; 5.669 ; 5.816 ; 6.270 ; 6.417 ;
; B[4]       ; Z_flag      ; 5.312 ; 5.477 ; 5.922 ; 6.106 ;
; B[5]       ; C_flag      ; 4.703 ; 4.743 ; 5.304 ; 5.345 ;
; B[5]       ; N_flag      ; 4.815 ; 4.893 ; 5.417 ; 5.495 ;
; B[5]       ; Result[5]   ; 4.561 ; 4.626 ; 5.163 ; 5.228 ;
; B[5]       ; Result[6]   ; 4.738 ; 4.799 ; 5.339 ; 5.401 ;
; B[5]       ; Result[7]   ; 4.825 ; 4.903 ; 5.427 ; 5.505 ;
; B[5]       ; V_flag      ; 5.595 ; 5.768 ; 6.211 ; 6.358 ;
; B[5]       ; Z_flag      ; 5.344 ; 5.517 ; 5.934 ; 6.123 ;
; B[6]       ; C_flag      ; 4.571 ; 4.611 ; 5.114 ; 5.154 ;
; B[6]       ; N_flag      ; 4.683 ; 4.761 ; 5.226 ; 5.304 ;
; B[6]       ; Result[6]   ; 4.461 ; 4.528 ; 5.004 ; 5.071 ;
; B[6]       ; Result[7]   ; 4.693 ; 4.771 ; 5.236 ; 5.314 ;
; B[6]       ; V_flag      ; 5.322 ; 5.482 ; 5.885 ; 6.032 ;
; B[6]       ; Z_flag      ; 5.041 ; 5.207 ; 5.599 ; 5.783 ;
; B[7]       ; C_flag      ; 4.512 ; 4.552 ; 5.107 ; 5.147 ;
; B[7]       ; N_flag      ; 4.528 ; 4.600 ; 5.123 ; 5.195 ;
; B[7]       ; Result[7]   ; 4.538 ; 4.610 ; 5.133 ; 5.205 ;
; B[7]       ; V_flag      ; 4.905 ; 5.056 ; 5.491 ; 5.635 ;
; B[7]       ; Z_flag      ; 5.233 ; 5.401 ; 5.816 ; 5.987 ;
+------------+-------------+-------+-------+-------+-------+


+------------------------------------------------------------------------------------------------------------------------------------------------------------------------------------------------------------------------------------------------------------------------------------------------------------------------------------------------------------------------------------------------------------------+
; Board Trace Model Assignments                                                                                                                                                                                                                                                                                                                                                                                    ;
+---------------+--------------+-------------------+-------------------------+-------------------------+---------------+---------------------+----------------+------------------+--------+------------------+------------------------+------------------------+--------------+---------------+-----------------+-------+---------------------+--------------------+---------------+-----------------+-------------+
; Pin           ; I/O Standard ; Near Tline Length ; Near Tline L per Length ; Near Tline C per Length ; Near Series R ; Near Differential R ; Near Pull-up R ; Near Pull-down R ; Near C ; Far Tline Length ; Far Tline L per Length ; Far Tline C per Length ; Far Series R ; Far Pull-up R ; Far Pull-down R ; Far C ; Termination Voltage ; Far Differential R ; EBD File Name ; EBD Signal Name ; EBD Far-end ;
+---------------+--------------+-------------------+-------------------------+-------------------------+---------------+---------------------+----------------+------------------+--------+------------------+------------------------+------------------------+--------------+---------------+-----------------+-------+---------------------+--------------------+---------------+-----------------+-------------+
; Result[0]     ; 2.5 V        ; 0 in              ; 0 H/in                  ; 0 F/in                  ; short         ; -                   ; open           ; open             ; open   ; 0 in             ; 0 H/in                 ; 0 F/in                 ; short        ; open          ; open            ; open  ; 0 V                 ; -                  ; n/a           ; n/a             ; n/a         ;
; Result[1]     ; 2.5 V        ; 0 in              ; 0 H/in                  ; 0 F/in                  ; short         ; -                   ; open           ; open             ; open   ; 0 in             ; 0 H/in                 ; 0 F/in                 ; short        ; open          ; open            ; open  ; 0 V                 ; -                  ; n/a           ; n/a             ; n/a         ;
; Result[2]     ; 2.5 V        ; 0 in              ; 0 H/in                  ; 0 F/in                  ; short         ; -                   ; open           ; open             ; open   ; 0 in             ; 0 H/in                 ; 0 F/in                 ; short        ; open          ; open            ; open  ; 0 V                 ; -                  ; n/a           ; n/a             ; n/a         ;
; Result[3]     ; 2.5 V        ; 0 in              ; 0 H/in                  ; 0 F/in                  ; short         ; -                   ; open           ; open             ; open   ; 0 in             ; 0 H/in                 ; 0 F/in                 ; short        ; open          ; open            ; open  ; 0 V                 ; -                  ; n/a           ; n/a             ; n/a         ;
; Result[4]     ; 2.5 V        ; 0 in              ; 0 H/in                  ; 0 F/in                  ; short         ; -                   ; open           ; open             ; open   ; 0 in             ; 0 H/in                 ; 0 F/in                 ; short        ; open          ; open            ; open  ; 0 V                 ; -                  ; n/a           ; n/a             ; n/a         ;
; Result[5]     ; 2.5 V        ; 0 in              ; 0 H/in                  ; 0 F/in                  ; short         ; -                   ; open           ; open             ; open   ; 0 in             ; 0 H/in                 ; 0 F/in                 ; short        ; open          ; open            ; open  ; 0 V                 ; -                  ; n/a           ; n/a             ; n/a         ;
; Result[6]     ; 2.5 V        ; 0 in              ; 0 H/in                  ; 0 F/in                  ; short         ; -                   ; open           ; open             ; open   ; 0 in             ; 0 H/in                 ; 0 F/in                 ; short        ; open          ; open            ; open  ; 0 V                 ; -                  ; n/a           ; n/a             ; n/a         ;
; Result[7]     ; 2.5 V        ; 0 in              ; 0 H/in                  ; 0 F/in                  ; short         ; -                   ; open           ; open             ; open   ; 0 in             ; 0 H/in                 ; 0 F/in                 ; short        ; open          ; open            ; open  ; 0 V                 ; -                  ; n/a           ; n/a             ; n/a         ;
; N_flag        ; 2.5 V        ; 0 in              ; 0 H/in                  ; 0 F/in                  ; short         ; -                   ; open           ; open             ; open   ; 0 in             ; 0 H/in                 ; 0 F/in                 ; short        ; open          ; open            ; open  ; 0 V                 ; -                  ; n/a           ; n/a             ; n/a         ;
; Z_flag        ; 2.5 V        ; 0 in              ; 0 H/in                  ; 0 F/in                  ; short         ; -                   ; open           ; open             ; open   ; 0 in             ; 0 H/in                 ; 0 F/in                 ; short        ; open          ; open            ; open  ; 0 V                 ; -                  ; n/a           ; n/a             ; n/a         ;
; V_flag        ; 2.5 V        ; 0 in              ; 0 H/in                  ; 0 F/in                  ; short         ; -                   ; open           ; open             ; open   ; 0 in             ; 0 H/in                 ; 0 F/in                 ; short        ; open          ; open            ; open  ; 0 V                 ; -                  ; n/a           ; n/a             ; n/a         ;
; C_flag        ; 2.5 V        ; 0 in              ; 0 H/in                  ; 0 F/in                  ; short         ; -                   ; open           ; open             ; open   ; 0 in             ; 0 H/in                 ; 0 F/in                 ; short        ; open          ; open            ; open  ; 0 V                 ; -                  ; n/a           ; n/a             ; n/a         ;
; ~ALTERA_DCLK~ ; 2.5 V        ; 0 in              ; 0 H/in                  ; 0 F/in                  ; short         ; -                   ; open           ; open             ; open   ; 0 in             ; 0 H/in                 ; 0 F/in                 ; short        ; open          ; open            ; open  ; 0 V                 ; -                  ; n/a           ; n/a             ; n/a         ;
; ~ALTERA_nCEO~ ; 2.5 V        ; 0 in              ; 0 H/in                  ; 0 F/in                  ; short         ; -                   ; open           ; open             ; open   ; 0 in             ; 0 H/in                 ; 0 F/in                 ; short        ; open          ; open            ; open  ; 0 V                 ; -                  ; n/a           ; n/a             ; n/a         ;
+---------------+--------------+-------------------+-------------------------+-------------------------+---------------+---------------------+----------------+------------------+--------+------------------+------------------------+------------------------+--------------+---------------+-----------------+-------+---------------------+--------------------+---------------+-----------------+-------------+


+----------------------------------------------------------------------------+
; Input Transition Times                                                     ;
+-------------------------+--------------+-----------------+-----------------+
; Pin                     ; I/O Standard ; 10-90 Rise Time ; 90-10 Fall Time ;
+-------------------------+--------------+-----------------+-----------------+
; B[0]                    ; 2.5 V        ; 2000 ps         ; 2000 ps         ;
; ALU_Sel[0]              ; 2.5 V        ; 2000 ps         ; 2000 ps         ;
; A[0]                    ; 2.5 V        ; 2000 ps         ; 2000 ps         ;
; ALU_Sel[1]              ; 2.5 V        ; 2000 ps         ; 2000 ps         ;
; B[1]                    ; 2.5 V        ; 2000 ps         ; 2000 ps         ;
; A[1]                    ; 2.5 V        ; 2000 ps         ; 2000 ps         ;
; B[2]                    ; 2.5 V        ; 2000 ps         ; 2000 ps         ;
; A[2]                    ; 2.5 V        ; 2000 ps         ; 2000 ps         ;
; B[3]                    ; 2.5 V        ; 2000 ps         ; 2000 ps         ;
; A[3]                    ; 2.5 V        ; 2000 ps         ; 2000 ps         ;
; B[4]                    ; 2.5 V        ; 2000 ps         ; 2000 ps         ;
; A[4]                    ; 2.5 V        ; 2000 ps         ; 2000 ps         ;
; B[5]                    ; 2.5 V        ; 2000 ps         ; 2000 ps         ;
; A[5]                    ; 2.5 V        ; 2000 ps         ; 2000 ps         ;
; B[6]                    ; 2.5 V        ; 2000 ps         ; 2000 ps         ;
; A[6]                    ; 2.5 V        ; 2000 ps         ; 2000 ps         ;
; B[7]                    ; 2.5 V        ; 2000 ps         ; 2000 ps         ;
; A[7]                    ; 2.5 V        ; 2000 ps         ; 2000 ps         ;
; ~ALTERA_ASDO_DATA1~     ; 2.5 V        ; 2000 ps         ; 2000 ps         ;
; ~ALTERA_FLASH_nCE_nCSO~ ; 2.5 V        ; 2000 ps         ; 2000 ps         ;
; ~ALTERA_DATA0~          ; 2.5 V        ; 2000 ps         ; 2000 ps         ;
+-------------------------+--------------+-----------------+-----------------+


+--------------------------------------------------------------------------------------------------------------------------------------------------------------------------------------------------------------------------------------------------------------------------------------------------------------------------------------------------------------------------------------------------------------------------------------------------------------------------------------------------------------------------------------------------------------------------------------------------------------------------------------------------------------------------------------------+
; Slow Corner Signal Integrity Metrics                                                                                                                                                                                                                                                                                                                                                                                                                                                                                                                                                                                                                                                       ;
+---------------+--------------+---------------------+---------------------+------------------------------+------------------------------+---------------------+---------------------+--------------------------------------+--------------------------------------+-----------------------------+-----------------------------+----------------------------+----------------------------+-----------------------------+-----------------------------+--------------------+--------------------+-------------------------------------+-------------------------------------+----------------------------+----------------------------+---------------------------+---------------------------+
; Pin           ; I/O Standard ; Board Delay on Rise ; Board Delay on Fall ; Steady State Voh at FPGA Pin ; Steady State Vol at FPGA Pin ; Voh Max at FPGA Pin ; Vol Min at FPGA Pin ; Ringback Voltage on Rise at FPGA Pin ; Ringback Voltage on Fall at FPGA Pin ; 10-90 Rise Time at FPGA Pin ; 90-10 Fall Time at FPGA Pin ; Monotonic Rise at FPGA Pin ; Monotonic Fall at FPGA Pin ; Steady State Voh at Far-end ; Steady State Vol at Far-end ; Voh Max at Far-end ; Vol Min at Far-end ; Ringback Voltage on Rise at Far-end ; Ringback Voltage on Fall at Far-end ; 10-90 Rise Time at Far-end ; 90-10 Fall Time at Far-end ; Monotonic Rise at Far-end ; Monotonic Fall at Far-end ;
+---------------+--------------+---------------------+---------------------+------------------------------+------------------------------+---------------------+---------------------+--------------------------------------+--------------------------------------+-----------------------------+-----------------------------+----------------------------+----------------------------+-----------------------------+-----------------------------+--------------------+--------------------+-------------------------------------+-------------------------------------+----------------------------+----------------------------+---------------------------+---------------------------+
; Result[0]     ; 2.5 V        ; 0 s                 ; 0 s                 ; 2.32 V                       ; 1.08e-06 V                   ; 2.36 V              ; -0.0113 V           ; 0.122 V                              ; 0.022 V                              ; 4.5e-10 s                   ; 4.45e-10 s                  ; Yes                        ; Yes                        ; 2.32 V                      ; 1.08e-06 V                  ; 2.36 V             ; -0.0113 V          ; 0.122 V                             ; 0.022 V                             ; 4.5e-10 s                  ; 4.45e-10 s                 ; Yes                       ; Yes                       ;
; Result[1]     ; 2.5 V        ; 0 s                 ; 0 s                 ; 2.32 V                       ; 1.08e-06 V                   ; 2.36 V              ; -0.0113 V           ; 0.122 V                              ; 0.022 V                              ; 4.5e-10 s                   ; 4.45e-10 s                  ; Yes                        ; Yes                        ; 2.32 V                      ; 1.08e-06 V                  ; 2.36 V             ; -0.0113 V          ; 0.122 V                             ; 0.022 V                             ; 4.5e-10 s                  ; 4.45e-10 s                 ; Yes                       ; Yes                       ;
; Result[2]     ; 2.5 V        ; 0 s                 ; 0 s                 ; 2.32 V                       ; 1.08e-06 V                   ; 2.36 V              ; -0.0113 V           ; 0.122 V                              ; 0.022 V                              ; 4.5e-10 s                   ; 4.45e-10 s                  ; Yes                        ; Yes                        ; 2.32 V                      ; 1.08e-06 V                  ; 2.36 V             ; -0.0113 V          ; 0.122 V                             ; 0.022 V                             ; 4.5e-10 s                  ; 4.45e-10 s                 ; Yes                       ; Yes                       ;
; Result[3]     ; 2.5 V        ; 0 s                 ; 0 s                 ; 2.32 V                       ; 1.08e-06 V                   ; 2.36 V              ; -0.0113 V           ; 0.122 V                              ; 0.022 V                              ; 4.5e-10 s                   ; 4.45e-10 s                  ; Yes                        ; Yes                        ; 2.32 V                      ; 1.08e-06 V                  ; 2.36 V             ; -0.0113 V          ; 0.122 V                             ; 0.022 V                             ; 4.5e-10 s                  ; 4.45e-10 s                 ; Yes                       ; Yes                       ;
; Result[4]     ; 2.5 V        ; 0 s                 ; 0 s                 ; 2.32 V                       ; 1.08e-06 V                   ; 2.36 V              ; -0.0113 V           ; 0.122 V                              ; 0.022 V                              ; 4.5e-10 s                   ; 4.45e-10 s                  ; Yes                        ; Yes                        ; 2.32 V                      ; 1.08e-06 V                  ; 2.36 V             ; -0.0113 V          ; 0.122 V                             ; 0.022 V                             ; 4.5e-10 s                  ; 4.45e-10 s                 ; Yes                       ; Yes                       ;
; Result[5]     ; 2.5 V        ; 0 s                 ; 0 s                 ; 2.32 V                       ; 1.08e-06 V                   ; 2.36 V              ; -0.0113 V           ; 0.122 V                              ; 0.022 V                              ; 4.5e-10 s                   ; 4.45e-10 s                  ; Yes                        ; Yes                        ; 2.32 V                      ; 1.08e-06 V                  ; 2.36 V             ; -0.0113 V          ; 0.122 V                             ; 0.022 V                             ; 4.5e-10 s                  ; 4.45e-10 s                 ; Yes                       ; Yes                       ;
; Result[6]     ; 2.5 V        ; 0 s                 ; 0 s                 ; 2.32 V                       ; 1.08e-06 V                   ; 2.36 V              ; -0.0113 V           ; 0.122 V                              ; 0.022 V                              ; 4.5e-10 s                   ; 4.45e-10 s                  ; Yes                        ; Yes                        ; 2.32 V                      ; 1.08e-06 V                  ; 2.36 V             ; -0.0113 V          ; 0.122 V                             ; 0.022 V                             ; 4.5e-10 s                  ; 4.45e-10 s                 ; Yes                       ; Yes                       ;
; Result[7]     ; 2.5 V        ; 0 s                 ; 0 s                 ; 2.32 V                       ; 1.08e-06 V                   ; 2.36 V              ; -0.0113 V           ; 0.122 V                              ; 0.022 V                              ; 4.5e-10 s                   ; 4.45e-10 s                  ; Yes                        ; Yes                        ; 2.32 V                      ; 1.08e-06 V                  ; 2.36 V             ; -0.0113 V          ; 0.122 V                             ; 0.022 V                             ; 4.5e-10 s                  ; 4.45e-10 s                 ; Yes                       ; Yes                       ;
; N_flag        ; 2.5 V        ; 0 s                 ; 0 s                 ; 2.32 V                       ; 1.08e-06 V                   ; 2.36 V              ; -0.0113 V           ; 0.122 V                              ; 0.022 V                              ; 4.5e-10 s                   ; 4.45e-10 s                  ; Yes                        ; Yes                        ; 2.32 V                      ; 1.08e-06 V                  ; 2.36 V             ; -0.0113 V          ; 0.122 V                             ; 0.022 V                             ; 4.5e-10 s                  ; 4.45e-10 s                 ; Yes                       ; Yes                       ;
; Z_flag        ; 2.5 V        ; 0 s                 ; 0 s                 ; 2.32 V                       ; 1.08e-06 V                   ; 2.36 V              ; -0.0113 V           ; 0.122 V                              ; 0.022 V                              ; 4.5e-10 s                   ; 4.45e-10 s                  ; Yes                        ; Yes                        ; 2.32 V                      ; 1.08e-06 V                  ; 2.36 V             ; -0.0113 V          ; 0.122 V                             ; 0.022 V                             ; 4.5e-10 s                  ; 4.45e-10 s                 ; Yes                       ; Yes                       ;
; V_flag        ; 2.5 V        ; 0 s                 ; 0 s                 ; 2.32 V                       ; 1.08e-06 V                   ; 2.36 V              ; -0.0113 V           ; 0.122 V                              ; 0.022 V                              ; 4.5e-10 s                   ; 4.45e-10 s                  ; Yes                        ; Yes                        ; 2.32 V                      ; 1.08e-06 V                  ; 2.36 V             ; -0.0113 V          ; 0.122 V                             ; 0.022 V                             ; 4.5e-10 s                  ; 4.45e-10 s                 ; Yes                       ; Yes                       ;
; C_flag        ; 2.5 V        ; 0 s                 ; 0 s                 ; 2.32 V                       ; 1.08e-06 V                   ; 2.36 V              ; -0.0113 V           ; 0.122 V                              ; 0.022 V                              ; 4.5e-10 s                   ; 4.45e-10 s                  ; Yes                        ; Yes                        ; 2.32 V                      ; 1.08e-06 V                  ; 2.36 V             ; -0.0113 V          ; 0.122 V                             ; 0.022 V                             ; 4.5e-10 s                  ; 4.45e-10 s                 ; Yes                       ; Yes                       ;
; ~ALTERA_DCLK~ ; 2.5 V        ; 0 s                 ; 0 s                 ; 2.32 V                       ; 5.68e-07 V                   ; 2.35 V              ; -0.0132 V           ; 0.2 V                                ; 0.027 V                              ; 5.26e-10 s                  ; 4.81e-10 s                  ; Yes                        ; Yes                        ; 2.32 V                      ; 5.68e-07 V                  ; 2.35 V             ; -0.0132 V          ; 0.2 V                               ; 0.027 V                             ; 5.26e-10 s                 ; 4.81e-10 s                 ; Yes                       ; Yes                       ;
; ~ALTERA_nCEO~ ; 2.5 V        ; 0 s                 ; 0 s                 ; 2.32 V                       ; 9.36e-07 V                   ; 2.35 V              ; -0.00444 V          ; 0.18 V                               ; 0.019 V                              ; 7.23e-10 s                  ; 9.82e-10 s                  ; Yes                        ; Yes                        ; 2.32 V                      ; 9.36e-07 V                  ; 2.35 V             ; -0.00444 V         ; 0.18 V                              ; 0.019 V                             ; 7.23e-10 s                 ; 9.82e-10 s                 ; Yes                       ; Yes                       ;
+---------------+--------------+---------------------+---------------------+------------------------------+------------------------------+---------------------+---------------------+--------------------------------------+--------------------------------------+-----------------------------+-----------------------------+----------------------------+----------------------------+-----------------------------+-----------------------------+--------------------+--------------------+-------------------------------------+-------------------------------------+----------------------------+----------------------------+---------------------------+---------------------------+


+--------------------------------------------------------------------------------------------------------------------------------------------------------------------------------------------------------------------------------------------------------------------------------------------------------------------------------------------------------------------------------------------------------------------------------------------------------------------------------------------------------------------------------------------------------------------------------------------------------------------------------------------------------------------------------------------+
; Fast Corner Signal Integrity Metrics                                                                                                                                                                                                                                                                                                                                                                                                                                                                                                                                                                                                                                                       ;
+---------------+--------------+---------------------+---------------------+------------------------------+------------------------------+---------------------+---------------------+--------------------------------------+--------------------------------------+-----------------------------+-----------------------------+----------------------------+----------------------------+-----------------------------+-----------------------------+--------------------+--------------------+-------------------------------------+-------------------------------------+----------------------------+----------------------------+---------------------------+---------------------------+
; Pin           ; I/O Standard ; Board Delay on Rise ; Board Delay on Fall ; Steady State Voh at FPGA Pin ; Steady State Vol at FPGA Pin ; Voh Max at FPGA Pin ; Vol Min at FPGA Pin ; Ringback Voltage on Rise at FPGA Pin ; Ringback Voltage on Fall at FPGA Pin ; 10-90 Rise Time at FPGA Pin ; 90-10 Fall Time at FPGA Pin ; Monotonic Rise at FPGA Pin ; Monotonic Fall at FPGA Pin ; Steady State Voh at Far-end ; Steady State Vol at Far-end ; Voh Max at Far-end ; Vol Min at Far-end ; Ringback Voltage on Rise at Far-end ; Ringback Voltage on Fall at Far-end ; 10-90 Rise Time at Far-end ; 90-10 Fall Time at Far-end ; Monotonic Rise at Far-end ; Monotonic Fall at Far-end ;
+---------------+--------------+---------------------+---------------------+------------------------------+------------------------------+---------------------+---------------------+--------------------------------------+--------------------------------------+-----------------------------+-----------------------------+----------------------------+----------------------------+-----------------------------+-----------------------------+--------------------+--------------------+-------------------------------------+-------------------------------------+----------------------------+----------------------------+---------------------------+---------------------------+
; Result[0]     ; 2.5 V        ; 0 s                 ; 0 s                 ; 2.62 V                       ; 4.11e-08 V                   ; 2.73 V              ; -0.0566 V           ; 0.191 V                              ; 0.12 V                               ; 2.69e-10 s                  ; 2.76e-10 s                  ; Yes                        ; Yes                        ; 2.62 V                      ; 4.11e-08 V                  ; 2.73 V             ; -0.0566 V          ; 0.191 V                             ; 0.12 V                              ; 2.69e-10 s                 ; 2.76e-10 s                 ; Yes                       ; Yes                       ;
; Result[1]     ; 2.5 V        ; 0 s                 ; 0 s                 ; 2.62 V                       ; 4.11e-08 V                   ; 2.73 V              ; -0.0566 V           ; 0.191 V                              ; 0.12 V                               ; 2.69e-10 s                  ; 2.76e-10 s                  ; Yes                        ; Yes                        ; 2.62 V                      ; 4.11e-08 V                  ; 2.73 V             ; -0.0566 V          ; 0.191 V                             ; 0.12 V                              ; 2.69e-10 s                 ; 2.76e-10 s                 ; Yes                       ; Yes                       ;
; Result[2]     ; 2.5 V        ; 0 s                 ; 0 s                 ; 2.62 V                       ; 4.11e-08 V                   ; 2.73 V              ; -0.0566 V           ; 0.191 V                              ; 0.12 V                               ; 2.69e-10 s                  ; 2.76e-10 s                  ; Yes                        ; Yes                        ; 2.62 V                      ; 4.11e-08 V                  ; 2.73 V             ; -0.0566 V          ; 0.191 V                             ; 0.12 V                              ; 2.69e-10 s                 ; 2.76e-10 s                 ; Yes                       ; Yes                       ;
; Result[3]     ; 2.5 V        ; 0 s                 ; 0 s                 ; 2.62 V                       ; 4.11e-08 V                   ; 2.73 V              ; -0.0566 V           ; 0.191 V                              ; 0.12 V                               ; 2.69e-10 s                  ; 2.76e-10 s                  ; Yes                        ; Yes                        ; 2.62 V                      ; 4.11e-08 V                  ; 2.73 V             ; -0.0566 V          ; 0.191 V                             ; 0.12 V                              ; 2.69e-10 s                 ; 2.76e-10 s                 ; Yes                       ; Yes                       ;
; Result[4]     ; 2.5 V        ; 0 s                 ; 0 s                 ; 2.62 V                       ; 4.11e-08 V                   ; 2.73 V              ; -0.0566 V           ; 0.191 V                              ; 0.12 V                               ; 2.69e-10 s                  ; 2.76e-10 s                  ; Yes                        ; Yes                        ; 2.62 V                      ; 4.11e-08 V                  ; 2.73 V             ; -0.0566 V          ; 0.191 V                             ; 0.12 V                              ; 2.69e-10 s                 ; 2.76e-10 s                 ; Yes                       ; Yes                       ;
; Result[5]     ; 2.5 V        ; 0 s                 ; 0 s                 ; 2.62 V                       ; 4.11e-08 V                   ; 2.73 V              ; -0.0566 V           ; 0.191 V                              ; 0.12 V                               ; 2.69e-10 s                  ; 2.76e-10 s                  ; Yes                        ; Yes                        ; 2.62 V                      ; 4.11e-08 V                  ; 2.73 V             ; -0.0566 V          ; 0.191 V                             ; 0.12 V                              ; 2.69e-10 s                 ; 2.76e-10 s                 ; Yes                       ; Yes                       ;
; Result[6]     ; 2.5 V        ; 0 s                 ; 0 s                 ; 2.62 V                       ; 4.11e-08 V                   ; 2.73 V              ; -0.0566 V           ; 0.191 V                              ; 0.12 V                               ; 2.69e-10 s                  ; 2.76e-10 s                  ; Yes                        ; Yes                        ; 2.62 V                      ; 4.11e-08 V                  ; 2.73 V             ; -0.0566 V          ; 0.191 V                             ; 0.12 V                              ; 2.69e-10 s                 ; 2.76e-10 s                 ; Yes                       ; Yes                       ;
; Result[7]     ; 2.5 V        ; 0 s                 ; 0 s                 ; 2.62 V                       ; 4.11e-08 V                   ; 2.73 V              ; -0.0566 V           ; 0.191 V                              ; 0.12 V                               ; 2.69e-10 s                  ; 2.76e-10 s                  ; Yes                        ; Yes                        ; 2.62 V                      ; 4.11e-08 V                  ; 2.73 V             ; -0.0566 V          ; 0.191 V                             ; 0.12 V                              ; 2.69e-10 s                 ; 2.76e-10 s                 ; Yes                       ; Yes                       ;
; N_flag        ; 2.5 V        ; 0 s                 ; 0 s                 ; 2.62 V                       ; 4.11e-08 V                   ; 2.73 V              ; -0.0566 V           ; 0.191 V                              ; 0.12 V                               ; 2.69e-10 s                  ; 2.76e-10 s                  ; Yes                        ; Yes                        ; 2.62 V                      ; 4.11e-08 V                  ; 2.73 V             ; -0.0566 V          ; 0.191 V                             ; 0.12 V                              ; 2.69e-10 s                 ; 2.76e-10 s                 ; Yes                       ; Yes                       ;
; Z_flag        ; 2.5 V        ; 0 s                 ; 0 s                 ; 2.62 V                       ; 4.11e-08 V                   ; 2.73 V              ; -0.0566 V           ; 0.191 V                              ; 0.12 V                               ; 2.69e-10 s                  ; 2.76e-10 s                  ; Yes                        ; Yes                        ; 2.62 V                      ; 4.11e-08 V                  ; 2.73 V             ; -0.0566 V          ; 0.191 V                             ; 0.12 V                              ; 2.69e-10 s                 ; 2.76e-10 s                 ; Yes                       ; Yes                       ;
; V_flag        ; 2.5 V        ; 0 s                 ; 0 s                 ; 2.62 V                       ; 4.11e-08 V                   ; 2.73 V              ; -0.0566 V           ; 0.191 V                              ; 0.12 V                               ; 2.69e-10 s                  ; 2.76e-10 s                  ; Yes                        ; Yes                        ; 2.62 V                      ; 4.11e-08 V                  ; 2.73 V             ; -0.0566 V          ; 0.191 V                             ; 0.12 V                              ; 2.69e-10 s                 ; 2.76e-10 s                 ; Yes                       ; Yes                       ;
; C_flag        ; 2.5 V        ; 0 s                 ; 0 s                 ; 2.62 V                       ; 4.11e-08 V                   ; 2.73 V              ; -0.0566 V           ; 0.191 V                              ; 0.12 V                               ; 2.69e-10 s                  ; 2.76e-10 s                  ; Yes                        ; Yes                        ; 2.62 V                      ; 4.11e-08 V                  ; 2.73 V             ; -0.0566 V          ; 0.191 V                             ; 0.12 V                              ; 2.69e-10 s                 ; 2.76e-10 s                 ; Yes                       ; Yes                       ;
; ~ALTERA_DCLK~ ; 2.5 V        ; 0 s                 ; 0 s                 ; 2.62 V                       ; 2.22e-08 V                   ; 2.72 V              ; -0.0747 V           ; 0.28 V                               ; 0.169 V                              ; 3.1e-10 s                   ; 3.01e-10 s                  ; No                         ; Yes                        ; 2.62 V                      ; 2.22e-08 V                  ; 2.72 V             ; -0.0747 V          ; 0.28 V                              ; 0.169 V                             ; 3.1e-10 s                  ; 3.01e-10 s                 ; No                        ; Yes                       ;
; ~ALTERA_nCEO~ ; 2.5 V        ; 0 s                 ; 0 s                 ; 2.62 V                       ; 3.53e-08 V                   ; 2.7 V               ; -0.0212 V           ; 0.204 V                              ; 0.049 V                              ; 4.85e-10 s                  ; 6.73e-10 s                  ; No                         ; Yes                        ; 2.62 V                      ; 3.53e-08 V                  ; 2.7 V              ; -0.0212 V          ; 0.204 V                             ; 0.049 V                             ; 4.85e-10 s                 ; 6.73e-10 s                 ; No                        ; Yes                       ;
+---------------+--------------+---------------------+---------------------+------------------------------+------------------------------+---------------------+---------------------+--------------------------------------+--------------------------------------+-----------------------------+-----------------------------+----------------------------+----------------------------+-----------------------------+-----------------------------+--------------------+--------------------+-------------------------------------+-------------------------------------+----------------------------+----------------------------+---------------------------+---------------------------+


-------------------
; Clock Transfers ;
-------------------
Nothing to report.


---------------
; Report TCCS ;
---------------
No dedicated SERDES Transmitter circuitry present in device or used in design


---------------
; Report RSKM ;
---------------
No non-DPA dedicated SERDES Receiver circuitry present in device or used in design


+------------------------------------------------+
; Unconstrained Paths                            ;
+---------------------------------+-------+------+
; Property                        ; Setup ; Hold ;
+---------------------------------+-------+------+
; Illegal Clocks                  ; 0     ; 0    ;
; Unconstrained Clocks            ; 0     ; 0    ;
; Unconstrained Input Ports       ; 18    ; 18   ;
; Unconstrained Input Port Paths  ; 160   ; 160  ;
; Unconstrained Output Ports      ; 12    ; 12   ;
; Unconstrained Output Port Paths ; 160   ; 160  ;
+---------------------------------+-------+------+


+------------------------------------+
; TimeQuest Timing Analyzer Messages ;
+------------------------------------+
Info: *******************************************************************
Info: Running Quartus II 64-Bit TimeQuest Timing Analyzer
    Info: Version 13.1.0 Build 162 10/23/2013 SJ Web Edition
    Info: Processing started: Mon Nov 24 09:41:58 2025
Info: Command: quartus_sta ALU -c ALU
Info: qsta_default_script.tcl version: #1
Warning (20028): Parallel compilation is not licensed and has been disabled
Info (21077): Core supply voltage is 1.2V
Info (21077): Low junction temperature is 0 degrees C
Info (21077): High junction temperature is 85 degrees C
Critical Warning (332012): Synopsys Design Constraints File file not found: 'ALU.sdc'. A Synopsys Design Constraints File is required by the TimeQuest Timing Analyzer to get proper timing constraints. Without it, the Compiler will not properly optimize the design.
Info (332142): No user constrained base clocks found in the design. Calling "derive_clocks -period 1.0"
Info (332096): The command derive_clocks did not find any clocks to derive.  No clocks were created or changed.
Warning (332068): No clocks defined in design.
Info (332143): No user constrained clock uncertainty found in the design. Calling "derive_clock_uncertainty"
Info (332154): The derive_clock_uncertainty command did not apply clock uncertainty to any clock-to-clock transfers.
Info: Found TIMEQUEST_REPORT_SCRIPT_INCLUDE_DEFAULT_ANALYSIS = ON
Info (332159): No clocks to report
Info: Analyzing Slow 1200mV 85C Model
Info (332140): No fmax paths to report
Info (332140): No Setup paths to report
Info (332140): No Hold paths to report
Info (332140): No Recovery paths to report
Info (332140): No Removal paths to report
Info (332140): No Minimum Pulse Width paths to report
Info: Analyzing Slow 1200mV 0C Model
Info (334003): Started post-fitting delay annotation
Info (334004): Delay annotation completed successfully
Info (332142): No user constrained base clocks found in the design. Calling "derive_clocks -period 1.0"
Info (332096): The command derive_clocks did not find any clocks to derive.  No clocks were created or changed.
Warning (332068): No clocks defined in design.
Info (332154): The derive_clock_uncertainty command did not apply clock uncertainty to any clock-to-clock transfers.
Info (332140): No fmax paths to report
Info (332140): No Setup paths to report
Info (332140): No Hold paths to report
Info (332140): No Recovery paths to report
Info (332140): No Removal paths to report
Info (332140): No Minimum Pulse Width paths to report
Info: Analyzing Fast 1200mV 0C Model
Info (332142): No user constrained base clocks found in the design. Calling "derive_clocks -period 1.0"
Info (332096): The command derive_clocks did not find any clocks to derive.  No clocks were created or changed.
Warning (332068): No clocks defined in design.
Info (332154): The derive_clock_uncertainty command did not apply clock uncertainty to any clock-to-clock transfers.
Info (332140): No Setup paths to report
Info (332140): No Hold paths to report
Info (332140): No Recovery paths to report
Info (332140): No Removal paths to report
Info (332140): No Minimum Pulse Width paths to report
Info (332102): Design is not fully constrained for setup requirements
Info (332102): Design is not fully constrained for hold requirements
Info: Quartus II 64-Bit TimeQuest Timing Analyzer was successful. 0 errors, 5 warnings
    Info: Peak virtual memory: 4614 megabytes
    Info: Processing ended: Mon Nov 24 09:42:00 2025
    Info: Elapsed time: 00:00:02
    Info: Total CPU time (on all processors): 00:00:02


