TimeQuest Timing Analyzer report for Top_ALU
Wed Nov 26 11:08:06 2025
Quartus II 64-Bit Version 13.1.0 Build 162 10/23/2013 SJ Web Edition


---------------------
; Table of Contents ;
---------------------
  1. Legal Notice
  2. TimeQuest Timing Analyzer Summary
  3. Parallel Compilation
  4. Clocks
  5. Slow 1200mV 85C Model Fmax Summary
  6. Timing Closure Recommendations
  7. Slow 1200mV 85C Model Setup Summary
  8. Slow 1200mV 85C Model Hold Summary
  9. Slow 1200mV 85C Model Recovery Summary
 10. Slow 1200mV 85C Model Removal Summary
 11. Slow 1200mV 85C Model Minimum Pulse Width Summary
 12. Propagation Delay
 13. Minimum Propagation Delay
 14. Slow 1200mV 85C Model Metastability Report
 15. Slow 1200mV 0C Model Fmax Summary
 16. Slow 1200mV 0C Model Setup Summary
 17. Slow 1200mV 0C Model Hold Summary
 18. Slow 1200mV 0C Model Recovery Summary
 19. Slow 1200mV 0C Model Removal Summary
 20. Slow 1200mV 0C Model Minimum Pulse Width Summary
 21. Propagation Delay
 22. Minimum Propagation Delay
 23. Slow 1200mV 0C Model Metastability Report
 24. Fast 1200mV 0C Model Setup Summary
 25. Fast 1200mV 0C Model Hold Summary
 26. Fast 1200mV 0C Model Recovery Summary
 27. Fast 1200mV 0C Model Removal Summary
 28. Fast 1200mV 0C Model Minimum Pulse Width Summary
 29. Propagation Delay
 30. Minimum Propagation Delay
 31. Fast 1200mV 0C Model Metastability Report
 32. Multicorner Timing Analysis Summary
 33. Propagation Delay
 34. Minimum Propagation Delay
 35. Board Trace Model Assignments
 36. Input Transition Times
 37. Slow Corner Signal Integrity Metrics
 38. Fast Corner Signal Integrity Metrics
 39. Clock Transfers
 40. Report TCCS
 41. Report RSKM
 42. Unconstrained Paths
 43. TimeQuest Timing Analyzer Messages



----------------
; Legal Notice ;
----------------
Copyright (C) 1991-2013 Altera Corporation
Your use of Altera Corporation's design tools, logic functions 
and other software and tools, and its AMPP partner logic 
functions, and any output files from any of the foregoing 
(including device programming or simulation files), and any 
associated documentation or information are expressly subject 
to the terms and conditions of the Altera Program License 
Subscription Agreement, Altera MegaCore Function License 
Agreement, or other applicable license agreement, including, 
without limitation, that your use is for the sole purpose of 
programming logic devices manufactured by Altera and sold by 
Altera or its authorized distributors.  Please refer to the 
applicable agreement for further details.



+-------------------------------------------------------------------------+
; TimeQuest Timing Analyzer Summary                                       ;
+--------------------+----------------------------------------------------+
; Quartus II Version ; Version 13.1.0 Build 162 10/23/2013 SJ Web Edition ;
; Revision Name      ; Top_ALU                                            ;
; Device Family      ; Cyclone III                                        ;
; Device Name        ; EP3C16F484C6                                       ;
; Timing Models      ; Final                                              ;
; Delay Model        ; Combined                                           ;
; Rise/Fall Delays   ; Enabled                                            ;
+--------------------+----------------------------------------------------+


Parallel compilation was disabled, but you have multiple processors available. Enable parallel compilation to reduce compilation time.
+-------------------------------------+
; Parallel Compilation                ;
+----------------------------+--------+
; Processors                 ; Number ;
+----------------------------+--------+
; Number detected on machine ; 16     ;
; Maximum allowed            ; 1      ;
+----------------------------+--------+


----------
; Clocks ;
----------
No clocks to report.


--------------------------------------
; Slow 1200mV 85C Model Fmax Summary ;
--------------------------------------
No paths to report.


----------------------------------
; Timing Closure Recommendations ;
----------------------------------
HTML report is unavailable in plain text report export.


---------------------------------------
; Slow 1200mV 85C Model Setup Summary ;
---------------------------------------
No paths to report.


--------------------------------------
; Slow 1200mV 85C Model Hold Summary ;
--------------------------------------
No paths to report.


------------------------------------------
; Slow 1200mV 85C Model Recovery Summary ;
------------------------------------------
No paths to report.


-----------------------------------------
; Slow 1200mV 85C Model Removal Summary ;
-----------------------------------------
No paths to report.


-----------------------------------------------------
; Slow 1200mV 85C Model Minimum Pulse Width Summary ;
-----------------------------------------------------
No paths to report.


+--------------------------------------------------------------------+
; Propagation Delay                                                  ;
+-----------------+--------------+--------+--------+--------+--------+
; Input Port      ; Output Port  ; RR     ; RF     ; FR     ; FF     ;
+-----------------+--------------+--------+--------+--------+--------+
; dip_switches[0] ; display_0[0] ; 11.967 ; 11.912 ; 12.459 ; 12.404 ;
; dip_switches[0] ; display_0[1] ; 12.041 ; 11.981 ; 12.533 ; 12.473 ;
; dip_switches[0] ; display_0[2] ; 11.957 ; 11.929 ; 12.449 ; 12.421 ;
; dip_switches[0] ; display_0[3] ; 11.996 ; 11.940 ; 12.488 ; 12.432 ;
; dip_switches[0] ; display_0[4] ; 11.937 ; 11.888 ; 12.429 ; 12.380 ;
; dip_switches[0] ; display_0[5] ; 11.904 ; 11.847 ; 12.396 ; 12.339 ;
; dip_switches[0] ; display_0[6] ; 12.160 ; 12.161 ; 12.652 ; 12.653 ;
; dip_switches[0] ; display_1[0] ; 11.872 ; 11.733 ; 12.364 ; 12.225 ;
; dip_switches[0] ; display_1[1] ; 12.121 ; 12.088 ; 12.613 ; 12.580 ;
; dip_switches[0] ; display_1[2] ; 11.570 ; 11.590 ; 12.062 ; 12.082 ;
; dip_switches[0] ; display_1[3] ; 12.131 ; 12.077 ; 12.623 ; 12.569 ;
; dip_switches[0] ; display_1[4] ; 11.875 ; 11.761 ; 12.367 ; 12.253 ;
; dip_switches[0] ; display_1[5] ; 11.871 ; 11.853 ; 12.363 ; 12.345 ;
; dip_switches[0] ; display_1[6] ; 12.484 ; 12.488 ; 12.976 ; 12.980 ;
; dip_switches[0] ; display_2[0] ; 8.113  ; 8.079  ; 8.600  ; 8.585  ;
; dip_switches[0] ; display_2[1] ; 7.425  ; 7.454  ; 7.954  ; 7.905  ;
; dip_switches[0] ; display_2[2] ;        ; 8.140  ; 8.673  ;        ;
; dip_switches[0] ; display_2[3] ; 7.882  ; 7.841  ; 8.369  ; 8.347  ;
; dip_switches[0] ; display_2[4] ; 7.890  ;        ;        ; 8.380  ;
; dip_switches[0] ; display_2[5] ; 8.367  ;        ;        ; 8.827  ;
; dip_switches[0] ; display_2[6] ; 7.689  ; 7.634  ; 8.100  ; 8.197  ;
; dip_switches[0] ; leds[0]      ; 10.111 ; 10.160 ; 10.603 ; 10.652 ;
; dip_switches[0] ; leds[1]      ; 10.873 ; 10.896 ; 11.452 ; 11.466 ;
; dip_switches[0] ; leds[2]      ; 14.037 ; 14.396 ; 14.574 ; 14.887 ;
; dip_switches[0] ; leds[3]      ; 11.691 ; 11.709 ; 12.183 ; 12.201 ;
; dip_switches[1] ; display_0[0] ; 11.838 ; 11.749 ; 12.339 ; 12.250 ;
; dip_switches[1] ; display_0[1] ; 11.912 ; 11.848 ; 12.413 ; 12.349 ;
; dip_switches[1] ; display_0[2] ; 11.784 ; 11.800 ; 12.285 ; 12.301 ;
; dip_switches[1] ; display_0[3] ; 11.867 ; 11.765 ; 12.368 ; 12.266 ;
; dip_switches[1] ; display_0[4] ; 11.808 ; 11.713 ; 12.309 ; 12.214 ;
; dip_switches[1] ; display_0[5] ; 11.774 ; 11.716 ; 12.275 ; 12.217 ;
; dip_switches[1] ; display_0[6] ; 11.992 ; 12.032 ; 12.493 ; 12.533 ;
; dip_switches[1] ; display_1[0] ; 11.743 ; 11.628 ; 12.244 ; 12.129 ;
; dip_switches[1] ; display_1[1] ; 11.992 ; 11.983 ; 12.493 ; 12.484 ;
; dip_switches[1] ; display_1[2] ; 11.508 ; 11.461 ; 12.009 ; 11.962 ;
; dip_switches[1] ; display_1[3] ; 12.002 ; 11.948 ; 12.503 ; 12.449 ;
; dip_switches[1] ; display_1[4] ; 11.746 ; 11.708 ; 12.247 ; 12.209 ;
; dip_switches[1] ; display_1[5] ; 11.742 ; 11.724 ; 12.243 ; 12.225 ;
; dip_switches[1] ; display_1[6] ; 12.355 ; 12.359 ; 12.856 ; 12.860 ;
; dip_switches[1] ; display_2[0] ; 7.866  ; 7.928  ; 8.456  ; 8.366  ;
; dip_switches[1] ; display_2[1] ; 7.248  ; 7.273  ; 7.765  ; 7.726  ;
; dip_switches[1] ; display_2[2] ; 7.970  ;        ;        ; 8.444  ;
; dip_switches[1] ; display_2[3] ; 7.678  ; 7.693  ; 8.228  ; 8.170  ;
; dip_switches[1] ; display_2[4] ;        ; 7.664  ; 8.191  ;        ;
; dip_switches[1] ; display_2[5] ; 8.182  ; 8.121  ; 8.655  ; 8.645  ;
; dip_switches[1] ; display_2[6] ; 7.508  ; 7.506  ; 8.007  ; 8.008  ;
; dip_switches[1] ; leds[0]      ; 10.154 ; 10.157 ; 10.655 ; 10.658 ;
; dip_switches[1] ; leds[1]      ; 10.918 ; 10.932 ; 11.312 ; 11.326 ;
; dip_switches[1] ; leds[2]      ; 14.166 ; 14.525 ; 14.434 ; 14.747 ;
; dip_switches[1] ; leds[3]      ; 11.516 ; 11.580 ; 12.017 ; 12.081 ;
; dip_switches[2] ; display_0[0] ; 12.043 ; 11.988 ; 12.615 ; 12.560 ;
; dip_switches[2] ; display_0[1] ; 12.117 ; 12.057 ; 12.689 ; 12.629 ;
; dip_switches[2] ; display_0[2] ; 12.033 ; 12.005 ; 12.605 ; 12.577 ;
; dip_switches[2] ; display_0[3] ; 12.072 ; 12.016 ; 12.644 ; 12.588 ;
; dip_switches[2] ; display_0[4] ; 12.013 ; 11.964 ; 12.585 ; 12.536 ;
; dip_switches[2] ; display_0[5] ; 11.980 ; 11.923 ; 12.552 ; 12.495 ;
; dip_switches[2] ; display_0[6] ; 12.236 ; 12.237 ; 12.808 ; 12.809 ;
; dip_switches[2] ; display_1[0] ; 11.948 ; 11.809 ; 12.520 ; 12.381 ;
; dip_switches[2] ; display_1[1] ; 12.197 ; 12.164 ; 12.769 ; 12.736 ;
; dip_switches[2] ; display_1[2] ; 11.646 ; 11.666 ; 12.218 ; 12.238 ;
; dip_switches[2] ; display_1[3] ; 12.207 ; 12.153 ; 12.779 ; 12.725 ;
; dip_switches[2] ; display_1[4] ; 11.951 ; 11.837 ; 12.523 ; 12.409 ;
; dip_switches[2] ; display_1[5] ; 11.947 ; 11.929 ; 12.519 ; 12.501 ;
; dip_switches[2] ; display_1[6] ; 12.560 ; 12.564 ; 13.132 ; 13.136 ;
; dip_switches[2] ; display_2[0] ; 8.111  ; 8.072  ; 8.651  ; 8.644  ;
; dip_switches[2] ; display_2[1] ; 7.439  ;        ;        ; 7.997  ;
; dip_switches[2] ; display_2[2] ; 8.147  ; 8.106  ; 8.689  ; 8.681  ;
; dip_switches[2] ; display_2[3] ; 7.883  ; 7.837  ; 8.423  ; 8.409  ;
; dip_switches[2] ; display_2[4] ; 7.882  ; 7.845  ; 8.419  ; 8.414  ;
; dip_switches[2] ; display_2[5] ; 8.358  ; 8.310  ; 8.900  ; 8.885  ;
; dip_switches[2] ; display_2[6] ; 7.660  ; 7.684  ; 8.231  ; 8.224  ;
; dip_switches[2] ; leds[0]      ; 10.187 ; 10.236 ; 10.759 ; 10.808 ;
; dip_switches[2] ; leds[1]      ; 11.068 ; 11.091 ; 11.340 ; 11.354 ;
; dip_switches[2] ; leds[2]      ; 13.853 ; 14.212 ; 14.462 ; 14.775 ;
; dip_switches[2] ; leds[3]      ; 11.767 ; 11.785 ; 12.339 ; 12.357 ;
; dip_switches[3] ; display_0[0] ; 11.414 ; 11.336 ; 11.907 ; 11.838 ;
; dip_switches[3] ; display_0[1] ; 11.488 ; 11.424 ; 11.981 ; 11.917 ;
; dip_switches[3] ; display_0[2] ; 11.381 ; 11.376 ; 11.883 ; 11.869 ;
; dip_switches[3] ; display_0[3] ; 11.443 ; 11.364 ; 11.936 ; 11.866 ;
; dip_switches[3] ; display_0[4] ; 11.384 ; 11.312 ; 11.877 ; 11.814 ;
; dip_switches[3] ; display_0[5] ; 11.350 ; 11.292 ; 11.843 ; 11.785 ;
; dip_switches[3] ; display_0[6] ; 11.584 ; 11.608 ; 12.086 ; 12.101 ;
; dip_switches[3] ; display_1[0] ; 11.685 ; 11.570 ; 12.187 ; 12.072 ;
; dip_switches[3] ; display_1[1] ; 11.934 ; 11.925 ; 12.436 ; 12.427 ;
; dip_switches[3] ; display_1[2] ; 11.450 ; 11.403 ; 11.952 ; 11.905 ;
; dip_switches[3] ; display_1[3] ; 11.944 ; 11.890 ; 12.446 ; 12.392 ;
; dip_switches[3] ; display_1[4] ; 11.688 ; 11.650 ; 12.190 ; 12.152 ;
; dip_switches[3] ; display_1[5] ; 11.684 ; 11.666 ; 12.186 ; 12.168 ;
; dip_switches[3] ; display_1[6] ; 12.297 ; 12.301 ; 12.799 ; 12.803 ;
; dip_switches[3] ; display_2[0] ; 7.943  ; 7.906  ; 8.449  ; 8.403  ;
; dip_switches[3] ; display_2[1] ; 7.266  ; 7.254  ; 7.778  ; 7.757  ;
; dip_switches[3] ; display_2[2] ; 7.972  ; 7.934  ; 8.481  ; 8.434  ;
; dip_switches[3] ; display_2[3] ; 7.709  ; 7.665  ; 8.218  ; 8.165  ;
; dip_switches[3] ; display_2[4] ;        ; 7.682  ; 8.227  ;        ;
; dip_switches[3] ; display_2[5] ; 8.195  ; 8.150  ; 8.704  ; 8.650  ;
; dip_switches[3] ; display_2[6] ; 7.488  ; 7.510  ; 7.990  ; 8.021  ;
; dip_switches[3] ; leds[0]      ; 10.096 ; 10.099 ; 10.598 ; 10.601 ;
; dip_switches[3] ; leds[1]      ; 11.122 ; 11.136 ; 11.606 ; 11.620 ;
; dip_switches[3] ; leds[2]      ; 14.370 ; 14.729 ; 14.728 ; 15.041 ;
; dip_switches[3] ; leds[3]      ; 11.473 ; 11.522 ; 11.966 ; 12.024 ;
; dip_switches[4] ; display_1[0] ; 11.030 ; 10.891 ; 11.538 ; 11.399 ;
; dip_switches[4] ; display_1[1] ; 11.279 ; 11.246 ; 11.787 ; 11.754 ;
; dip_switches[4] ; display_1[2] ; 10.728 ; 10.748 ; 11.236 ; 11.256 ;
; dip_switches[4] ; display_1[3] ; 11.289 ; 11.235 ; 11.797 ; 11.743 ;
; dip_switches[4] ; display_1[4] ; 11.033 ; 10.919 ; 11.541 ; 11.427 ;
; dip_switches[4] ; display_1[5] ; 11.029 ; 11.011 ; 11.537 ; 11.519 ;
; dip_switches[4] ; display_1[6] ; 11.642 ; 11.646 ; 12.150 ; 12.154 ;
; dip_switches[4] ; display_3[0] ; 9.292  ; 9.312  ; 9.856  ; 9.895  ;
; dip_switches[4] ; display_3[1] ; 9.247  ; 9.299  ; 9.852  ; 9.826  ;
; dip_switches[4] ; display_3[2] ;        ; 9.683  ; 10.268 ;        ;
; dip_switches[4] ; display_3[3] ; 8.856  ; 8.831  ; 9.420  ; 9.414  ;
; dip_switches[4] ; display_3[4] ; 8.389  ;        ;        ; 8.940  ;
; dip_switches[4] ; display_3[5] ; 9.625  ;        ;        ; 10.235 ;
; dip_switches[4] ; display_3[6] ; 9.733  ; 9.678  ; 10.287 ; 10.241 ;
; dip_switches[4] ; leds[0]      ; 9.269  ; 9.318  ; 9.777  ; 9.826  ;
; dip_switches[4] ; leds[1]      ; 11.744 ; 11.767 ; 12.143 ; 12.169 ;
; dip_switches[4] ; leds[2]      ; 13.995 ; 14.326 ; 14.635 ; 14.920 ;
; dip_switches[4] ; leds[3]      ; 10.849 ; 10.867 ; 11.357 ; 11.375 ;
; dip_switches[5] ; display_1[0] ; 8.437  ; 8.384  ; 8.586  ; 8.533  ;
; dip_switches[5] ; display_1[1] ; 8.699  ; 8.744  ; 8.848  ; 8.893  ;
; dip_switches[5] ; display_1[2] ; 8.221  ; 8.208  ; 8.370  ; 8.357  ;
; dip_switches[5] ; display_1[3] ; 8.697  ; 8.702  ; 8.846  ; 8.851  ;
; dip_switches[5] ; display_1[4] ; 8.485  ; 8.444  ; 8.634  ; 8.593  ;
; dip_switches[5] ; display_1[5] ; 8.486  ; 8.472  ; 8.635  ; 8.621  ;
; dip_switches[5] ; display_1[6] ; 9.083  ; 9.072  ; 9.232  ; 9.221  ;
; dip_switches[5] ; display_3[0] ; 6.567  ; 6.683  ; 6.757  ; 6.721  ;
; dip_switches[5] ; display_3[1] ; 6.590  ; 6.638  ; 6.711  ; 6.695  ;
; dip_switches[5] ; display_3[2] ; 7.003  ;        ;        ; 7.101  ;
; dip_switches[5] ; display_3[3] ; 6.172  ; 6.203  ; 6.321  ; 6.279  ;
; dip_switches[5] ; display_3[4] ;        ; 5.057  ; 5.206  ;        ;
; dip_switches[5] ; display_3[5] ; 6.303  ; 6.353  ; 6.442  ; 6.525  ;
; dip_switches[5] ; display_3[6] ; 6.409  ; 6.356  ; 6.582  ; 6.496  ;
; dip_switches[5] ; leds[0]      ; 7.154  ; 7.157  ; 7.303  ; 7.306  ;
; dip_switches[5] ; leds[1]      ; 8.500  ; 8.514  ; 8.560  ; 8.574  ;
; dip_switches[5] ; leds[2]      ; 11.576 ; 11.907 ; 11.510 ; 11.795 ;
; dip_switches[5] ; leds[3]      ; 8.556  ; 8.580  ; 8.696  ; 8.729  ;
; dip_switches[6] ; display_1[0] ; 10.579 ; 10.487 ; 11.120 ; 11.028 ;
; dip_switches[6] ; display_1[1] ; 10.841 ; 10.836 ; 11.382 ; 11.377 ;
; dip_switches[6] ; display_1[2] ; 10.361 ; 10.309 ; 10.902 ; 10.850 ;
; dip_switches[6] ; display_1[3] ; 10.836 ; 10.802 ; 11.377 ; 11.343 ;
; dip_switches[6] ; display_1[4] ; 10.623 ; 10.535 ; 11.164 ; 11.076 ;
; dip_switches[6] ; display_1[5] ; 10.624 ; 10.571 ; 11.165 ; 11.112 ;
; dip_switches[6] ; display_1[6] ; 11.180 ; 11.207 ; 11.721 ; 11.748 ;
; dip_switches[6] ; display_3[0] ; 8.848  ; 8.863  ; 9.361  ; 9.408  ;
; dip_switches[6] ; display_3[1] ; 8.816  ;        ;        ; 9.365  ;
; dip_switches[6] ; display_3[2] ; 9.213  ; 9.198  ; 9.724  ; 9.742  ;
; dip_switches[6] ; display_3[3] ; 8.413  ; 8.383  ; 8.926  ; 8.928  ;
; dip_switches[6] ; display_3[4] ; 7.893  ; 7.867  ; 8.288  ; 8.320  ;
; dip_switches[6] ; display_3[5] ; 9.064  ; 9.177  ; 9.541  ; 9.574  ;
; dip_switches[6] ; display_3[6] ; 9.272  ; 9.185  ; 9.672  ; 9.629  ;
; dip_switches[6] ; leds[0]      ; 9.214  ; 9.263  ; 9.755  ; 9.804  ;
; dip_switches[6] ; leds[1]      ; 10.867 ; 10.890 ; 11.437 ; 11.451 ;
; dip_switches[6] ; leds[2]      ; 13.499 ; 13.773 ; 14.218 ; 14.538 ;
; dip_switches[6] ; leds[3]      ; 10.794 ; 10.812 ; 11.335 ; 11.353 ;
; dip_switches[7] ; display_1[0] ; 7.789  ; 7.697  ; 7.881  ; 7.789  ;
; dip_switches[7] ; display_1[1] ; 8.051  ; 8.046  ; 8.143  ; 8.138  ;
; dip_switches[7] ; display_1[2] ; 7.571  ; 7.519  ; 7.663  ; 7.611  ;
; dip_switches[7] ; display_1[3] ; 8.046  ; 8.012  ; 8.138  ; 8.104  ;
; dip_switches[7] ; display_1[4] ; 7.833  ; 7.702  ; 7.925  ; 7.798  ;
; dip_switches[7] ; display_1[5] ; 7.834  ; 7.781  ; 7.926  ; 7.873  ;
; dip_switches[7] ; display_1[6] ; 8.390  ; 8.417  ; 8.482  ; 8.509  ;
; dip_switches[7] ; display_3[0] ; 6.239  ; 6.256  ; 6.359  ; 6.367  ;
; dip_switches[7] ; display_3[1] ; 6.212  ; 6.223  ; 6.328  ; 6.330  ;
; dip_switches[7] ; display_3[2] ; 6.611  ; 6.599  ; 6.727  ; 6.706  ;
; dip_switches[7] ; display_3[3] ; 5.804  ; 5.776  ; 5.923  ; 5.886  ;
; dip_switches[7] ; display_3[4] ;        ; 5.271  ; 5.435  ;        ;
; dip_switches[7] ; display_3[5] ; 6.416  ; 6.535  ; 6.627  ; 6.663  ;
; dip_switches[7] ; display_3[6] ; 6.617  ; 6.527  ; 6.757  ; 6.724  ;
; dip_switches[7] ; leds[0]      ; 6.933  ; 6.936  ; 7.034  ; 7.037  ;
; dip_switches[7] ; leds[1]      ; 7.616  ; 7.630  ; 7.720  ; 7.734  ;
; dip_switches[7] ; leds[2]      ; 10.397 ; 10.709 ; 10.501 ; 10.822 ;
; dip_switches[7] ; leds[3]      ; 7.961  ; 8.022  ; 8.057  ; 8.114  ;
; switches[0]     ; display_0[0] ; 10.843 ; 10.754 ; 11.497 ; 11.442 ;
; switches[0]     ; display_0[1] ; 10.917 ; 10.853 ; 11.571 ; 11.511 ;
; switches[0]     ; display_0[2] ; 10.789 ; 10.805 ; 11.487 ; 11.459 ;
; switches[0]     ; display_0[3] ; 10.872 ; 10.770 ; 11.526 ; 11.470 ;
; switches[0]     ; display_0[4] ; 10.813 ; 10.718 ; 11.467 ; 11.418 ;
; switches[0]     ; display_0[5] ; 10.779 ; 10.721 ; 11.434 ; 11.377 ;
; switches[0]     ; display_0[6] ; 10.997 ; 11.037 ; 11.690 ; 11.691 ;
; switches[0]     ; display_1[0] ; 10.748 ; 10.633 ; 11.402 ; 11.263 ;
; switches[0]     ; display_1[1] ; 10.997 ; 10.988 ; 11.651 ; 11.618 ;
; switches[0]     ; display_1[2] ; 10.513 ; 10.466 ; 11.100 ; 11.120 ;
; switches[0]     ; display_1[3] ; 11.007 ; 10.953 ; 11.661 ; 11.607 ;
; switches[0]     ; display_1[4] ; 10.751 ; 10.713 ; 11.405 ; 11.291 ;
; switches[0]     ; display_1[5] ; 10.747 ; 10.729 ; 11.401 ; 11.383 ;
; switches[0]     ; display_1[6] ; 11.360 ; 11.364 ; 12.014 ; 12.018 ;
; switches[0]     ; leds[0]      ; 9.159  ; 9.162  ; 9.641  ; 9.690  ;
; switches[0]     ; leds[1]      ; 11.844 ; 11.867 ; 12.178 ; 12.204 ;
; switches[0]     ; leds[2]      ; 14.765 ; 15.078 ; 15.234 ; 15.593 ;
; switches[0]     ; leds[3]      ; 10.521 ; 10.585 ; 11.221 ; 11.239 ;
; switches[1]     ; display_0[0] ; 10.864 ; 10.775 ; 11.294 ; 11.239 ;
; switches[1]     ; display_0[1] ; 10.938 ; 10.874 ; 11.368 ; 11.308 ;
; switches[1]     ; display_0[2] ; 10.810 ; 10.826 ; 11.284 ; 11.256 ;
; switches[1]     ; display_0[3] ; 10.893 ; 10.791 ; 11.323 ; 11.267 ;
; switches[1]     ; display_0[4] ; 10.834 ; 10.739 ; 11.264 ; 11.215 ;
; switches[1]     ; display_0[5] ; 10.800 ; 10.742 ; 11.231 ; 11.174 ;
; switches[1]     ; display_0[6] ; 11.018 ; 11.058 ; 11.487 ; 11.488 ;
; switches[1]     ; display_1[0] ; 10.769 ; 10.654 ; 11.199 ; 11.060 ;
; switches[1]     ; display_1[1] ; 11.018 ; 11.009 ; 11.448 ; 11.415 ;
; switches[1]     ; display_1[2] ; 10.534 ; 10.487 ; 10.897 ; 10.917 ;
; switches[1]     ; display_1[3] ; 11.028 ; 10.974 ; 11.458 ; 11.404 ;
; switches[1]     ; display_1[4] ; 10.772 ; 10.734 ; 11.202 ; 11.088 ;
; switches[1]     ; display_1[5] ; 10.768 ; 10.750 ; 11.198 ; 11.180 ;
; switches[1]     ; display_1[6] ; 11.381 ; 11.385 ; 11.811 ; 11.815 ;
; switches[1]     ; leds[0]      ; 9.180  ; 9.183  ; 9.438  ; 9.487  ;
; switches[1]     ; leds[1]      ; 11.683 ; 11.706 ; 12.232 ; 12.258 ;
; switches[1]     ; leds[2]      ; 14.109 ; 14.422 ; 14.797 ; 15.156 ;
; switches[1]     ; leds[3]      ; 10.542 ; 10.606 ; 11.018 ; 11.036 ;
; switches[2]     ; display_0[0] ; 11.056 ; 10.967 ; 11.704 ; 11.649 ;
; switches[2]     ; display_0[1] ; 11.130 ; 11.066 ; 11.778 ; 11.718 ;
; switches[2]     ; display_0[2] ; 11.002 ; 11.018 ; 11.694 ; 11.666 ;
; switches[2]     ; display_0[3] ; 11.085 ; 10.983 ; 11.733 ; 11.677 ;
; switches[2]     ; display_0[4] ; 11.026 ; 10.931 ; 11.674 ; 11.625 ;
; switches[2]     ; display_0[5] ; 10.992 ; 10.934 ; 11.641 ; 11.584 ;
; switches[2]     ; display_0[6] ; 11.210 ; 11.250 ; 11.897 ; 11.898 ;
; switches[2]     ; display_1[0] ; 10.961 ; 10.846 ; 11.609 ; 11.470 ;
; switches[2]     ; display_1[1] ; 11.210 ; 11.201 ; 11.858 ; 11.825 ;
; switches[2]     ; display_1[2] ; 10.726 ; 10.679 ; 11.307 ; 11.327 ;
; switches[2]     ; display_1[3] ; 11.220 ; 11.166 ; 11.868 ; 11.814 ;
; switches[2]     ; display_1[4] ; 10.964 ; 10.926 ; 11.612 ; 11.498 ;
; switches[2]     ; display_1[5] ; 10.960 ; 10.942 ; 11.608 ; 11.590 ;
; switches[2]     ; display_1[6] ; 11.573 ; 11.577 ; 12.221 ; 12.225 ;
; switches[2]     ; leds[0]      ; 9.372  ; 9.375  ; 9.848  ; 9.897  ;
; switches[2]     ; leds[1]      ; 11.426 ; 11.449 ; 11.739 ; 11.765 ;
; switches[2]     ; leds[2]      ; 14.354 ; 14.667 ; 14.768 ; 15.127 ;
; switches[2]     ; leds[3]      ; 10.734 ; 10.798 ; 11.428 ; 11.446 ;
; switches[3]     ; display_0[0] ; 10.619 ; 10.572 ; 11.118 ; 11.029 ;
; switches[3]     ; display_0[1] ; 10.693 ; 10.641 ; 11.192 ; 11.128 ;
; switches[3]     ; display_0[2] ; 10.617 ; 10.581 ; 11.065 ; 11.080 ;
; switches[3]     ; display_0[3] ; 10.648 ; 10.600 ; 11.147 ; 11.048 ;
; switches[3]     ; display_0[4] ; 10.589 ; 10.548 ; 11.088 ; 10.996 ;
; switches[3]     ; display_0[5] ; 10.564 ; 10.507 ; 11.054 ; 10.996 ;
; switches[3]     ; display_0[6] ; 10.820 ; 10.816 ; 11.272 ; 11.312 ;
; switches[3]     ; display_1[0] ; 10.917 ; 10.802 ; 11.354 ; 11.215 ;
; switches[3]     ; display_1[1] ; 11.166 ; 11.157 ; 11.603 ; 11.570 ;
; switches[3]     ; display_1[2] ; 10.682 ; 10.635 ; 11.052 ; 11.072 ;
; switches[3]     ; display_1[3] ; 11.176 ; 11.122 ; 11.613 ; 11.559 ;
; switches[3]     ; display_1[4] ; 10.920 ; 10.882 ; 11.357 ; 11.243 ;
; switches[3]     ; display_1[5] ; 10.916 ; 10.898 ; 11.353 ; 11.335 ;
; switches[3]     ; display_1[6] ; 11.529 ; 11.533 ; 11.966 ; 11.970 ;
; switches[3]     ; leds[0]      ; 9.328  ; 9.331  ; 9.593  ; 9.642  ;
; switches[3]     ; leds[1]      ; 11.347 ; 11.370 ; 11.886 ; 11.912 ;
; switches[3]     ; leds[2]      ; 13.970 ; 14.283 ; 14.637 ; 14.996 ;
; switches[3]     ; leds[3]      ; 10.690 ; 10.754 ; 11.173 ; 11.191 ;
; switches[4]     ; display_1[0] ; 10.798 ; 10.655 ; 11.458 ; 11.319 ;
; switches[4]     ; display_1[1] ; 11.047 ; 11.014 ; 11.707 ; 11.674 ;
; switches[4]     ; display_1[2] ; 10.450 ; 10.516 ; 11.156 ; 11.176 ;
; switches[4]     ; display_1[3] ; 11.057 ; 11.003 ; 11.717 ; 11.663 ;
; switches[4]     ; display_1[4] ; 10.801 ; 10.641 ; 11.461 ; 11.347 ;
; switches[4]     ; display_1[5] ; 10.797 ; 10.779 ; 11.457 ; 11.439 ;
; switches[4]     ; display_1[6] ; 11.410 ; 11.414 ; 12.070 ; 12.074 ;
; switches[4]     ; leds[0]      ; 9.209  ; 9.212  ; 9.697  ; 9.746  ;
; switches[4]     ; leds[1]      ; 11.441 ; 11.464 ; 11.796 ; 11.822 ;
; switches[4]     ; leds[2]      ; 13.911 ; 14.196 ; 14.372 ; 14.703 ;
; switches[4]     ; leds[3]      ; 10.571 ; 10.635 ; 11.277 ; 11.295 ;
; switches[5]     ; display_1[0] ; 10.240 ; 10.187 ; 10.669 ; 10.526 ;
; switches[5]     ; display_1[1] ; 10.502 ; 10.547 ; 10.918 ; 10.885 ;
; switches[5]     ; display_1[2] ; 10.024 ; 10.011 ; 10.390 ; 10.387 ;
; switches[5]     ; display_1[3] ; 10.500 ; 10.505 ; 10.928 ; 10.874 ;
; switches[5]     ; display_1[4] ; 10.288 ; 10.247 ; 10.672 ; 10.579 ;
; switches[5]     ; display_1[5] ; 10.289 ; 10.275 ; 10.668 ; 10.650 ;
; switches[5]     ; display_1[6] ; 10.886 ; 10.875 ; 11.281 ; 11.285 ;
; switches[5]     ; leds[0]      ; 8.957  ; 8.960  ; 9.243  ; 9.292  ;
; switches[5]     ; leds[1]      ; 11.734 ; 11.757 ; 12.269 ; 12.295 ;
; switches[5]     ; leds[2]      ; 13.502 ; 13.787 ; 14.167 ; 14.498 ;
; switches[5]     ; leds[3]      ; 10.319 ; 10.383 ; 10.823 ; 10.841 ;
; switches[6]     ; display_1[0] ; 10.310 ; 10.218 ; 10.966 ; 10.874 ;
; switches[6]     ; display_1[1] ; 10.572 ; 10.567 ; 11.228 ; 11.223 ;
; switches[6]     ; display_1[2] ; 10.092 ; 10.040 ; 10.748 ; 10.696 ;
; switches[6]     ; display_1[3] ; 10.567 ; 10.533 ; 11.223 ; 11.189 ;
; switches[6]     ; display_1[4] ; 10.354 ; 10.220 ; 11.010 ; 10.922 ;
; switches[6]     ; display_1[5] ; 10.355 ; 10.302 ; 11.011 ; 10.958 ;
; switches[6]     ; display_1[6] ; 10.911 ; 10.938 ; 11.567 ; 11.594 ;
; switches[6]     ; leds[0]      ; 9.117  ; 9.120  ; 9.601  ; 9.650  ;
; switches[6]     ; leds[1]      ; 11.556 ; 11.579 ; 11.926 ; 11.952 ;
; switches[6]     ; leds[2]      ; 13.876 ; 14.196 ; 14.215 ; 14.489 ;
; switches[6]     ; leds[3]      ; 10.479 ; 10.543 ; 11.181 ; 11.199 ;
; switches[7]     ; display_1[0] ; 9.945  ; 9.853  ; 10.468 ; 10.376 ;
; switches[7]     ; display_1[1] ; 10.207 ; 10.206 ; 10.730 ; 10.725 ;
; switches[7]     ; display_1[2] ; 9.727  ; 9.678  ; 10.250 ; 10.198 ;
; switches[7]     ; display_1[3] ; 10.202 ; 10.168 ; 10.725 ; 10.691 ;
; switches[7]     ; display_1[4] ; 9.989  ; 9.906  ; 10.512 ; 10.390 ;
; switches[7]     ; display_1[5] ; 9.990  ; 9.941  ; 10.513 ; 10.460 ;
; switches[7]     ; display_1[6] ; 10.546 ; 10.573 ; 11.069 ; 11.096 ;
; switches[7]     ; leds[0]      ; 9.146  ; 9.149  ; 9.438  ; 9.487  ;
; switches[7]     ; leds[1]      ; 10.818 ; 10.844 ; 11.320 ; 11.346 ;
; switches[7]     ; leds[2]      ; 13.154 ; 13.418 ; 13.614 ; 13.955 ;
; switches[7]     ; leds[3]      ; 10.165 ; 10.178 ; 10.649 ; 10.701 ;
; switches[8]     ; display_0[0] ; 13.287 ; 13.198 ; 13.844 ; 13.789 ;
; switches[8]     ; display_0[1] ; 13.361 ; 13.297 ; 13.918 ; 13.858 ;
; switches[8]     ; display_0[2] ; 13.233 ; 13.249 ; 13.834 ; 13.806 ;
; switches[8]     ; display_0[3] ; 13.316 ; 13.214 ; 13.873 ; 13.817 ;
; switches[8]     ; display_0[4] ; 13.257 ; 13.162 ; 13.814 ; 13.765 ;
; switches[8]     ; display_0[5] ; 13.223 ; 13.165 ; 13.781 ; 13.724 ;
; switches[8]     ; display_0[6] ; 13.441 ; 13.481 ; 14.037 ; 14.038 ;
; switches[8]     ; display_1[0] ; 13.192 ; 13.077 ; 13.749 ; 13.632 ;
; switches[8]     ; display_1[1] ; 13.441 ; 13.432 ; 13.998 ; 13.987 ;
; switches[8]     ; display_1[2] ; 12.957 ; 12.910 ; 13.512 ; 13.467 ;
; switches[8]     ; display_1[3] ; 13.451 ; 13.397 ; 14.008 ; 13.954 ;
; switches[8]     ; display_1[4] ; 13.195 ; 13.157 ; 13.752 ; 13.712 ;
; switches[8]     ; display_1[5] ; 13.191 ; 13.173 ; 13.748 ; 13.730 ;
; switches[8]     ; display_1[6] ; 13.804 ; 13.808 ; 14.361 ; 14.365 ;
; switches[8]     ; leds[0]      ; 11.603 ; 11.606 ; 12.158 ; 12.161 ;
; switches[8]     ; leds[1]      ; 8.255  ; 8.222  ; 8.761  ; 8.760  ;
; switches[8]     ; leds[2]      ; 13.064 ; 11.594 ; 11.826 ; 13.936 ;
; switches[8]     ; leds[3]      ; 12.965 ; 13.029 ; 13.568 ; 13.586 ;
; switches[9]     ; display_0[0] ;        ; 7.331  ; 7.898  ;        ;
; switches[9]     ; display_0[1] ;        ; 7.410  ; 7.980  ;        ;
; switches[9]     ; display_0[2] ;        ; 7.355  ; 7.907  ;        ;
; switches[9]     ; display_0[3] ;        ; 7.357  ; 7.918  ;        ;
; switches[9]     ; display_0[4] ;        ; 7.304  ; 7.865  ;        ;
; switches[9]     ; display_0[5] ;        ; 7.299  ; 7.867  ;        ;
; switches[9]     ; display_0[6] ; 7.274  ;        ;        ; 7.846  ;
; switches[9]     ; display_1[0] ;        ; 7.585  ; 8.173  ;        ;
; switches[9]     ; display_1[1] ;        ; 7.633  ; 8.184  ;        ;
; switches[9]     ; display_1[2] ;        ; 7.419  ; 7.962  ;        ;
; switches[9]     ; display_1[3] ;        ; 7.609  ; 8.184  ;        ;
; switches[9]     ; display_1[4] ;        ; 7.640  ; 8.215  ;        ;
; switches[9]     ; display_1[5] ;        ; 7.675  ; 8.221  ;        ;
; switches[9]     ; display_1[6] ; 7.973  ;        ;        ; 8.545  ;
; switches[9]     ; leds[0]      ;        ; 8.448  ; 8.897  ;        ;
; switches[9]     ; leds[1]      ;        ; 8.613  ; 9.086  ;        ;
; switches[9]     ; leds[2]      ;        ; 13.609 ; 13.794 ;        ;
; switches[9]     ; leds[3]      ;        ; 8.230  ; 8.708  ;        ;
+-----------------+--------------+--------+--------+--------+--------+


+--------------------------------------------------------------------+
; Minimum Propagation Delay                                          ;
+-----------------+--------------+--------+--------+--------+--------+
; Input Port      ; Output Port  ; RR     ; RF     ; FR     ; FF     ;
+-----------------+--------------+--------+--------+--------+--------+
; dip_switches[0] ; display_0[0] ; 9.830  ; 9.753  ; 10.319 ; 10.242 ;
; dip_switches[0] ; display_0[1] ; 9.911  ; 9.825  ; 10.400 ; 10.314 ;
; dip_switches[0] ; display_0[2] ; 9.906  ; 9.781  ; 10.387 ; 10.270 ;
; dip_switches[0] ; display_0[3] ; 9.859  ; 9.783  ; 10.348 ; 10.272 ;
; dip_switches[0] ; display_0[4] ; 9.807  ; 9.822  ; 10.296 ; 10.303 ;
; dip_switches[0] ; display_0[5] ; 9.807  ; 9.824  ; 10.296 ; 10.305 ;
; dip_switches[0] ; display_0[6] ; 9.910  ; 9.960  ; 10.399 ; 10.449 ;
; dip_switches[0] ; display_1[0] ; 10.770 ; 10.687 ; 11.259 ; 11.176 ;
; dip_switches[0] ; display_1[1] ; 10.967 ; 10.954 ; 11.456 ; 11.443 ;
; dip_switches[0] ; display_1[2] ; 10.569 ; 10.524 ; 11.058 ; 11.013 ;
; dip_switches[0] ; display_1[3] ; 10.959 ; 10.913 ; 11.448 ; 11.402 ;
; dip_switches[0] ; display_1[4] ; 10.870 ; 10.743 ; 11.357 ; 11.232 ;
; dip_switches[0] ; display_1[5] ; 10.823 ; 10.778 ; 11.312 ; 11.267 ;
; dip_switches[0] ; display_1[6] ; 11.280 ; 11.313 ; 11.769 ; 11.802 ;
; dip_switches[0] ; display_2[0] ; 7.830  ; 7.856  ; 8.365  ; 8.283  ;
; dip_switches[0] ; display_2[1] ; 7.183  ; 7.193  ; 7.685  ; 7.689  ;
; dip_switches[0] ; display_2[2] ;        ; 7.845  ; 8.360  ;        ;
; dip_switches[0] ; display_2[3] ; 7.611  ; 7.607  ; 8.145  ; 8.080  ;
; dip_switches[0] ; display_2[4] ; 7.627  ;        ;        ; 8.072  ;
; dip_switches[0] ; display_2[5] ; 8.086  ;        ;        ; 8.516  ;
; dip_switches[0] ; display_2[6] ; 7.482  ; 7.431  ; 7.884  ; 7.980  ;
; dip_switches[0] ; leds[0]      ; 9.614  ; 9.654  ; 10.094 ; 10.134 ;
; dip_switches[0] ; leds[1]      ; 10.288 ; 10.283 ; 10.665 ; 10.660 ;
; dip_switches[0] ; leds[2]      ; 10.270 ; 10.485 ; 10.646 ; 10.919 ;
; dip_switches[0] ; leds[3]      ; 11.001 ; 11.056 ; 11.490 ; 11.545 ;
; dip_switches[1] ; display_0[0] ; 10.608 ; 10.533 ; 11.087 ; 11.012 ;
; dip_switches[1] ; display_0[1] ; 10.689 ; 10.605 ; 11.168 ; 11.084 ;
; dip_switches[1] ; display_0[2] ; 10.626 ; 10.591 ; 11.105 ; 11.070 ;
; dip_switches[1] ; display_0[3] ; 10.634 ; 10.560 ; 11.113 ; 11.039 ;
; dip_switches[1] ; display_0[4] ; 10.615 ; 10.507 ; 11.094 ; 10.986 ;
; dip_switches[1] ; display_0[5] ; 10.581 ; 10.504 ; 11.060 ; 10.983 ;
; dip_switches[1] ; display_0[6] ; 10.690 ; 10.739 ; 11.169 ; 11.218 ;
; dip_switches[1] ; display_1[0] ; 10.724 ; 10.641 ; 11.212 ; 11.129 ;
; dip_switches[1] ; display_1[1] ; 10.921 ; 10.908 ; 11.409 ; 11.396 ;
; dip_switches[1] ; display_1[2] ; 10.523 ; 10.478 ; 11.011 ; 10.966 ;
; dip_switches[1] ; display_1[3] ; 10.913 ; 10.867 ; 11.401 ; 11.355 ;
; dip_switches[1] ; display_1[4] ; 10.806 ; 10.697 ; 11.285 ; 11.185 ;
; dip_switches[1] ; display_1[5] ; 10.777 ; 10.732 ; 11.265 ; 11.220 ;
; dip_switches[1] ; display_1[6] ; 11.234 ; 11.267 ; 11.722 ; 11.755 ;
; dip_switches[1] ; display_2[0] ; 7.654  ; 7.665  ; 8.182  ; 8.138  ;
; dip_switches[1] ; display_2[1] ; 7.010  ; 7.083  ; 7.566  ; 7.513  ;
; dip_switches[1] ; display_2[2] ; 7.691  ;        ;        ; 8.173  ;
; dip_switches[1] ; display_2[3] ; 7.437  ; 7.450  ; 7.977  ; 7.895  ;
; dip_switches[1] ; display_2[4] ;        ; 7.440  ; 7.962  ;        ;
; dip_switches[1] ; display_2[5] ; 7.930  ; 7.896  ; 8.418  ; 8.405  ;
; dip_switches[1] ; display_2[6] ; 7.309  ; 7.260  ; 7.712  ; 7.799  ;
; dip_switches[1] ; leds[0]      ; 9.543  ; 9.583  ; 10.022 ; 10.062 ;
; dip_switches[1] ; leds[1]      ; 10.289 ; 10.310 ; 10.666 ; 10.661 ;
; dip_switches[1] ; leds[2]      ; 10.588 ; 10.825 ; 10.982 ; 11.245 ;
; dip_switches[1] ; leds[3]      ; 10.955 ; 11.010 ; 11.443 ; 11.498 ;
; dip_switches[2] ; display_0[0] ; 10.674 ; 10.610 ; 11.201 ; 11.137 ;
; dip_switches[2] ; display_0[1] ; 10.715 ; 10.683 ; 11.242 ; 11.210 ;
; dip_switches[2] ; display_0[2] ; 10.646 ; 10.611 ; 11.173 ; 11.138 ;
; dip_switches[2] ; display_0[3] ; 10.666 ; 10.632 ; 11.193 ; 11.159 ;
; dip_switches[2] ; display_0[4] ; 10.673 ; 10.625 ; 11.200 ; 11.152 ;
; dip_switches[2] ; display_0[5] ; 10.649 ; 10.561 ; 11.176 ; 11.088 ;
; dip_switches[2] ; display_0[6] ; 10.738 ; 10.810 ; 11.265 ; 11.337 ;
; dip_switches[2] ; display_1[0] ; 10.850 ; 10.767 ; 11.377 ; 11.294 ;
; dip_switches[2] ; display_1[1] ; 11.047 ; 11.034 ; 11.574 ; 11.561 ;
; dip_switches[2] ; display_1[2] ; 10.649 ; 10.604 ; 11.176 ; 11.131 ;
; dip_switches[2] ; display_1[3] ; 11.039 ; 10.993 ; 11.566 ; 11.520 ;
; dip_switches[2] ; display_1[4] ; 10.944 ; 10.823 ; 11.477 ; 11.350 ;
; dip_switches[2] ; display_1[5] ; 10.903 ; 10.858 ; 11.430 ; 11.385 ;
; dip_switches[2] ; display_1[6] ; 11.360 ; 11.393 ; 11.887 ; 11.920 ;
; dip_switches[2] ; display_2[0] ; 7.887  ; 7.847  ; 8.414  ; 8.405  ;
; dip_switches[2] ; display_2[1] ; 7.242  ;        ;        ; 7.784  ;
; dip_switches[2] ; display_2[2] ; 7.923  ; 7.882  ; 8.451  ; 8.441  ;
; dip_switches[2] ; display_2[3] ; 7.668  ; 7.622  ; 8.195  ; 8.180  ;
; dip_switches[2] ; display_2[4] ; 7.668  ; 7.631  ; 8.192  ; 8.185  ;
; dip_switches[2] ; display_2[5] ; 8.125  ; 8.078  ; 8.652  ; 8.636  ;
; dip_switches[2] ; display_2[6] ; 7.451  ; 7.479  ; 8.009  ; 8.004  ;
; dip_switches[2] ; leds[0]      ; 9.681  ; 9.721  ; 10.239 ; 10.262 ;
; dip_switches[2] ; leds[1]      ; 10.116 ; 10.137 ; 10.703 ; 10.724 ;
; dip_switches[2] ; leds[2]      ; 10.749 ; 10.972 ; 11.136 ; 11.396 ;
; dip_switches[2] ; leds[3]      ; 11.081 ; 11.136 ; 11.608 ; 11.663 ;
; dip_switches[3] ; display_0[0] ; 10.918 ; 10.842 ; 11.407 ; 11.322 ;
; dip_switches[3] ; display_0[1] ; 10.985 ; 10.917 ; 11.474 ; 11.397 ;
; dip_switches[3] ; display_0[2] ; 10.920 ; 10.886 ; 11.409 ; 11.375 ;
; dip_switches[3] ; display_0[3] ; 10.944 ; 10.878 ; 11.433 ; 11.358 ;
; dip_switches[3] ; display_0[4] ; 10.899 ; 10.826 ; 11.379 ; 11.315 ;
; dip_switches[3] ; display_0[5] ; 10.897 ; 10.823 ; 11.377 ; 11.312 ;
; dip_switches[3] ; display_0[6] ; 11.017 ; 11.034 ; 11.497 ; 11.523 ;
; dip_switches[3] ; display_1[0] ; 10.668 ; 10.585 ; 11.157 ; 11.074 ;
; dip_switches[3] ; display_1[1] ; 10.865 ; 10.852 ; 11.354 ; 11.341 ;
; dip_switches[3] ; display_1[2] ; 10.467 ; 10.422 ; 10.956 ; 10.911 ;
; dip_switches[3] ; display_1[3] ; 10.857 ; 10.811 ; 11.346 ; 11.300 ;
; dip_switches[3] ; display_1[4] ; 10.768 ; 10.641 ; 11.251 ; 11.130 ;
; dip_switches[3] ; display_1[5] ; 10.721 ; 10.676 ; 11.210 ; 11.165 ;
; dip_switches[3] ; display_1[6] ; 11.178 ; 11.211 ; 11.667 ; 11.700 ;
; dip_switches[3] ; display_2[0] ; 7.728  ; 7.690  ; 8.221  ; 8.174  ;
; dip_switches[3] ; display_2[1] ; 7.079  ; 7.064  ; 7.578  ; 7.554  ;
; dip_switches[3] ; display_2[2] ; 7.755  ; 7.716  ; 8.252  ; 8.204  ;
; dip_switches[3] ; display_2[3] ; 7.504  ; 7.460  ; 8.000  ; 7.947  ;
; dip_switches[3] ; display_2[4] ;        ; 7.475  ; 8.008  ;        ;
; dip_switches[3] ; display_2[5] ; 7.969  ; 7.924  ; 8.465  ; 8.411  ;
; dip_switches[3] ; display_2[6] ; 7.289  ; 7.313  ; 7.778  ; 7.811  ;
; dip_switches[3] ; leds[0]      ; 9.508  ; 9.548  ; 9.988  ; 10.028 ;
; dip_switches[3] ; leds[1]      ; 10.485 ; 10.506 ; 10.858 ; 10.853 ;
; dip_switches[3] ; leds[2]      ; 11.050 ; 11.293 ; 11.443 ; 11.712 ;
; dip_switches[3] ; leds[3]      ; 10.899 ; 10.954 ; 11.388 ; 11.443 ;
; dip_switches[4] ; display_1[0] ; 9.953  ; 9.871  ; 10.457 ; 10.375 ;
; dip_switches[4] ; display_1[1] ; 10.151 ; 10.138 ; 10.655 ; 10.642 ;
; dip_switches[4] ; display_1[2] ; 9.753  ; 9.708  ; 10.257 ; 10.212 ;
; dip_switches[4] ; display_1[3] ; 10.143 ; 10.097 ; 10.647 ; 10.601 ;
; dip_switches[4] ; display_1[4] ; 10.016 ; 9.927  ; 10.520 ; 10.431 ;
; dip_switches[4] ; display_1[5] ; 10.007 ; 9.962  ; 10.511 ; 10.466 ;
; dip_switches[4] ; display_1[6] ; 10.464 ; 10.497 ; 10.968 ; 11.001 ;
; dip_switches[4] ; display_3[0] ; 8.962  ; 9.041  ; 9.571  ; 9.542  ;
; dip_switches[4] ; display_3[1] ; 8.931  ; 8.965  ; 9.507  ; 9.535  ;
; dip_switches[4] ; display_3[2] ;        ; 9.327  ; 9.891  ;        ;
; dip_switches[4] ; display_3[3] ; 8.546  ; 8.557  ; 9.153  ; 9.103  ;
; dip_switches[4] ; display_3[4] ; 8.157  ;        ;        ; 8.691  ;
; dip_switches[4] ; display_3[5] ; 9.344  ;        ;        ; 9.934  ;
; dip_switches[4] ; display_3[6] ; 9.445  ; 9.394  ; 9.983  ; 9.941  ;
; dip_switches[4] ; leds[0]      ; 8.805  ; 8.839  ; 9.300  ; 9.340  ;
; dip_switches[4] ; leds[1]      ; 10.417 ; 10.438 ; 11.032 ; 11.053 ;
; dip_switches[4] ; leds[2]      ; 11.716 ; 11.954 ; 12.308 ; 12.555 ;
; dip_switches[4] ; leds[3]      ; 10.185 ; 10.240 ; 10.689 ; 10.744 ;
; dip_switches[5] ; display_1[0] ; 7.852  ; 7.769  ; 8.002  ; 7.919  ;
; dip_switches[5] ; display_1[1] ; 8.049  ; 8.036  ; 8.199  ; 8.186  ;
; dip_switches[5] ; display_1[2] ; 7.651  ; 7.606  ; 7.801  ; 7.756  ;
; dip_switches[5] ; display_1[3] ; 8.041  ; 7.995  ; 8.191  ; 8.145  ;
; dip_switches[5] ; display_1[4] ; 7.952  ; 7.825  ; 8.102  ; 7.975  ;
; dip_switches[5] ; display_1[5] ; 7.905  ; 7.860  ; 8.055  ; 8.010  ;
; dip_switches[5] ; display_1[6] ; 8.362  ; 8.395  ; 8.512  ; 8.545  ;
; dip_switches[5] ; display_3[0] ; 6.415  ; 6.479  ; 6.558  ; 6.567  ;
; dip_switches[5] ; display_3[1] ; 6.385  ; 6.482  ; 6.559  ; 6.530  ;
; dip_switches[5] ; display_3[2] ; 6.771  ;        ;        ; 6.891  ;
; dip_switches[5] ; display_3[3] ; 5.999  ; 6.027  ; 6.152  ; 6.085  ;
; dip_switches[5] ; display_3[4] ;        ; 4.961  ; 5.114  ;        ;
; dip_switches[5] ; display_3[5] ; 6.159  ; 6.207  ; 6.302  ; 6.378  ;
; dip_switches[5] ; display_3[6] ; 6.262  ; 6.210  ; 6.433  ; 6.353  ;
; dip_switches[5] ; leds[0]      ; 6.722  ; 6.737  ; 6.863  ; 6.887  ;
; dip_switches[5] ; leds[1]      ; 7.807  ; 7.802  ; 7.924  ; 7.919  ;
; dip_switches[5] ; leds[2]      ; 8.215  ; 8.468  ; 8.363  ; 8.644  ;
; dip_switches[5] ; leds[3]      ; 8.083  ; 8.138  ; 8.233  ; 8.288  ;
; dip_switches[6] ; display_1[0] ; 9.717  ; 9.632  ; 10.252 ; 10.167 ;
; dip_switches[6] ; display_1[1] ; 9.916  ; 9.973  ; 10.451 ; 10.506 ;
; dip_switches[6] ; display_1[2] ; 9.513  ; 9.466  ; 10.048 ; 10.001 ;
; dip_switches[6] ; display_1[3] ; 9.906  ; 9.858  ; 10.441 ; 10.393 ;
; dip_switches[6] ; display_1[4] ; 9.767  ; 9.694  ; 10.302 ; 10.229 ;
; dip_switches[6] ; display_1[5] ; 9.768  ; 9.721  ; 10.303 ; 10.256 ;
; dip_switches[6] ; display_1[6] ; 10.227 ; 10.264 ; 10.762 ; 10.799 ;
; dip_switches[6] ; display_3[0] ; 8.594  ; 8.607  ; 9.095  ; 9.139  ;
; dip_switches[6] ; display_3[1] ; 8.563  ;        ;        ; 9.098  ;
; dip_switches[6] ; display_3[2] ; 8.947  ; 8.931  ; 9.445  ; 9.460  ;
; dip_switches[6] ; display_3[3] ; 8.176  ; 8.145  ; 8.678  ; 8.678  ;
; dip_switches[6] ; display_3[4] ; 7.680  ; 7.653  ; 8.066  ; 8.095  ;
; dip_switches[6] ; display_3[5] ; 8.805  ; 8.880  ; 9.235  ; 9.298  ;
; dip_switches[6] ; display_3[6] ; 8.929  ; 8.871  ; 9.334  ; 9.288  ;
; dip_switches[6] ; leds[0]      ; 8.751  ; 8.786  ; 9.277  ; 9.317  ;
; dip_switches[6] ; leds[1]      ; 10.223 ; 10.244 ; 10.658 ; 10.653 ;
; dip_switches[6] ; leds[2]      ; 10.692 ; 10.933 ; 11.081 ; 11.360 ;
; dip_switches[6] ; leds[3]      ; 10.132 ; 10.187 ; 10.667 ; 10.722 ;
; dip_switches[7] ; display_1[0] ; 7.460  ; 7.377  ; 7.564  ; 7.481  ;
; dip_switches[7] ; display_1[1] ; 7.657  ; 7.644  ; 7.761  ; 7.748  ;
; dip_switches[7] ; display_1[2] ; 7.259  ; 7.214  ; 7.363  ; 7.318  ;
; dip_switches[7] ; display_1[3] ; 7.649  ; 7.603  ; 7.753  ; 7.707  ;
; dip_switches[7] ; display_1[4] ; 7.557  ; 7.433  ; 7.660  ; 7.537  ;
; dip_switches[7] ; display_1[5] ; 7.513  ; 7.468  ; 7.617  ; 7.572  ;
; dip_switches[7] ; display_1[6] ; 7.970  ; 8.003  ; 8.074  ; 8.107  ;
; dip_switches[7] ; display_3[0] ; 6.099  ; 6.114  ; 6.221  ; 6.227  ;
; dip_switches[7] ; display_3[1] ; 6.074  ; 6.083  ; 6.191  ; 6.191  ;
; dip_switches[7] ; display_3[2] ; 6.458  ; 6.444  ; 6.575  ; 6.552  ;
; dip_switches[7] ; display_3[3] ; 5.682  ; 5.653  ; 5.804  ; 5.766  ;
; dip_switches[7] ; display_3[4] ;        ; 5.099  ; 5.258  ;        ;
; dip_switches[7] ; display_3[5] ; 6.271  ; 6.343  ; 6.445  ; 6.511  ;
; dip_switches[7] ; display_3[6] ; 6.461  ; 6.317  ; 6.541  ; 6.572  ;
; dip_switches[7] ; leds[0]      ; 6.509  ; 6.524  ; 6.604  ; 6.628  ;
; dip_switches[7] ; leds[1]      ; 6.849  ; 6.845  ; 7.021  ; 7.008  ;
; dip_switches[7] ; leds[2]      ; 7.933  ; 8.176  ; 8.096  ; 8.348  ;
; dip_switches[7] ; leds[3]      ; 7.691  ; 7.743  ; 7.795  ; 7.846  ;
; switches[0]     ; display_0[0] ; 8.958  ; 8.881  ; 9.427  ; 9.350  ;
; switches[0]     ; display_0[1] ; 9.039  ; 8.953  ; 9.508  ; 9.422  ;
; switches[0]     ; display_0[2] ; 9.032  ; 8.909  ; 9.475  ; 9.378  ;
; switches[0]     ; display_0[3] ; 8.987  ; 8.911  ; 9.456  ; 9.380  ;
; switches[0]     ; display_0[4] ; 8.935  ; 8.948  ; 9.404  ; 9.391  ;
; switches[0]     ; display_0[5] ; 8.935  ; 8.950  ; 9.404  ; 9.393  ;
; switches[0]     ; display_0[6] ; 9.038  ; 9.088  ; 9.507  ; 9.557  ;
; switches[0]     ; display_1[0] ; 9.900  ; 9.817  ; 10.382 ; 10.297 ;
; switches[0]     ; display_1[1] ; 10.097 ; 10.084 ; 10.581 ; 10.589 ;
; switches[0]     ; display_1[2] ; 9.699  ; 9.654  ; 10.178 ; 10.131 ;
; switches[0]     ; display_1[3] ; 10.089 ; 10.043 ; 10.571 ; 10.523 ;
; switches[0]     ; display_1[4] ; 10.000 ; 9.873  ; 10.432 ; 10.359 ;
; switches[0]     ; display_1[5] ; 9.953  ; 9.908  ; 10.433 ; 10.386 ;
; switches[0]     ; display_1[6] ; 10.410 ; 10.443 ; 10.892 ; 10.929 ;
; switches[0]     ; leds[0]      ; 8.774  ; 8.785  ; 9.169  ; 9.209  ;
; switches[0]     ; leds[1]      ; 10.984 ; 11.005 ; 11.442 ; 11.463 ;
; switches[0]     ; leds[2]      ; 11.206 ; 11.416 ; 11.654 ; 11.936 ;
; switches[0]     ; leds[3]      ; 10.131 ; 10.186 ; 10.636 ; 10.662 ;
; switches[1]     ; display_0[0] ; 9.680  ; 9.605  ; 10.150 ; 10.075 ;
; switches[1]     ; display_0[1] ; 9.761  ; 9.677  ; 10.231 ; 10.147 ;
; switches[1]     ; display_0[2] ; 9.698  ; 9.701  ; 10.168 ; 10.133 ;
; switches[1]     ; display_0[3] ; 9.706  ; 9.632  ; 10.176 ; 10.102 ;
; switches[1]     ; display_0[4] ; 9.725  ; 9.579  ; 10.157 ; 10.049 ;
; switches[1]     ; display_0[5] ; 9.653  ; 9.576  ; 10.123 ; 10.046 ;
; switches[1]     ; display_0[6] ; 9.762  ; 9.811  ; 10.232 ; 10.281 ;
; switches[1]     ; display_1[0] ; 9.794  ; 9.711  ; 10.301 ; 10.216 ;
; switches[1]     ; display_1[1] ; 9.991  ; 9.978  ; 10.500 ; 10.508 ;
; switches[1]     ; display_1[2] ; 9.593  ; 9.548  ; 10.097 ; 10.050 ;
; switches[1]     ; display_1[3] ; 9.983  ; 9.937  ; 10.490 ; 10.442 ;
; switches[1]     ; display_1[4] ; 9.894  ; 9.767  ; 10.351 ; 10.278 ;
; switches[1]     ; display_1[5] ; 9.847  ; 9.802  ; 10.352 ; 10.305 ;
; switches[1]     ; display_1[6] ; 10.304 ; 10.337 ; 10.811 ; 10.848 ;
; switches[1]     ; leds[0]      ; 8.668  ; 8.679  ; 9.088  ; 9.128  ;
; switches[1]     ; leds[1]      ; 10.481 ; 10.502 ; 10.909 ; 10.930 ;
; switches[1]     ; leds[2]      ; 11.468 ; 11.703 ; 11.920 ; 12.183 ;
; switches[1]     ; leds[3]      ; 10.025 ; 10.080 ; 10.555 ; 10.581 ;
; switches[2]     ; display_0[0] ; 9.930  ; 9.866  ; 10.381 ; 10.317 ;
; switches[2]     ; display_0[1] ; 9.971  ; 9.941  ; 10.422 ; 10.364 ;
; switches[2]     ; display_0[2] ; 9.902  ; 9.867  ; 10.353 ; 10.318 ;
; switches[2]     ; display_0[3] ; 9.922  ; 9.888  ; 10.373 ; 10.318 ;
; switches[2]     ; display_0[4] ; 9.929  ; 9.881  ; 10.380 ; 10.332 ;
; switches[2]     ; display_0[5] ; 9.905  ; 9.817  ; 10.351 ; 10.268 ;
; switches[2]     ; display_0[6] ; 9.994  ; 10.066 ; 10.445 ; 10.498 ;
; switches[2]     ; display_1[0] ; 10.104 ; 10.021 ; 10.583 ; 10.498 ;
; switches[2]     ; display_1[1] ; 10.301 ; 10.288 ; 10.782 ; 10.790 ;
; switches[2]     ; display_1[2] ; 9.903  ; 9.858  ; 10.379 ; 10.332 ;
; switches[2]     ; display_1[3] ; 10.293 ; 10.247 ; 10.772 ; 10.724 ;
; switches[2]     ; display_1[4] ; 10.204 ; 10.077 ; 10.633 ; 10.560 ;
; switches[2]     ; display_1[5] ; 10.157 ; 10.112 ; 10.634 ; 10.587 ;
; switches[2]     ; display_1[6] ; 10.614 ; 10.647 ; 11.093 ; 11.130 ;
; switches[2]     ; leds[0]      ; 8.978  ; 8.989  ; 9.370  ; 9.410  ;
; switches[2]     ; leds[1]      ; 10.590 ; 10.611 ; 10.994 ; 11.015 ;
; switches[2]     ; leds[2]      ; 11.098 ; 11.320 ; 11.543 ; 11.803 ;
; switches[2]     ; leds[3]      ; 10.335 ; 10.390 ; 10.837 ; 10.863 ;
; switches[3]     ; display_0[0] ; 10.185 ; 10.128 ; 10.662 ; 10.567 ;
; switches[3]     ; display_0[1] ; 10.252 ; 10.203 ; 10.729 ; 10.642 ;
; switches[3]     ; display_0[2] ; 10.187 ; 10.153 ; 10.664 ; 10.623 ;
; switches[3]     ; display_0[3] ; 10.211 ; 10.164 ; 10.688 ; 10.603 ;
; switches[3]     ; display_0[4] ; 10.185 ; 10.093 ; 10.624 ; 10.570 ;
; switches[3]     ; display_0[5] ; 10.183 ; 10.090 ; 10.622 ; 10.567 ;
; switches[3]     ; display_0[6] ; 10.303 ; 10.301 ; 10.742 ; 10.778 ;
; switches[3]     ; display_1[0] ; 9.935  ; 9.852  ; 10.449 ; 10.364 ;
; switches[3]     ; display_1[1] ; 10.132 ; 10.119 ; 10.648 ; 10.656 ;
; switches[3]     ; display_1[2] ; 9.734  ; 9.689  ; 10.245 ; 10.198 ;
; switches[3]     ; display_1[3] ; 10.124 ; 10.078 ; 10.638 ; 10.590 ;
; switches[3]     ; display_1[4] ; 10.035 ; 9.908  ; 10.499 ; 10.426 ;
; switches[3]     ; display_1[5] ; 9.988  ; 9.943  ; 10.500 ; 10.453 ;
; switches[3]     ; display_1[6] ; 10.445 ; 10.478 ; 10.959 ; 10.996 ;
; switches[3]     ; leds[0]      ; 8.809  ; 8.820  ; 9.236  ; 9.276  ;
; switches[3]     ; leds[1]      ; 10.347 ; 10.368 ; 10.755 ; 10.776 ;
; switches[3]     ; leds[2]      ; 11.415 ; 11.656 ; 11.857 ; 12.126 ;
; switches[3]     ; leds[3]      ; 10.166 ; 10.221 ; 10.703 ; 10.729 ;
; switches[4]     ; display_1[0] ; 9.944  ; 9.864  ; 10.420 ; 10.351 ;
; switches[4]     ; display_1[1] ; 10.143 ; 10.131 ; 10.619 ; 10.628 ;
; switches[4]     ; display_1[2] ; 9.746  ; 9.701  ; 10.232 ; 10.185 ;
; switches[4]     ; display_1[3] ; 10.134 ; 10.090 ; 10.610 ; 10.577 ;
; switches[4]     ; display_1[4] ; 10.007 ; 9.920  ; 10.483 ; 10.413 ;
; switches[4]     ; display_1[5] ; 10.000 ; 9.955  ; 10.486 ; 10.440 ;
; switches[4]     ; display_1[6] ; 10.457 ; 10.490 ; 10.946 ; 10.980 ;
; switches[4]     ; leds[0]      ; 8.821  ; 8.832  ; 9.223  ; 9.263  ;
; switches[4]     ; leds[1]      ; 10.328 ; 10.349 ; 10.772 ; 10.793 ;
; switches[4]     ; leds[2]      ; 11.429 ; 11.667 ; 11.982 ; 12.229 ;
; switches[4]     ; leds[3]      ; 10.178 ; 10.233 ; 10.690 ; 10.716 ;
; switches[5]     ; display_1[0] ; 9.578  ; 9.495  ; 10.106 ; 10.021 ;
; switches[5]     ; display_1[1] ; 9.775  ; 9.762  ; 10.305 ; 10.313 ;
; switches[5]     ; display_1[2] ; 9.377  ; 9.332  ; 9.902  ; 9.855  ;
; switches[5]     ; display_1[3] ; 9.767  ; 9.721  ; 10.295 ; 10.247 ;
; switches[5]     ; display_1[4] ; 9.678  ; 9.551  ; 10.156 ; 10.083 ;
; switches[5]     ; display_1[5] ; 9.631  ; 9.586  ; 10.157 ; 10.110 ;
; switches[5]     ; display_1[6] ; 10.088 ; 10.121 ; 10.616 ; 10.653 ;
; switches[5]     ; leds[0]      ; 8.452  ; 8.463  ; 8.893  ; 8.933  ;
; switches[5]     ; leds[1]      ; 10.062 ; 10.083 ; 10.470 ; 10.491 ;
; switches[5]     ; leds[2]      ; 11.648 ; 11.903 ; 12.100 ; 12.381 ;
; switches[5]     ; leds[3]      ; 9.809  ; 9.864  ; 10.360 ; 10.386 ;
; switches[6]     ; display_1[0] ; 9.672  ; 9.587  ; 10.144 ; 10.059 ;
; switches[6]     ; display_1[1] ; 9.871  ; 9.926  ; 10.343 ; 10.372 ;
; switches[6]     ; display_1[2] ; 9.468  ; 9.421  ; 9.940  ; 9.893  ;
; switches[6]     ; display_1[3] ; 9.861  ; 9.813  ; 10.333 ; 10.285 ;
; switches[6]     ; display_1[4] ; 9.722  ; 9.649  ; 10.194 ; 10.121 ;
; switches[6]     ; display_1[5] ; 9.723  ; 9.676  ; 10.195 ; 10.148 ;
; switches[6]     ; display_1[6] ; 10.182 ; 10.219 ; 10.654 ; 10.691 ;
; switches[6]     ; leds[0]      ; 8.732  ; 8.743  ; 9.130  ; 9.170  ;
; switches[6]     ; leds[1]      ; 10.456 ; 10.477 ; 10.904 ; 10.925 ;
; switches[6]     ; leds[2]      ; 11.355 ; 11.597 ; 11.852 ; 12.131 ;
; switches[6]     ; leds[3]      ; 10.089 ; 10.144 ; 10.597 ; 10.623 ;
; switches[7]     ; display_1[0] ; 9.580  ; 9.497  ; 10.080 ; 9.997  ;
; switches[7]     ; display_1[1] ; 9.777  ; 9.764  ; 10.277 ; 10.262 ;
; switches[7]     ; display_1[2] ; 9.379  ; 9.334  ; 9.879  ; 9.833  ;
; switches[7]     ; display_1[3] ; 9.769  ; 9.723  ; 10.269 ; 10.223 ;
; switches[7]     ; display_1[4] ; 9.676  ; 9.553  ; 10.139 ; 10.053 ;
; switches[7]     ; display_1[5] ; 9.633  ; 9.588  ; 10.133 ; 10.086 ;
; switches[7]     ; display_1[6] ; 10.090 ; 10.123 ; 10.590 ; 10.623 ;
; switches[7]     ; leds[0]      ; 8.633  ; 8.644  ; 9.080  ; 9.120  ;
; switches[7]     ; leds[1]      ; 9.670  ; 9.685  ; 10.146 ; 10.162 ;
; switches[7]     ; leds[2]      ; 11.112 ; 11.328 ; 11.574 ; 11.827 ;
; switches[7]     ; leds[3]      ; 9.811  ; 9.862  ; 10.311 ; 10.325 ;
; switches[8]     ; display_0[0] ; 9.443  ; 9.366  ; 9.907  ; 9.830  ;
; switches[8]     ; display_0[1] ; 9.524  ; 9.438  ; 9.988  ; 9.902  ;
; switches[8]     ; display_0[2] ; 9.498  ; 9.394  ; 9.991  ; 9.858  ;
; switches[8]     ; display_0[3] ; 9.472  ; 9.396  ; 9.936  ; 9.860  ;
; switches[8]     ; display_0[4] ; 9.420  ; 9.414  ; 9.884  ; 9.907  ;
; switches[8]     ; display_0[5] ; 9.420  ; 9.416  ; 9.884  ; 9.909  ;
; switches[8]     ; display_0[6] ; 9.523  ; 9.573  ; 9.987  ; 10.037 ;
; switches[8]     ; display_1[0] ; 9.887  ; 9.804  ; 10.378 ; 10.295 ;
; switches[8]     ; display_1[1] ; 10.084 ; 10.071 ; 10.575 ; 10.562 ;
; switches[8]     ; display_1[2] ; 9.686  ; 9.641  ; 10.177 ; 10.132 ;
; switches[8]     ; display_1[3] ; 10.076 ; 10.030 ; 10.567 ; 10.521 ;
; switches[8]     ; display_1[4] ; 9.984  ; 9.860  ; 10.475 ; 10.351 ;
; switches[8]     ; display_1[5] ; 9.940  ; 9.895  ; 10.431 ; 10.386 ;
; switches[8]     ; display_1[6] ; 10.397 ; 10.430 ; 10.888 ; 10.921 ;
; switches[8]     ; leds[0]      ; 8.256  ; 8.290  ; 8.776  ; 8.780  ;
; switches[8]     ; leds[1]      ; 8.037  ; 8.006  ; 8.528  ; 8.527  ;
; switches[8]     ; leds[2]      ; 12.639 ; 11.296 ; 11.520 ; 13.465 ;
; switches[8]     ; leds[3]      ; 10.118 ; 10.170 ; 10.609 ; 10.661 ;
; switches[9]     ; display_0[0] ;        ; 7.145  ; 7.696  ;        ;
; switches[9]     ; display_0[1] ;        ; 7.220  ; 7.773  ;        ;
; switches[9]     ; display_0[2] ;        ; 7.169  ; 7.706  ;        ;
; switches[9]     ; display_0[3] ;        ; 7.170  ; 7.716  ;        ;
; switches[9]     ; display_0[4] ;        ; 7.119  ; 7.663  ;        ;
; switches[9]     ; display_0[5] ;        ; 7.114  ; 7.666  ;        ;
; switches[9]     ; display_0[6] ; 7.086  ;        ;        ; 7.644  ;
; switches[9]     ; display_1[0] ;        ; 7.388  ; 7.959  ;        ;
; switches[9]     ; display_1[1] ;        ; 7.431  ; 7.970  ;        ;
; switches[9]     ; display_1[2] ;        ; 7.229  ; 7.757  ;        ;
; switches[9]     ; display_1[3] ;        ; 7.407  ; 7.969  ;        ;
; switches[9]     ; display_1[4] ;        ; 7.442  ; 8.001  ;        ;
; switches[9]     ; display_1[5] ;        ; 7.476  ; 8.006  ;        ;
; switches[9]     ; display_1[6] ; 7.758  ;        ;        ; 8.316  ;
; switches[9]     ; leds[0]      ;        ; 8.200  ; 8.627  ;        ;
; switches[9]     ; leds[1]      ;        ; 8.322  ; 8.780  ;        ;
; switches[9]     ; leds[2]      ;        ; 11.512 ; 11.782 ;        ;
; switches[9]     ; leds[3]      ;        ; 8.016  ; 8.480  ;        ;
+-----------------+--------------+--------+--------+--------+--------+


----------------------------------------------
; Slow 1200mV 85C Model Metastability Report ;
----------------------------------------------
No synchronizer chains to report.


-------------------------------------
; Slow 1200mV 0C Model Fmax Summary ;
-------------------------------------
No paths to report.


--------------------------------------
; Slow 1200mV 0C Model Setup Summary ;
--------------------------------------
No paths to report.


-------------------------------------
; Slow 1200mV 0C Model Hold Summary ;
-------------------------------------
No paths to report.


-----------------------------------------
; Slow 1200mV 0C Model Recovery Summary ;
-----------------------------------------
No paths to report.


----------------------------------------
; Slow 1200mV 0C Model Removal Summary ;
----------------------------------------
No paths to report.


----------------------------------------------------
; Slow 1200mV 0C Model Minimum Pulse Width Summary ;
----------------------------------------------------
No paths to report.


+--------------------------------------------------------------------+
; Propagation Delay                                                  ;
+-----------------+--------------+--------+--------+--------+--------+
; Input Port      ; Output Port  ; RR     ; RF     ; FR     ; FF     ;
+-----------------+--------------+--------+--------+--------+--------+
; dip_switches[0] ; display_0[0] ; 10.931 ; 10.871 ; 11.334 ; 11.274 ;
; dip_switches[0] ; display_0[1] ; 11.017 ; 10.931 ; 11.420 ; 11.334 ;
; dip_switches[0] ; display_0[2] ; 10.955 ; 10.840 ; 11.358 ; 11.243 ;
; dip_switches[0] ; display_0[3] ; 10.959 ; 10.897 ; 11.362 ; 11.300 ;
; dip_switches[0] ; display_0[4] ; 10.898 ; 10.847 ; 11.301 ; 11.250 ;
; dip_switches[0] ; display_0[5] ; 10.900 ; 10.815 ; 11.303 ; 11.218 ;
; dip_switches[0] ; display_0[6] ; 11.088 ; 11.128 ; 11.491 ; 11.531 ;
; dip_switches[0] ; display_1[0] ; 10.822 ; 10.729 ; 11.225 ; 11.132 ;
; dip_switches[0] ; display_1[1] ; 11.051 ; 11.009 ; 11.454 ; 11.412 ;
; dip_switches[0] ; display_1[2] ; 10.583 ; 10.531 ; 10.986 ; 10.934 ;
; dip_switches[0] ; display_1[3] ; 11.048 ; 10.980 ; 11.451 ; 11.383 ;
; dip_switches[0] ; display_1[4] ; 10.827 ; 10.749 ; 11.230 ; 11.152 ;
; dip_switches[0] ; display_1[5] ; 10.831 ; 10.768 ; 11.234 ; 11.171 ;
; dip_switches[0] ; display_1[6] ; 11.331 ; 11.386 ; 11.734 ; 11.789 ;
; dip_switches[0] ; display_2[0] ; 7.516  ; 7.451  ; 7.910  ; 7.859  ;
; dip_switches[0] ; display_2[1] ; 6.886  ; 6.880  ; 7.317  ; 7.243  ;
; dip_switches[0] ; display_2[2] ;        ; 7.527  ; 7.977  ;        ;
; dip_switches[0] ; display_2[3] ; 7.308  ; 7.218  ; 7.702  ; 7.626  ;
; dip_switches[0] ; display_2[4] ; 7.315  ;        ;        ; 7.677  ;
; dip_switches[0] ; display_2[5] ; 7.746  ;        ;        ; 8.047  ;
; dip_switches[0] ; display_2[6] ; 7.099  ; 7.084  ; 7.425  ; 7.546  ;
; dip_switches[0] ; leds[0]      ; 9.311  ; 9.255  ; 9.722  ; 9.658  ;
; dip_switches[0] ; leds[1]      ; 10.039 ; 9.952  ; 10.528 ; 10.417 ;
; dip_switches[0] ; leds[2]      ; 13.064 ; 13.268 ; 13.480 ; 13.644 ;
; dip_switches[0] ; leds[3]      ; 10.747 ; 10.655 ; 11.150 ; 11.058 ;
; dip_switches[1] ; display_0[0] ; 10.845 ; 10.745 ; 11.286 ; 11.186 ;
; dip_switches[1] ; display_0[1] ; 10.914 ; 10.806 ; 11.355 ; 11.247 ;
; dip_switches[1] ; display_0[2] ; 10.829 ; 10.754 ; 11.270 ; 11.195 ;
; dip_switches[1] ; display_0[3] ; 10.873 ; 10.771 ; 11.314 ; 11.212 ;
; dip_switches[1] ; display_0[4] ; 10.812 ; 10.721 ; 11.253 ; 11.162 ;
; dip_switches[1] ; display_0[5] ; 10.781 ; 10.689 ; 11.222 ; 11.130 ;
; dip_switches[1] ; display_0[6] ; 10.962 ; 11.010 ; 11.403 ; 11.451 ;
; dip_switches[1] ; display_1[0] ; 10.755 ; 10.674 ; 11.196 ; 11.115 ;
; dip_switches[1] ; display_1[1] ; 10.991 ; 10.983 ; 11.432 ; 11.424 ;
; dip_switches[1] ; display_1[2] ; 10.536 ; 10.511 ; 10.977 ; 10.952 ;
; dip_switches[1] ; display_1[3] ; 10.983 ; 10.925 ; 11.424 ; 11.366 ;
; dip_switches[1] ; display_1[4] ; 10.799 ; 10.712 ; 11.240 ; 11.153 ;
; dip_switches[1] ; display_1[5] ; 10.808 ; 10.693 ; 11.249 ; 11.134 ;
; dip_switches[1] ; display_1[6] ; 11.288 ; 11.305 ; 11.729 ; 11.746 ;
; dip_switches[1] ; display_2[0] ; 7.269  ; 7.287  ; 7.782  ; 7.664  ;
; dip_switches[1] ; display_2[1] ; 6.704  ; 6.694  ; 7.151  ; 7.083  ;
; dip_switches[1] ; display_2[2] ; 7.369  ;        ;        ; 7.761  ;
; dip_switches[1] ; display_2[3] ; 7.098  ; 7.057  ; 7.577  ; 7.471  ;
; dip_switches[1] ; display_2[4] ;        ; 7.058  ; 7.543  ;        ;
; dip_switches[1] ; display_2[5] ; 7.556  ; 7.431  ; 7.962  ; 7.886  ;
; dip_switches[1] ; display_2[6] ; 6.913  ; 6.946  ; 7.343  ; 7.380  ;
; dip_switches[1] ; leds[0]      ; 9.349  ; 9.285  ; 9.790  ; 9.726  ;
; dip_switches[1] ; leds[1]      ; 10.094 ; 9.976  ; 10.402 ; 10.291 ;
; dip_switches[1] ; leds[2]      ; 13.162 ; 13.366 ; 13.354 ; 13.518 ;
; dip_switches[1] ; leds[3]      ; 10.621 ; 10.569 ; 11.062 ; 11.010 ;
; dip_switches[2] ; display_0[0] ; 11.033 ; 10.973 ; 11.507 ; 11.447 ;
; dip_switches[2] ; display_0[1] ; 11.119 ; 11.033 ; 11.593 ; 11.507 ;
; dip_switches[2] ; display_0[2] ; 11.057 ; 10.942 ; 11.531 ; 11.416 ;
; dip_switches[2] ; display_0[3] ; 11.061 ; 10.999 ; 11.535 ; 11.473 ;
; dip_switches[2] ; display_0[4] ; 11.000 ; 10.949 ; 11.474 ; 11.423 ;
; dip_switches[2] ; display_0[5] ; 11.002 ; 10.917 ; 11.476 ; 11.391 ;
; dip_switches[2] ; display_0[6] ; 11.190 ; 11.230 ; 11.664 ; 11.704 ;
; dip_switches[2] ; display_1[0] ; 10.924 ; 10.831 ; 11.398 ; 11.305 ;
; dip_switches[2] ; display_1[1] ; 11.153 ; 11.111 ; 11.627 ; 11.585 ;
; dip_switches[2] ; display_1[2] ; 10.685 ; 10.633 ; 11.159 ; 11.107 ;
; dip_switches[2] ; display_1[3] ; 11.150 ; 11.082 ; 11.624 ; 11.556 ;
; dip_switches[2] ; display_1[4] ; 10.929 ; 10.851 ; 11.403 ; 11.325 ;
; dip_switches[2] ; display_1[5] ; 10.933 ; 10.870 ; 11.407 ; 11.344 ;
; dip_switches[2] ; display_1[6] ; 11.433 ; 11.488 ; 11.907 ; 11.962 ;
; dip_switches[2] ; display_2[0] ; 7.507  ; 7.434  ; 7.955  ; 7.911  ;
; dip_switches[2] ; display_2[1] ; 6.891  ;        ;        ; 7.323  ;
; dip_switches[2] ; display_2[2] ; 7.543  ; 7.489  ; 7.993  ; 7.968  ;
; dip_switches[2] ; display_2[3] ; 7.300  ; 7.202  ; 7.749  ; 7.680  ;
; dip_switches[2] ; display_2[4] ; 7.302  ; 7.235  ; 7.743  ; 7.706  ;
; dip_switches[2] ; display_2[5] ; 7.732  ; 7.621  ; 8.178  ; 8.096  ;
; dip_switches[2] ; display_2[6] ; 7.064  ; 7.121  ; 7.540  ; 7.569  ;
; dip_switches[2] ; leds[0]      ; 9.388  ; 9.357  ; 9.855  ; 9.831  ;
; dip_switches[2] ; leds[1]      ; 10.223 ; 10.136 ; 10.421 ; 10.338 ;
; dip_switches[2] ; leds[2]      ; 12.896 ; 13.100 ; 13.373 ; 13.537 ;
; dip_switches[2] ; leds[3]      ; 10.849 ; 10.757 ; 11.323 ; 11.231 ;
; dip_switches[3] ; display_0[0] ; 10.487 ; 10.429 ; 10.913 ; 10.855 ;
; dip_switches[3] ; display_0[1] ; 10.575 ; 10.489 ; 11.001 ; 10.915 ;
; dip_switches[3] ; display_0[2] ; 10.513 ; 10.394 ; 10.939 ; 10.820 ;
; dip_switches[3] ; display_0[3] ; 10.513 ; 10.455 ; 10.939 ; 10.881 ;
; dip_switches[3] ; display_0[4] ; 10.452 ; 10.405 ; 10.878 ; 10.831 ;
; dip_switches[3] ; display_0[5] ; 10.458 ; 10.373 ; 10.884 ; 10.799 ;
; dip_switches[3] ; display_0[6] ; 10.646 ; 10.686 ; 11.072 ; 11.112 ;
; dip_switches[3] ; display_1[0] ; 10.734 ; 10.653 ; 11.160 ; 11.079 ;
; dip_switches[3] ; display_1[1] ; 10.970 ; 10.962 ; 11.396 ; 11.388 ;
; dip_switches[3] ; display_1[2] ; 10.515 ; 10.490 ; 10.941 ; 10.916 ;
; dip_switches[3] ; display_1[3] ; 10.962 ; 10.904 ; 11.388 ; 11.330 ;
; dip_switches[3] ; display_1[4] ; 10.778 ; 10.691 ; 11.204 ; 11.117 ;
; dip_switches[3] ; display_1[5] ; 10.787 ; 10.672 ; 11.213 ; 11.098 ;
; dip_switches[3] ; display_1[6] ; 11.267 ; 11.284 ; 11.693 ; 11.710 ;
; dip_switches[3] ; display_2[0] ; 7.367  ; 7.296  ; 7.797  ; 7.718  ;
; dip_switches[3] ; display_2[1] ; 6.745  ; 6.702  ; 7.177  ; 7.126  ;
; dip_switches[3] ; display_2[2] ; 7.397  ; 7.345  ; 7.820  ; 7.760  ;
; dip_switches[3] ; display_2[3] ; 7.156  ; 7.060  ; 7.582  ; 7.478  ;
; dip_switches[3] ; display_2[4] ;        ; 7.101  ; 7.592  ;        ;
; dip_switches[3] ; display_2[5] ; 7.597  ; 7.488  ; 8.023  ; 7.906  ;
; dip_switches[3] ; display_2[6] ; 6.921  ; 6.976  ; 7.343  ; 7.406  ;
; dip_switches[3] ; leds[0]      ; 9.328  ; 9.264  ; 9.754  ; 9.690  ;
; dip_switches[3] ; leds[1]      ; 10.291 ; 10.173 ; 10.699 ; 10.588 ;
; dip_switches[3] ; leds[2]      ; 13.359 ; 13.563 ; 13.651 ; 13.815 ;
; dip_switches[3] ; leds[3]      ; 10.600 ; 10.548 ; 11.026 ; 10.974 ;
; dip_switches[4] ; display_1[0] ; 10.109 ; 10.016 ; 10.524 ; 10.431 ;
; dip_switches[4] ; display_1[1] ; 10.338 ; 10.296 ; 10.753 ; 10.711 ;
; dip_switches[4] ; display_1[2] ; 9.870  ; 9.818  ; 10.285 ; 10.233 ;
; dip_switches[4] ; display_1[3] ; 10.335 ; 10.267 ; 10.750 ; 10.682 ;
; dip_switches[4] ; display_1[4] ; 10.114 ; 10.036 ; 10.529 ; 10.451 ;
; dip_switches[4] ; display_1[5] ; 10.118 ; 10.055 ; 10.533 ; 10.470 ;
; dip_switches[4] ; display_1[6] ; 10.618 ; 10.673 ; 11.033 ; 11.088 ;
; dip_switches[4] ; display_3[0] ; 8.614  ; 8.536  ; 9.080  ; 9.016  ;
; dip_switches[4] ; display_3[1] ; 8.574  ; 8.532  ; 9.076  ; 8.966  ;
; dip_switches[4] ; display_3[2] ;        ; 8.925  ; 9.453  ;        ;
; dip_switches[4] ; display_3[3] ; 8.218  ; 8.125  ; 8.683  ; 8.604  ;
; dip_switches[4] ; display_3[4] ; 7.799  ;        ;        ; 8.172  ;
; dip_switches[4] ; display_3[5] ; 8.936  ;        ;        ; 9.318  ;
; dip_switches[4] ; display_3[6] ; 8.913  ; 8.978  ; 9.363  ; 9.436  ;
; dip_switches[4] ; leds[0]      ; 8.566  ; 8.542  ; 8.981  ; 8.957  ;
; dip_switches[4] ; leds[1]      ; 10.867 ; 10.780 ; 11.175 ; 11.095 ;
; dip_switches[4] ; leds[2]      ; 13.030 ; 13.221 ; 13.555 ; 13.706 ;
; dip_switches[4] ; leds[3]      ; 10.034 ; 9.942  ; 10.449 ; 10.357 ;
; dip_switches[5] ; display_1[0] ; 7.909  ; 7.827  ; 8.112  ; 8.030  ;
; dip_switches[5] ; display_1[1] ; 8.156  ; 8.107  ; 8.359  ; 8.310  ;
; dip_switches[5] ; display_1[2] ; 7.710  ; 7.634  ; 7.913  ; 7.837  ;
; dip_switches[5] ; display_1[3] ; 8.137  ; 8.078  ; 8.340  ; 8.281  ;
; dip_switches[5] ; display_1[4] ; 7.952  ; 7.872  ; 8.155  ; 8.075  ;
; dip_switches[5] ; display_1[5] ; 7.960  ; 7.872  ; 8.163  ; 8.075  ;
; dip_switches[5] ; display_1[6] ; 8.417  ; 8.486  ; 8.620  ; 8.689  ;
; dip_switches[5] ; display_3[0] ; 6.227  ; 6.232  ; 6.462  ; 6.331  ;
; dip_switches[5] ; display_3[1] ; 6.250  ; 6.204  ; 6.423  ; 6.319  ;
; dip_switches[5] ; display_3[2] ; 6.627  ;        ;        ; 6.734  ;
; dip_switches[5] ; display_3[3] ; 5.864  ; 5.820  ; 6.066  ; 5.957  ;
; dip_switches[5] ; display_3[4] ;        ; 4.787  ; 5.035  ;        ;
; dip_switches[5] ; display_3[5] ; 6.008  ; 5.933  ; 6.172  ; 6.128  ;
; dip_switches[5] ; display_3[6] ; 5.983  ; 6.050  ; 6.179  ; 6.215  ;
; dip_switches[5] ; leds[0]      ; 6.750  ; 6.686  ; 6.953  ; 6.889  ;
; dip_switches[5] ; leds[1]      ; 8.009  ; 7.891  ; 8.141  ; 8.030  ;
; dip_switches[5] ; leds[2]      ; 10.912 ; 11.103 ; 10.928 ; 11.079 ;
; dip_switches[5] ; leds[3]      ; 8.060  ; 7.970  ; 8.255  ; 8.173  ;
; dip_switches[6] ; display_1[0] ; 9.751  ; 9.671  ; 10.188 ; 10.108 ;
; dip_switches[6] ; display_1[1] ; 9.996  ; 9.955  ; 10.433 ; 10.392 ;
; dip_switches[6] ; display_1[2] ; 9.557  ; 9.483  ; 9.994  ; 9.920  ;
; dip_switches[6] ; display_1[3] ; 9.981  ; 9.924  ; 10.418 ; 10.361 ;
; dip_switches[6] ; display_1[4] ; 9.756  ; 9.715  ; 10.193 ; 10.152 ;
; dip_switches[6] ; display_1[5] ; 9.805  ; 9.719  ; 10.242 ; 10.156 ;
; dip_switches[6] ; display_1[6] ; 10.259 ; 10.326 ; 10.696 ; 10.763 ;
; dip_switches[6] ; display_3[0] ; 8.207  ; 8.121  ; 8.630  ; 8.573  ;
; dip_switches[6] ; display_3[1] ; 8.178  ;        ;        ; 8.549  ;
; dip_switches[6] ; display_3[2] ; 8.541  ; 8.483  ; 8.966  ; 8.937  ;
; dip_switches[6] ; display_3[3] ; 7.811  ; 7.710  ; 8.235  ; 8.163  ;
; dip_switches[6] ; display_3[4] ; 7.318  ; 7.217  ; 7.638  ; 7.595  ;
; dip_switches[6] ; display_3[5] ; 8.395  ; 8.383  ; 8.788  ; 8.698  ;
; dip_switches[6] ; display_3[6] ; 8.462  ; 8.500  ; 8.792  ; 8.866  ;
; dip_switches[6] ; leds[0]      ; 8.523  ; 8.499  ; 8.960  ; 8.936  ;
; dip_switches[6] ; leds[1]      ; 10.046 ; 9.959  ; 10.540 ; 10.429 ;
; dip_switches[6] ; leds[2]      ; 12.593 ; 12.702 ; 13.191 ; 13.340 ;
; dip_switches[6] ; leds[3]      ; 9.991  ; 9.899  ; 10.428 ; 10.336 ;
; dip_switches[7] ; display_1[0] ; 7.306  ; 7.226  ; 7.443  ; 7.363  ;
; dip_switches[7] ; display_1[1] ; 7.551  ; 7.510  ; 7.688  ; 7.647  ;
; dip_switches[7] ; display_1[2] ; 7.112  ; 7.038  ; 7.249  ; 7.175  ;
; dip_switches[7] ; display_1[3] ; 7.536  ; 7.479  ; 7.673  ; 7.616  ;
; dip_switches[7] ; display_1[4] ; 7.346  ; 7.270  ; 7.475  ; 7.407  ;
; dip_switches[7] ; display_1[5] ; 7.360  ; 7.274  ; 7.497  ; 7.411  ;
; dip_switches[7] ; display_1[6] ; 7.814  ; 7.881  ; 7.951  ; 8.018  ;
; dip_switches[7] ; display_3[0] ; 5.937  ; 5.853  ; 6.089  ; 5.997  ;
; dip_switches[7] ; display_3[1] ; 5.914  ; 5.835  ; 6.061  ; 5.974  ;
; dip_switches[7] ; display_3[2] ; 6.279  ; 6.223  ; 6.426  ; 6.362  ;
; dip_switches[7] ; display_3[3] ; 5.541  ; 5.442  ; 5.692  ; 5.585  ;
; dip_switches[7] ; display_3[4] ;        ; 4.982  ; 5.233  ;        ;
; dip_switches[7] ; display_3[5] ; 6.111  ; 6.103  ; 6.333  ; 6.244  ;
; dip_switches[7] ; display_3[6] ; 6.172  ; 6.206  ; 6.330  ; 6.411  ;
; dip_switches[7] ; leds[0]      ; 6.565  ; 6.501  ; 6.702  ; 6.638  ;
; dip_switches[7] ; leds[1]      ; 7.239  ; 7.121  ; 7.376  ; 7.265  ;
; dip_switches[7] ; leds[2]      ; 9.890  ; 10.031 ; 10.027 ; 10.176 ;
; dip_switches[7] ; leds[3]      ; 7.546  ; 7.489  ; 7.683  ; 7.618  ;
; switches[0]     ; display_0[0] ; 9.961  ; 9.861  ; 10.497 ; 10.437 ;
; switches[0]     ; display_0[1] ; 10.030 ; 9.922  ; 10.583 ; 10.497 ;
; switches[0]     ; display_0[2] ; 9.945  ; 9.870  ; 10.521 ; 10.406 ;
; switches[0]     ; display_0[3] ; 9.989  ; 9.887  ; 10.525 ; 10.463 ;
; switches[0]     ; display_0[4] ; 9.928  ; 9.837  ; 10.464 ; 10.413 ;
; switches[0]     ; display_0[5] ; 9.897  ; 9.805  ; 10.466 ; 10.381 ;
; switches[0]     ; display_0[6] ; 10.078 ; 10.126 ; 10.654 ; 10.694 ;
; switches[0]     ; display_1[0] ; 9.871  ; 9.790  ; 10.388 ; 10.295 ;
; switches[0]     ; display_1[1] ; 10.107 ; 10.099 ; 10.617 ; 10.575 ;
; switches[0]     ; display_1[2] ; 9.652  ; 9.627  ; 10.149 ; 10.097 ;
; switches[0]     ; display_1[3] ; 10.099 ; 10.041 ; 10.614 ; 10.546 ;
; switches[0]     ; display_1[4] ; 9.915  ; 9.828  ; 10.393 ; 10.315 ;
; switches[0]     ; display_1[5] ; 9.924  ; 9.809  ; 10.397 ; 10.334 ;
; switches[0]     ; display_1[6] ; 10.404 ; 10.421 ; 10.897 ; 10.952 ;
; switches[0]     ; leds[0]      ; 8.465  ; 8.401  ; 8.845  ; 8.821  ;
; switches[0]     ; leds[1]      ; 10.953 ; 10.866 ; 11.180 ; 11.100 ;
; switches[0]     ; leds[2]      ; 13.727 ; 13.891 ; 14.099 ; 14.303 ;
; switches[0]     ; leds[3]      ; 9.737  ; 9.685  ; 10.313 ; 10.221 ;
; switches[1]     ; display_0[0] ; 9.973  ; 9.873  ; 10.327 ; 10.267 ;
; switches[1]     ; display_0[1] ; 10.042 ; 9.934  ; 10.413 ; 10.327 ;
; switches[1]     ; display_0[2] ; 9.957  ; 9.882  ; 10.351 ; 10.236 ;
; switches[1]     ; display_0[3] ; 10.001 ; 9.899  ; 10.355 ; 10.293 ;
; switches[1]     ; display_0[4] ; 9.940  ; 9.849  ; 10.294 ; 10.243 ;
; switches[1]     ; display_0[5] ; 9.909  ; 9.817  ; 10.296 ; 10.211 ;
; switches[1]     ; display_0[6] ; 10.090 ; 10.138 ; 10.484 ; 10.524 ;
; switches[1]     ; display_1[0] ; 9.883  ; 9.802  ; 10.218 ; 10.125 ;
; switches[1]     ; display_1[1] ; 10.119 ; 10.111 ; 10.447 ; 10.405 ;
; switches[1]     ; display_1[2] ; 9.664  ; 9.639  ; 9.979  ; 9.927  ;
; switches[1]     ; display_1[3] ; 10.111 ; 10.053 ; 10.444 ; 10.376 ;
; switches[1]     ; display_1[4] ; 9.927  ; 9.840  ; 10.223 ; 10.145 ;
; switches[1]     ; display_1[5] ; 9.936  ; 9.821  ; 10.227 ; 10.164 ;
; switches[1]     ; display_1[6] ; 10.416 ; 10.433 ; 10.727 ; 10.782 ;
; switches[1]     ; leds[0]      ; 8.477  ; 8.413  ; 8.675  ; 8.651  ;
; switches[1]     ; leds[1]      ; 10.817 ; 10.730 ; 11.209 ; 11.129 ;
; switches[1]     ; leds[2]      ; 13.130 ; 13.294 ; 13.685 ; 13.889 ;
; switches[1]     ; leds[3]      ; 9.749  ; 9.697  ; 10.143 ; 10.051 ;
; switches[2]     ; display_0[0] ; 10.152 ; 10.052 ; 10.696 ; 10.636 ;
; switches[2]     ; display_0[1] ; 10.221 ; 10.113 ; 10.782 ; 10.696 ;
; switches[2]     ; display_0[2] ; 10.136 ; 10.061 ; 10.720 ; 10.605 ;
; switches[2]     ; display_0[3] ; 10.180 ; 10.078 ; 10.724 ; 10.662 ;
; switches[2]     ; display_0[4] ; 10.119 ; 10.028 ; 10.663 ; 10.612 ;
; switches[2]     ; display_0[5] ; 10.088 ; 9.996  ; 10.665 ; 10.580 ;
; switches[2]     ; display_0[6] ; 10.269 ; 10.317 ; 10.853 ; 10.893 ;
; switches[2]     ; display_1[0] ; 10.062 ; 9.981  ; 10.587 ; 10.494 ;
; switches[2]     ; display_1[1] ; 10.298 ; 10.290 ; 10.816 ; 10.774 ;
; switches[2]     ; display_1[2] ; 9.843  ; 9.818  ; 10.348 ; 10.296 ;
; switches[2]     ; display_1[3] ; 10.290 ; 10.232 ; 10.813 ; 10.745 ;
; switches[2]     ; display_1[4] ; 10.106 ; 10.019 ; 10.592 ; 10.514 ;
; switches[2]     ; display_1[5] ; 10.115 ; 10.000 ; 10.596 ; 10.533 ;
; switches[2]     ; display_1[6] ; 10.595 ; 10.612 ; 11.096 ; 11.151 ;
; switches[2]     ; leds[0]      ; 8.656  ; 8.592  ; 9.044  ; 9.020  ;
; switches[2]     ; leds[1]      ; 10.560 ; 10.473 ; 10.796 ; 10.716 ;
; switches[2]     ; leds[2]      ; 13.339 ; 13.503 ; 13.677 ; 13.881 ;
; switches[2]     ; leds[3]      ; 9.928  ; 9.876  ; 10.512 ; 10.420 ;
; switches[3]     ; display_0[0] ; 9.783  ; 9.725  ; 10.178 ; 10.077 ;
; switches[3]     ; display_0[1] ; 9.871  ; 9.785  ; 10.247 ; 10.139 ;
; switches[3]     ; display_0[2] ; 9.809  ; 9.686  ; 10.161 ; 10.087 ;
; switches[3]     ; display_0[3] ; 9.805  ; 9.751  ; 10.206 ; 10.103 ;
; switches[3]     ; display_0[4] ; 9.744  ; 9.701  ; 10.145 ; 10.053 ;
; switches[3]     ; display_0[5] ; 9.754  ; 9.669  ; 10.114 ; 10.022 ;
; switches[3]     ; display_0[6] ; 9.942  ; 9.982  ; 10.294 ; 10.343 ;
; switches[3]     ; display_1[0] ; 10.026 ; 9.945  ; 10.363 ; 10.270 ;
; switches[3]     ; display_1[1] ; 10.262 ; 10.254 ; 10.592 ; 10.550 ;
; switches[3]     ; display_1[2] ; 9.807  ; 9.782  ; 10.124 ; 10.072 ;
; switches[3]     ; display_1[3] ; 10.254 ; 10.196 ; 10.589 ; 10.521 ;
; switches[3]     ; display_1[4] ; 10.070 ; 9.983  ; 10.368 ; 10.290 ;
; switches[3]     ; display_1[5] ; 10.079 ; 9.964  ; 10.372 ; 10.309 ;
; switches[3]     ; display_1[6] ; 10.559 ; 10.576 ; 10.872 ; 10.927 ;
; switches[3]     ; leds[0]      ; 8.620  ; 8.556  ; 8.820  ; 8.796  ;
; switches[3]     ; leds[1]      ; 10.512 ; 10.425 ; 10.921 ; 10.841 ;
; switches[3]     ; leds[2]      ; 13.006 ; 13.170 ; 13.557 ; 13.761 ;
; switches[3]     ; leds[3]      ; 9.892  ; 9.840  ; 10.288 ; 10.196 ;
; switches[4]     ; display_1[0] ; 9.929  ; 9.797  ; 10.452 ; 10.359 ;
; switches[4]     ; display_1[1] ; 10.158 ; 10.086 ; 10.681 ; 10.639 ;
; switches[4]     ; display_1[2] ; 9.650  ; 9.638  ; 10.213 ; 10.161 ;
; switches[4]     ; display_1[3] ; 10.155 ; 10.075 ; 10.678 ; 10.610 ;
; switches[4]     ; display_1[4] ; 9.934  ; 9.816  ; 10.457 ; 10.379 ;
; switches[4]     ; display_1[5] ; 9.936  ; 9.875  ; 10.461 ; 10.398 ;
; switches[4]     ; display_1[6] ; 10.438 ; 10.493 ; 10.961 ; 11.016 ;
; switches[4]     ; leds[0]      ; 8.542  ; 8.478  ; 8.909  ; 8.885  ;
; switches[4]     ; leds[1]      ; 10.587 ; 10.500 ; 10.853 ; 10.773 ;
; switches[4]     ; leds[2]      ; 12.946 ; 13.097 ; 13.302 ; 13.493 ;
; switches[4]     ; leds[3]      ; 9.814  ; 9.762  ; 10.377 ; 10.285 ;
; switches[5]     ; display_1[0] ; 9.448  ; 9.366  ; 9.757  ; 9.657  ;
; switches[5]     ; display_1[1] ; 9.695  ; 9.646  ; 9.986  ; 9.941  ;
; switches[5]     ; display_1[2] ; 9.249  ; 9.173  ; 9.543  ; 9.469  ;
; switches[5]     ; display_1[3] ; 9.676  ; 9.617  ; 9.983  ; 9.910  ;
; switches[5]     ; display_1[4] ; 9.491  ; 9.411  ; 9.762  ; 9.701  ;
; switches[5]     ; display_1[5] ; 9.499  ; 9.411  ; 9.791  ; 9.705  ;
; switches[5]     ; display_1[6] ; 9.956  ; 10.025 ; 10.266 ; 10.321 ;
; switches[5]     ; leds[0]      ; 8.289  ; 8.225  ; 8.509  ; 8.485  ;
; switches[5]     ; leds[1]      ; 10.864 ; 10.777 ; 11.282 ; 11.202 ;
; switches[5]     ; leds[2]      ; 12.576 ; 12.727 ; 13.135 ; 13.326 ;
; switches[5]     ; leds[3]      ; 9.561  ; 9.509  ; 9.977  ; 9.885  ;
; switches[6]     ; display_1[0] ; 9.487  ; 9.402  ; 10.063 ; 9.983  ;
; switches[6]     ; display_1[1] ; 9.727  ; 9.686  ; 10.308 ; 10.267 ;
; switches[6]     ; display_1[2] ; 9.288  ; 9.214  ; 9.869  ; 9.795  ;
; switches[6]     ; display_1[3] ; 9.712  ; 9.655  ; 10.293 ; 10.236 ;
; switches[6]     ; display_1[4] ; 9.527  ; 9.446  ; 10.068 ; 10.027 ;
; switches[6]     ; display_1[5] ; 9.536  ; 9.450  ; 10.117 ; 10.031 ;
; switches[6]     ; display_1[6] ; 9.990  ; 10.059 ; 10.571 ; 10.638 ;
; switches[6]     ; leds[0]      ; 8.450  ; 8.386  ; 8.835  ; 8.811  ;
; switches[6]     ; leds[1]      ; 10.678 ; 10.591 ; 10.960 ; 10.880 ;
; switches[6]     ; leds[2]      ; 12.941 ; 13.090 ; 13.198 ; 13.313 ;
; switches[6]     ; leds[3]      ; 9.722  ; 9.670  ; 10.303 ; 10.211 ;
; switches[7]     ; display_1[0] ; 9.210  ; 9.130  ; 9.605  ; 9.525  ;
; switches[7]     ; display_1[1] ; 9.455  ; 9.414  ; 9.850  ; 9.809  ;
; switches[7]     ; display_1[2] ; 9.016  ; 8.942  ; 9.411  ; 9.337  ;
; switches[7]     ; display_1[3] ; 9.440  ; 9.383  ; 9.835  ; 9.778  ;
; switches[7]     ; display_1[4] ; 9.211  ; 9.174  ; 9.643  ; 9.569  ;
; switches[7]     ; display_1[5] ; 9.264  ; 9.178  ; 9.659  ; 9.573  ;
; switches[7]     ; display_1[6] ; 9.718  ; 9.785  ; 10.113 ; 10.180 ;
; switches[7]     ; leds[0]      ; 8.473  ; 8.409  ; 8.705  ; 8.681  ;
; switches[7]     ; leds[1]      ; 10.042 ; 9.962  ; 10.420 ; 10.340 ;
; switches[7]     ; leds[2]      ; 12.290 ; 12.389 ; 12.654 ; 12.818 ;
; switches[7]     ; leds[3]      ; 9.450  ; 9.354  ; 9.845  ; 9.786  ;
; switches[8]     ; display_0[0] ; 12.201 ; 12.101 ; 12.617 ; 12.527 ;
; switches[8]     ; display_0[1] ; 12.270 ; 12.162 ; 12.686 ; 12.587 ;
; switches[8]     ; display_0[2] ; 12.185 ; 12.110 ; 12.611 ; 12.526 ;
; switches[8]     ; display_0[3] ; 12.229 ; 12.127 ; 12.645 ; 12.553 ;
; switches[8]     ; display_0[4] ; 12.168 ; 12.077 ; 12.584 ; 12.503 ;
; switches[8]     ; display_0[5] ; 12.137 ; 12.045 ; 12.556 ; 12.471 ;
; switches[8]     ; display_0[6] ; 12.318 ; 12.366 ; 12.744 ; 12.784 ;
; switches[8]     ; display_1[0] ; 12.111 ; 12.030 ; 12.527 ; 12.446 ;
; switches[8]     ; display_1[1] ; 12.347 ; 12.339 ; 12.763 ; 12.755 ;
; switches[8]     ; display_1[2] ; 11.892 ; 11.867 ; 12.308 ; 12.283 ;
; switches[8]     ; display_1[3] ; 12.339 ; 12.281 ; 12.755 ; 12.697 ;
; switches[8]     ; display_1[4] ; 12.155 ; 12.068 ; 12.571 ; 12.484 ;
; switches[8]     ; display_1[5] ; 12.164 ; 12.049 ; 12.580 ; 12.465 ;
; switches[8]     ; display_1[6] ; 12.644 ; 12.661 ; 13.060 ; 13.077 ;
; switches[8]     ; leds[0]      ; 10.705 ; 10.641 ; 11.121 ; 11.057 ;
; switches[8]     ; leds[1]      ; 7.686  ; 7.601  ; 8.097  ; 8.042  ;
; switches[8]     ; leds[2]      ; 12.233 ; 10.774 ; 11.010 ; 12.801 ;
; switches[8]     ; leds[3]      ; 11.977 ; 11.925 ; 12.403 ; 12.341 ;
; switches[9]     ; display_0[0] ;        ; 6.772  ; 7.301  ;        ;
; switches[9]     ; display_0[1] ;        ; 6.839  ; 7.374  ;        ;
; switches[9]     ; display_0[2] ;        ; 6.780  ; 7.311  ;        ;
; switches[9]     ; display_0[3] ;        ; 6.795  ; 7.319  ;        ;
; switches[9]     ; display_0[4] ;        ; 6.746  ; 7.264  ;        ;
; switches[9]     ; display_0[5] ;        ; 6.741  ; 7.267  ;        ;
; switches[9]     ; display_0[6] ; 6.719  ;        ;        ; 7.248  ;
; switches[9]     ; display_1[0] ;        ; 7.043  ; 7.524  ;        ;
; switches[9]     ; display_1[1] ;        ; 7.053  ; 7.543  ;        ;
; switches[9]     ; display_1[2] ;        ; 6.858  ; 7.330  ;        ;
; switches[9]     ; display_1[3] ;        ; 7.033  ; 7.535  ;        ;
; switches[9]     ; display_1[4] ;        ; 7.083  ; 7.564  ;        ;
; switches[9]     ; display_1[5] ;        ; 7.090  ; 7.577  ;        ;
; switches[9]     ; display_1[6] ; 7.358  ;        ;        ; 7.873  ;
; switches[9]     ; leds[0]      ;        ; 7.799  ; 8.226  ;        ;
; switches[9]     ; leds[1]      ;        ; 7.966  ; 8.414  ;        ;
; switches[9]     ; leds[2]      ;        ; 12.570 ; 12.833 ;        ;
; switches[9]     ; leds[3]      ;        ; 7.598  ; 8.043  ;        ;
+-----------------+--------------+--------+--------+--------+--------+


+--------------------------------------------------------------------+
; Minimum Propagation Delay                                          ;
+-----------------+--------------+--------+--------+--------+--------+
; Input Port      ; Output Port  ; RR     ; RF     ; FR     ; FF     ;
+-----------------+--------------+--------+--------+--------+--------+
; dip_switches[0] ; display_0[0] ; 9.077  ; 8.981  ; 9.471  ; 9.375  ;
; dip_switches[0] ; display_0[1] ; 9.150  ; 9.043  ; 9.544  ; 9.437  ;
; dip_switches[0] ; display_0[2] ; 9.087  ; 8.994  ; 9.481  ; 9.388  ;
; dip_switches[0] ; display_0[3] ; 9.103  ; 9.010  ; 9.497  ; 9.404  ;
; dip_switches[0] ; display_0[4] ; 9.068  ; 8.967  ; 9.462  ; 9.361  ;
; dip_switches[0] ; display_0[5] ; 9.067  ; 8.967  ; 9.461  ; 9.361  ;
; dip_switches[0] ; display_0[6] ; 9.116  ; 9.178  ; 9.510  ; 9.572  ;
; dip_switches[0] ; display_1[0] ; 9.947  ; 9.864  ; 10.341 ; 10.258 ;
; dip_switches[0] ; display_1[1] ; 10.117 ; 10.058 ; 10.511 ; 10.452 ;
; dip_switches[0] ; display_1[2] ; 9.756  ; 9.677  ; 10.150 ; 10.071 ;
; dip_switches[0] ; display_1[3] ; 10.107 ; 10.030 ; 10.501 ; 10.424 ;
; dip_switches[0] ; display_1[4] ; 9.987  ; 9.915  ; 10.381 ; 10.309 ;
; dip_switches[0] ; display_1[5] ; 9.995  ; 9.905  ; 10.389 ; 10.299 ;
; dip_switches[0] ; display_1[6] ; 10.355 ; 10.438 ; 10.749 ; 10.832 ;
; dip_switches[0] ; display_2[0] ; 7.265  ; 7.257  ; 7.706  ; 7.596  ;
; dip_switches[0] ; display_2[1] ; 6.672  ; 6.655  ; 7.083  ; 7.055  ;
; dip_switches[0] ; display_2[2] ;        ; 7.270  ; 7.705  ;        ;
; dip_switches[0] ; display_2[3] ; 7.068  ; 7.008  ; 7.503  ; 7.394  ;
; dip_switches[0] ; display_2[4] ; 7.084  ;        ;        ; 7.410  ;
; dip_switches[0] ; display_2[5] ; 7.500  ;        ;        ; 7.777  ;
; dip_switches[0] ; display_2[6] ; 6.920  ; 6.907  ; 7.239  ; 7.357  ;
; dip_switches[0] ; leds[0]      ; 8.847  ; 8.819  ; 9.241  ; 9.213  ;
; dip_switches[0] ; leds[1]      ; 9.525  ; 9.421  ; 9.832  ; 9.728  ;
; dip_switches[0] ; leds[2]      ; 9.639  ; 9.750  ; 9.944  ; 10.104 ;
; dip_switches[0] ; leds[3]      ; 10.201 ; 10.132 ; 10.601 ; 10.526 ;
; dip_switches[1] ; display_0[0] ; 9.732  ; 9.615  ; 10.155 ; 10.038 ;
; dip_switches[1] ; display_0[1] ; 9.809  ; 9.680  ; 10.232 ; 10.103 ;
; dip_switches[1] ; display_0[2] ; 9.811  ; 9.632  ; 10.234 ; 10.055 ;
; dip_switches[1] ; display_0[3] ; 9.757  ; 9.643  ; 10.180 ; 10.066 ;
; dip_switches[1] ; display_0[4] ; 9.700  ; 9.658  ; 10.123 ; 10.081 ;
; dip_switches[1] ; display_0[5] ; 9.697  ; 9.583  ; 10.120 ; 10.006 ;
; dip_switches[1] ; display_0[6] ; 9.747  ; 9.835  ; 10.170 ; 10.258 ;
; dip_switches[1] ; display_1[0] ; 9.883  ; 9.800  ; 10.306 ; 10.223 ;
; dip_switches[1] ; display_1[1] ; 10.053 ; 9.994  ; 10.476 ; 10.417 ;
; dip_switches[1] ; display_1[2] ; 9.692  ; 9.613  ; 10.115 ; 10.036 ;
; dip_switches[1] ; display_1[3] ; 10.043 ; 9.966  ; 10.466 ; 10.389 ;
; dip_switches[1] ; display_1[4] ; 9.923  ; 9.851  ; 10.346 ; 10.274 ;
; dip_switches[1] ; display_1[5] ; 9.931  ; 9.841  ; 10.354 ; 10.264 ;
; dip_switches[1] ; display_1[6] ; 10.291 ; 10.374 ; 10.714 ; 10.797 ;
; dip_switches[1] ; display_2[0] ; 7.085  ; 7.060  ; 7.543  ; 7.468  ;
; dip_switches[1] ; display_2[1] ; 6.494  ; 6.531  ; 6.979  ; 6.901  ;
; dip_switches[1] ; display_2[2] ; 7.123  ;        ;        ; 7.524  ;
; dip_switches[1] ; display_2[3] ; 6.889  ; 6.851  ; 7.359  ; 7.229  ;
; dip_switches[1] ; display_2[4] ;        ; 6.858  ; 7.342  ;        ;
; dip_switches[1] ; display_2[5] ; 7.333  ; 7.238  ; 7.756  ; 7.679  ;
; dip_switches[1] ; display_2[6] ; 6.741  ; 6.731  ; 7.085  ; 7.197  ;
; dip_switches[1] ; leds[0]      ; 8.783  ; 8.755  ; 9.206  ; 9.178  ;
; dip_switches[1] ; leds[1]      ; 9.547  ; 9.443  ; 9.836  ; 9.732  ;
; dip_switches[1] ; leds[2]      ; 9.926  ; 10.040 ; 10.250 ; 10.392 ;
; dip_switches[1] ; leds[3]      ; 10.131 ; 10.068 ; 10.560 ; 10.491 ;
; dip_switches[2] ; display_0[0] ; 9.868  ; 9.775  ; 10.331 ; 10.238 ;
; dip_switches[2] ; display_0[1] ; 9.944  ; 9.785  ; 10.380 ; 10.248 ;
; dip_switches[2] ; display_0[2] ; 9.847  ; 9.749  ; 10.310 ; 10.212 ;
; dip_switches[2] ; display_0[3] ; 9.892  ; 9.749  ; 10.335 ; 10.212 ;
; dip_switches[2] ; display_0[4] ; 9.869  ; 9.759  ; 10.332 ; 10.222 ;
; dip_switches[2] ; display_0[5] ; 9.811  ; 9.750  ; 10.274 ; 10.199 ;
; dip_switches[2] ; display_0[6] ; 9.885  ; 9.941  ; 10.348 ; 10.404 ;
; dip_switches[2] ; display_1[0] ; 10.034 ; 9.951  ; 10.469 ; 10.386 ;
; dip_switches[2] ; display_1[1] ; 10.204 ; 10.145 ; 10.639 ; 10.580 ;
; dip_switches[2] ; display_1[2] ; 9.843  ; 9.764  ; 10.278 ; 10.199 ;
; dip_switches[2] ; display_1[3] ; 10.194 ; 10.117 ; 10.629 ; 10.552 ;
; dip_switches[2] ; display_1[4] ; 10.074 ; 9.998  ; 10.509 ; 10.433 ;
; dip_switches[2] ; display_1[5] ; 10.082 ; 9.992  ; 10.517 ; 10.427 ;
; dip_switches[2] ; display_1[6] ; 10.442 ; 10.525 ; 10.877 ; 10.960 ;
; dip_switches[2] ; display_2[0] ; 7.311  ; 7.239  ; 7.748  ; 7.704  ;
; dip_switches[2] ; display_2[1] ; 6.720  ;        ;        ; 7.140  ;
; dip_switches[2] ; display_2[2] ; 7.347  ; 7.292  ; 7.786  ; 7.759  ;
; dip_switches[2] ; display_2[3] ; 7.113  ; 7.016  ; 7.551  ; 7.482  ;
; dip_switches[2] ; display_2[4] ; 7.116  ; 7.050  ; 7.546  ; 7.508  ;
; dip_switches[2] ; display_2[5] ; 7.529  ; 7.420  ; 7.963  ; 7.882  ;
; dip_switches[2] ; display_2[6] ; 6.884  ; 6.943  ; 7.349  ; 7.378  ;
; dip_switches[2] ; leds[0]      ; 8.940  ; 8.912  ; 9.403  ; 9.375  ;
; dip_switches[2] ; leds[1]      ; 9.403  ; 9.296  ; 9.868  ; 9.761  ;
; dip_switches[2] ; leds[2]      ; 10.076 ; 10.186 ; 10.389 ; 10.532 ;
; dip_switches[2] ; leds[3]      ; 10.271 ; 10.219 ; 10.706 ; 10.654 ;
; dip_switches[3] ; display_0[0] ; 10.077 ; 9.926  ; 10.487 ; 10.336 ;
; dip_switches[3] ; display_0[1] ; 10.144 ; 9.990  ; 10.554 ; 10.400 ;
; dip_switches[3] ; display_0[2] ; 10.061 ; 9.964  ; 10.471 ; 10.374 ;
; dip_switches[3] ; display_0[3] ; 10.103 ; 9.960  ; 10.513 ; 10.370 ;
; dip_switches[3] ; display_0[4] ; 10.013 ; 9.960  ; 10.423 ; 10.370 ;
; dip_switches[3] ; display_0[5] ; 10.010 ; 9.953  ; 10.420 ; 10.363 ;
; dip_switches[3] ; display_0[6] ; 10.078 ; 10.176 ; 10.488 ; 10.586 ;
; dip_switches[3] ; display_1[0] ; 9.872  ; 9.789  ; 10.288 ; 10.205 ;
; dip_switches[3] ; display_1[1] ; 10.042 ; 9.983  ; 10.458 ; 10.399 ;
; dip_switches[3] ; display_1[2] ; 9.681  ; 9.602  ; 10.097 ; 10.018 ;
; dip_switches[3] ; display_1[3] ; 10.032 ; 9.955  ; 10.448 ; 10.371 ;
; dip_switches[3] ; display_1[4] ; 9.912  ; 9.836  ; 10.328 ; 10.252 ;
; dip_switches[3] ; display_1[5] ; 9.920  ; 9.830  ; 10.336 ; 10.246 ;
; dip_switches[3] ; display_1[6] ; 10.280 ; 10.363 ; 10.696 ; 10.779 ;
; dip_switches[3] ; display_2[0] ; 7.178  ; 7.108  ; 7.597  ; 7.521  ;
; dip_switches[3] ; display_2[1] ; 6.583  ; 6.539  ; 7.003  ; 6.953  ;
; dip_switches[3] ; display_2[2] ; 7.207  ; 7.154  ; 7.619  ; 7.560  ;
; dip_switches[3] ; display_2[3] ; 6.976  ; 6.881  ; 7.391  ; 7.290  ;
; dip_switches[3] ; display_2[4] ;        ; 6.921  ; 7.400  ;        ;
; dip_switches[3] ; display_2[5] ; 7.399  ; 7.292  ; 7.814  ; 7.701  ;
; dip_switches[3] ; display_2[6] ; 6.748  ; 6.803  ; 7.161  ; 7.222  ;
; dip_switches[3] ; leds[0]      ; 8.780  ; 8.752  ; 9.190  ; 9.162  ;
; dip_switches[3] ; leds[1]      ; 9.741  ; 9.634  ; 10.016 ; 9.912  ;
; dip_switches[3] ; leds[2]      ; 10.350 ; 10.479 ; 10.658 ; 10.815 ;
; dip_switches[3] ; leds[3]      ; 10.109 ; 10.057 ; 10.525 ; 10.473 ;
; dip_switches[4] ; display_1[0] ; 9.222  ; 9.139  ; 9.634  ; 9.551  ;
; dip_switches[4] ; display_1[1] ; 9.392  ; 9.333  ; 9.804  ; 9.745  ;
; dip_switches[4] ; display_1[2] ; 9.031  ; 8.952  ; 9.443  ; 9.364  ;
; dip_switches[4] ; display_1[3] ; 9.382  ; 9.305  ; 9.794  ; 9.717  ;
; dip_switches[4] ; display_1[4] ; 9.262  ; 9.186  ; 9.674  ; 9.598  ;
; dip_switches[4] ; display_1[5] ; 9.270  ; 9.180  ; 9.682  ; 9.592  ;
; dip_switches[4] ; display_1[6] ; 9.630  ; 9.713  ; 10.042 ; 10.125 ;
; dip_switches[4] ; display_3[0] ; 8.320  ; 8.298  ; 8.831  ; 8.707  ;
; dip_switches[4] ; display_3[1] ; 8.292  ; 8.241  ; 8.771  ; 8.709  ;
; dip_switches[4] ; display_3[2] ;        ; 8.615  ; 9.122  ;        ;
; dip_switches[4] ; display_3[3] ; 7.942  ; 7.880  ; 8.445  ; 8.334  ;
; dip_switches[4] ; display_3[4] ; 7.594  ;        ;        ; 7.957  ;
; dip_switches[4] ; display_3[5] ; 8.685  ;        ;        ; 9.056  ;
; dip_switches[4] ; display_3[6] ; 8.660  ; 8.725  ; 9.099  ; 9.170  ;
; dip_switches[4] ; leds[0]      ; 8.163  ; 8.135  ; 8.569  ; 8.541  ;
; dip_switches[4] ; leds[1]      ; 9.691  ; 9.584  ; 10.200 ; 10.093 ;
; dip_switches[4] ; leds[2]      ; 10.968 ; 11.101 ; 11.446 ; 11.582 ;
; dip_switches[4] ; leds[3]      ; 9.459  ; 9.407  ; 9.871  ; 9.819  ;
; dip_switches[5] ; display_1[0] ; 7.403  ; 7.320  ; 7.604  ; 7.521  ;
; dip_switches[5] ; display_1[1] ; 7.573  ; 7.514  ; 7.774  ; 7.715  ;
; dip_switches[5] ; display_1[2] ; 7.212  ; 7.133  ; 7.413  ; 7.334  ;
; dip_switches[5] ; display_1[3] ; 7.563  ; 7.486  ; 7.764  ; 7.687  ;
; dip_switches[5] ; display_1[4] ; 7.443  ; 7.367  ; 7.644  ; 7.568  ;
; dip_switches[5] ; display_1[5] ; 7.451  ; 7.361  ; 7.652  ; 7.562  ;
; dip_switches[5] ; display_1[6] ; 7.811  ; 7.894  ; 8.012  ; 8.095  ;
; dip_switches[5] ; display_3[0] ; 6.088  ; 6.049  ; 6.281  ; 6.192  ;
; dip_switches[5] ; display_3[1] ; 6.062  ; 6.065  ; 6.283  ; 6.171  ;
; dip_switches[5] ; display_3[2] ; 6.414  ;        ;        ; 6.544  ;
; dip_switches[5] ; display_3[3] ; 5.709  ; 5.669  ; 5.913  ; 5.781  ;
; dip_switches[5] ; display_3[4] ;        ; 4.701  ; 4.950  ;        ;
; dip_switches[5] ; display_3[5] ; 5.875  ; 5.802  ; 6.043  ; 5.996  ;
; dip_switches[5] ; display_3[6] ; 5.851  ; 5.916  ; 6.045  ; 6.084  ;
; dip_switches[5] ; leds[0]      ; 6.364  ; 6.321  ; 6.559  ; 6.522  ;
; dip_switches[5] ; leds[1]      ; 7.390  ; 7.286  ; 7.533  ; 7.429  ;
; dip_switches[5] ; leds[2]      ; 7.882  ; 8.018  ; 8.049  ; 8.214  ;
; dip_switches[5] ; leds[3]      ; 7.640  ; 7.588  ; 7.841  ; 7.789  ;
; dip_switches[6] ; display_1[0] ; 9.004  ; 8.931  ; 9.431  ; 9.364  ;
; dip_switches[6] ; display_1[1] ; 9.190  ; 9.158  ; 9.623  ; 9.585  ;
; dip_switches[6] ; display_1[2] ; 8.816  ; 8.748  ; 9.243  ; 9.181  ;
; dip_switches[6] ; display_1[3] ; 9.168  ; 9.101  ; 9.595  ; 9.534  ;
; dip_switches[6] ; display_1[4] ; 9.048  ; 8.976  ; 9.475  ; 9.409  ;
; dip_switches[6] ; display_1[5] ; 9.057  ; 8.978  ; 9.484  ; 9.411  ;
; dip_switches[6] ; display_1[6] ; 9.427  ; 9.501  ; 9.860  ; 9.928  ;
; dip_switches[6] ; display_3[0] ; 7.983  ; 7.897  ; 8.397  ; 8.339  ;
; dip_switches[6] ; display_3[1] ; 7.955  ;        ;        ; 8.317  ;
; dip_switches[6] ; display_3[2] ; 8.305  ; 8.248  ; 8.720  ; 8.691  ;
; dip_switches[6] ; display_3[3] ; 7.603  ; 7.504  ; 8.017  ; 7.946  ;
; dip_switches[6] ; display_3[4] ; 7.131  ; 7.032  ; 7.445  ; 7.400  ;
; dip_switches[6] ; display_3[5] ; 8.165  ; 8.121  ; 8.516  ; 8.459  ;
; dip_switches[6] ; display_3[6] ; 8.167  ; 8.222  ; 8.495  ; 8.564  ;
; dip_switches[6] ; leds[0]      ; 8.121  ; 8.093  ; 8.548  ; 8.520  ;
; dip_switches[6] ; leds[1]      ; 9.513  ; 9.406  ; 9.842  ; 9.738  ;
; dip_switches[6] ; leds[2]      ; 10.020 ; 10.151 ; 10.335 ; 10.502 ;
; dip_switches[6] ; leds[3]      ; 9.417  ; 9.365  ; 9.850  ; 9.798  ;
; dip_switches[7] ; display_1[0] ; 7.062  ; 6.979  ; 7.194  ; 7.111  ;
; dip_switches[7] ; display_1[1] ; 7.232  ; 7.173  ; 7.364  ; 7.305  ;
; dip_switches[7] ; display_1[2] ; 6.871  ; 6.792  ; 7.003  ; 6.924  ;
; dip_switches[7] ; display_1[3] ; 7.222  ; 7.145  ; 7.354  ; 7.277  ;
; dip_switches[7] ; display_1[4] ; 7.102  ; 7.028  ; 7.234  ; 7.166  ;
; dip_switches[7] ; display_1[5] ; 7.110  ; 7.020  ; 7.242  ; 7.152  ;
; dip_switches[7] ; display_1[6] ; 7.470  ; 7.553  ; 7.602  ; 7.685  ;
; dip_switches[7] ; display_3[0] ; 5.810  ; 5.726  ; 5.962  ; 5.872  ;
; dip_switches[7] ; display_3[1] ; 5.788  ; 5.710  ; 5.935  ; 5.851  ;
; dip_switches[7] ; display_3[2] ; 6.138  ; 6.083  ; 6.285  ; 6.224  ;
; dip_switches[7] ; display_3[3] ; 5.430  ; 5.333  ; 5.581  ; 5.478  ;
; dip_switches[7] ; display_3[4] ;        ; 4.832  ; 5.075  ;        ;
; dip_switches[7] ; display_3[5] ; 5.977  ; 5.931  ; 6.163  ; 6.108  ;
; dip_switches[7] ; display_3[6] ; 6.032  ; 6.013  ; 6.136  ; 6.271  ;
; dip_switches[7] ; leds[0]      ; 6.186  ; 6.143  ; 6.318  ; 6.281  ;
; dip_switches[7] ; leds[1]      ; 6.542  ; 6.440  ; 6.723  ; 6.615  ;
; dip_switches[7] ; leds[2]      ; 7.634  ; 7.762  ; 7.809  ; 7.943  ;
; dip_switches[7] ; leds[3]      ; 7.301  ; 7.247  ; 7.439  ; 7.379  ;
; switches[0]     ; display_0[0] ; 8.318  ; 8.205  ; 8.677  ; 8.581  ;
; switches[0]     ; display_0[1] ; 8.392  ; 8.267  ; 8.750  ; 8.643  ;
; switches[0]     ; display_0[2] ; 8.339  ; 8.218  ; 8.687  ; 8.594  ;
; switches[0]     ; display_0[3] ; 8.344  ; 8.234  ; 8.703  ; 8.610  ;
; switches[0]     ; display_0[4] ; 8.292  ; 8.219  ; 8.668  ; 8.567  ;
; switches[0]     ; display_0[5] ; 8.291  ; 8.219  ; 8.667  ; 8.567  ;
; switches[0]     ; display_0[6] ; 8.340  ; 8.424  ; 8.716  ; 8.778  ;
; switches[0]     ; display_1[0] ; 9.154  ; 9.071  ; 9.537  ; 9.454  ;
; switches[0]     ; display_1[1] ; 9.324  ; 9.265  ; 9.707  ; 9.648  ;
; switches[0]     ; display_1[2] ; 8.963  ; 8.884  ; 9.346  ; 9.267  ;
; switches[0]     ; display_1[3] ; 9.314  ; 9.237  ; 9.697  ; 9.620  ;
; switches[0]     ; display_1[4] ; 9.194  ; 9.118  ; 9.577  ; 9.505  ;
; switches[0]     ; display_1[5] ; 9.202  ; 9.112  ; 9.585  ; 9.495  ;
; switches[0]     ; display_1[6] ; 9.562  ; 9.645  ; 9.945  ; 10.028 ;
; switches[0]     ; leds[0]      ; 8.124  ; 8.072  ; 8.437  ; 8.409  ;
; switches[0]     ; leds[1]      ; 10.200 ; 10.093 ; 10.555 ; 10.448 ;
; switches[0]     ; leds[2]      ; 10.519 ; 10.626 ; 10.851 ; 11.018 ;
; switches[0]     ; leds[3]      ; 9.391  ; 9.339  ; 9.798  ; 9.722  ;
; switches[1]     ; display_0[0] ; 8.968  ; 8.851  ; 9.312  ; 9.195  ;
; switches[1]     ; display_0[1] ; 9.045  ; 8.916  ; 9.389  ; 9.260  ;
; switches[1]     ; display_0[2] ; 9.012  ; 8.868  ; 9.392  ; 9.212  ;
; switches[1]     ; display_0[3] ; 8.993  ; 8.879  ; 9.337  ; 9.223  ;
; switches[1]     ; display_0[4] ; 8.936  ; 8.859  ; 9.280  ; 9.239  ;
; switches[1]     ; display_0[5] ; 8.933  ; 8.819  ; 9.277  ; 9.163  ;
; switches[1]     ; display_0[6] ; 8.983  ; 9.071  ; 9.327  ; 9.415  ;
; switches[1]     ; display_1[0] ; 9.059  ; 8.976  ; 9.468  ; 9.385  ;
; switches[1]     ; display_1[1] ; 9.229  ; 9.170  ; 9.638  ; 9.579  ;
; switches[1]     ; display_1[2] ; 8.868  ; 8.789  ; 9.277  ; 9.198  ;
; switches[1]     ; display_1[3] ; 9.219  ; 9.142  ; 9.628  ; 9.551  ;
; switches[1]     ; display_1[4] ; 9.099  ; 9.023  ; 9.508  ; 9.436  ;
; switches[1]     ; display_1[5] ; 9.107  ; 9.017  ; 9.516  ; 9.426  ;
; switches[1]     ; display_1[6] ; 9.467  ; 9.550  ; 9.876  ; 9.959  ;
; switches[1]     ; leds[0]      ; 8.029  ; 7.977  ; 8.368  ; 8.340  ;
; switches[1]     ; leds[1]      ; 9.733  ; 9.626  ; 10.065 ; 9.958  ;
; switches[1]     ; leds[2]      ; 10.760 ; 10.873 ; 11.079 ; 11.221 ;
; switches[1]     ; leds[3]      ; 9.296  ; 9.244  ; 9.729  ; 9.653  ;
; switches[2]     ; display_0[0] ; 9.202  ; 9.109  ; 9.548  ; 9.455  ;
; switches[2]     ; display_0[1] ; 9.249  ; 9.119  ; 9.624  ; 9.465  ;
; switches[2]     ; display_0[2] ; 9.181  ; 9.083  ; 9.527  ; 9.429  ;
; switches[2]     ; display_0[3] ; 9.204  ; 9.083  ; 9.572  ; 9.429  ;
; switches[2]     ; display_0[4] ; 9.203  ; 9.093  ; 9.549  ; 9.439  ;
; switches[2]     ; display_0[5] ; 9.145  ; 9.068  ; 9.491  ; 9.430  ;
; switches[2]     ; display_0[6] ; 9.219  ; 9.275  ; 9.565  ; 9.621  ;
; switches[2]     ; display_1[0] ; 9.338  ; 9.255  ; 9.730  ; 9.647  ;
; switches[2]     ; display_1[1] ; 9.508  ; 9.449  ; 9.900  ; 9.841  ;
; switches[2]     ; display_1[2] ; 9.147  ; 9.068  ; 9.539  ; 9.460  ;
; switches[2]     ; display_1[3] ; 9.498  ; 9.421  ; 9.890  ; 9.813  ;
; switches[2]     ; display_1[4] ; 9.378  ; 9.302  ; 9.770  ; 9.698  ;
; switches[2]     ; display_1[5] ; 9.386  ; 9.296  ; 9.778  ; 9.688  ;
; switches[2]     ; display_1[6] ; 9.746  ; 9.829  ; 10.138 ; 10.221 ;
; switches[2]     ; leds[0]      ; 8.308  ; 8.256  ; 8.630  ; 8.602  ;
; switches[2]     ; leds[1]      ; 9.827  ; 9.720  ; 10.150 ; 10.043 ;
; switches[2]     ; leds[2]      ; 10.405 ; 10.513 ; 10.753 ; 10.897 ;
; switches[2]     ; leds[3]      ; 9.575  ; 9.523  ; 9.991  ; 9.915  ;
; switches[3]     ; display_0[0] ; 9.427  ; 9.303  ; 9.799  ; 9.648  ;
; switches[3]     ; display_0[1] ; 9.486  ; 9.367  ; 9.867  ; 9.712  ;
; switches[3]     ; display_0[2] ; 9.427  ; 9.341  ; 9.783  ; 9.686  ;
; switches[3]     ; display_0[3] ; 9.449  ; 9.337  ; 9.825  ; 9.682  ;
; switches[3]     ; display_0[4] ; 9.390  ; 9.302  ; 9.735  ; 9.683  ;
; switches[3]     ; display_0[5] ; 9.387  ; 9.299  ; 9.732  ; 9.675  ;
; switches[3]     ; display_0[6] ; 9.455  ; 9.518  ; 9.800  ; 9.899  ;
; switches[3]     ; display_1[0] ; 9.197  ; 9.114  ; 9.607  ; 9.524  ;
; switches[3]     ; display_1[1] ; 9.367  ; 9.308  ; 9.777  ; 9.718  ;
; switches[3]     ; display_1[2] ; 9.006  ; 8.927  ; 9.416  ; 9.337  ;
; switches[3]     ; display_1[3] ; 9.357  ; 9.280  ; 9.767  ; 9.690  ;
; switches[3]     ; display_1[4] ; 9.237  ; 9.161  ; 9.647  ; 9.575  ;
; switches[3]     ; display_1[5] ; 9.245  ; 9.155  ; 9.655  ; 9.565  ;
; switches[3]     ; display_1[6] ; 9.605  ; 9.688  ; 10.015 ; 10.098 ;
; switches[3]     ; leds[0]      ; 8.167  ; 8.115  ; 8.507  ; 8.479  ;
; switches[3]     ; leds[1]      ; 9.614  ; 9.507  ; 9.942  ; 9.835  ;
; switches[3]     ; leds[2]      ; 10.696 ; 10.824 ; 11.031 ; 11.188 ;
; switches[3]     ; leds[3]      ; 9.434  ; 9.382  ; 9.868  ; 9.792  ;
; switches[4]     ; display_1[0] ; 9.228  ; 9.145  ; 9.598  ; 9.500  ;
; switches[4]     ; display_1[1] ; 9.398  ; 9.339  ; 9.767  ; 9.709  ;
; switches[4]     ; display_1[2] ; 9.037  ; 8.958  ; 9.396  ; 9.328  ;
; switches[4]     ; display_1[3] ; 9.388  ; 9.311  ; 9.758  ; 9.681  ;
; switches[4]     ; display_1[4] ; 9.268  ; 9.192  ; 9.638  ; 9.553  ;
; switches[4]     ; display_1[5] ; 9.276  ; 9.186  ; 9.646  ; 9.546  ;
; switches[4]     ; display_1[6] ; 9.636  ; 9.719  ; 9.999  ; 10.089 ;
; switches[4]     ; leds[0]      ; 8.198  ; 8.146  ; 8.498  ; 8.470  ;
; switches[4]     ; leds[1]      ; 9.609  ; 9.502  ; 9.944  ; 9.837  ;
; switches[4]     ; leds[2]      ; 10.701 ; 10.834 ; 11.142 ; 11.278 ;
; switches[4]     ; leds[3]      ; 9.465  ; 9.413  ; 9.859  ; 9.783  ;
; switches[5]     ; display_1[0] ; 8.879  ; 8.796  ; 9.303  ; 9.220  ;
; switches[5]     ; display_1[1] ; 9.049  ; 8.990  ; 9.473  ; 9.414  ;
; switches[5]     ; display_1[2] ; 8.688  ; 8.609  ; 9.112  ; 9.033  ;
; switches[5]     ; display_1[3] ; 9.039  ; 8.962  ; 9.463  ; 9.386  ;
; switches[5]     ; display_1[4] ; 8.919  ; 8.843  ; 9.343  ; 9.271  ;
; switches[5]     ; display_1[5] ; 8.927  ; 8.837  ; 9.351  ; 9.261  ;
; switches[5]     ; display_1[6] ; 9.287  ; 9.370  ; 9.711  ; 9.794  ;
; switches[5]     ; leds[0]      ; 7.849  ; 7.797  ; 8.203  ; 8.175  ;
; switches[5]     ; leds[1]      ; 9.360  ; 9.253  ; 9.697  ; 9.590  ;
; switches[5]     ; leds[2]      ; 10.916 ; 11.053 ; 11.270 ; 11.435 ;
; switches[5]     ; leds[3]      ; 9.116  ; 9.064  ; 9.564  ; 9.488  ;
; switches[6]     ; display_1[0] ; 8.967  ; 8.890  ; 9.320  ; 9.269  ;
; switches[6]     ; display_1[1] ; 9.149  ; 9.121  ; 9.530  ; 9.474  ;
; switches[6]     ; display_1[2] ; 8.779  ; 8.707  ; 9.132  ; 9.085  ;
; switches[6]     ; display_1[3] ; 9.131  ; 9.060  ; 9.484  ; 9.439  ;
; switches[6]     ; display_1[4] ; 9.011  ; 8.935  ; 9.364  ; 9.312  ;
; switches[6]     ; display_1[5] ; 9.020  ; 8.937  ; 9.373  ; 9.315  ;
; switches[6]     ; display_1[6] ; 9.386  ; 9.464  ; 9.766  ; 9.817  ;
; switches[6]     ; leds[0]      ; 8.109  ; 8.057  ; 8.427  ; 8.399  ;
; switches[6]     ; leds[1]      ; 9.734  ; 9.627  ; 10.086 ; 9.979  ;
; switches[6]     ; leds[2]      ; 10.627 ; 10.760 ; 11.022 ; 11.188 ;
; switches[6]     ; leds[3]      ; 9.376  ; 9.324  ; 9.788  ; 9.712  ;
; switches[7]     ; display_1[0] ; 8.894  ; 8.811  ; 9.273  ; 9.190  ;
; switches[7]     ; display_1[1] ; 9.064  ; 9.005  ; 9.443  ; 9.384  ;
; switches[7]     ; display_1[2] ; 8.703  ; 8.624  ; 9.082  ; 9.003  ;
; switches[7]     ; display_1[3] ; 9.054  ; 8.977  ; 9.433  ; 9.356  ;
; switches[7]     ; display_1[4] ; 8.934  ; 8.858  ; 9.313  ; 9.270  ;
; switches[7]     ; display_1[5] ; 8.942  ; 8.852  ; 9.321  ; 9.231  ;
; switches[7]     ; display_1[6] ; 9.302  ; 9.385  ; 9.681  ; 9.764  ;
; switches[7]     ; leds[0]      ; 8.026  ; 7.974  ; 8.392  ; 8.364  ;
; switches[7]     ; leds[1]      ; 9.014  ; 8.899  ; 9.394  ; 9.286  ;
; switches[7]     ; leds[2]      ; 10.428 ; 10.528 ; 10.772 ; 10.907 ;
; switches[7]     ; leds[3]      ; 9.131  ; 9.079  ; 9.543  ; 9.458  ;
; switches[8]     ; display_0[0] ; 8.740  ; 8.637  ; 9.119  ; 9.006  ;
; switches[8]     ; display_0[1] ; 8.813  ; 8.699  ; 9.193  ; 9.068  ;
; switches[8]     ; display_0[2] ; 8.750  ; 8.650  ; 9.143  ; 9.019  ;
; switches[8]     ; display_0[3] ; 8.766  ; 8.666  ; 9.145  ; 9.035  ;
; switches[8]     ; display_0[4] ; 8.724  ; 8.630  ; 9.093  ; 9.023  ;
; switches[8]     ; display_0[5] ; 8.723  ; 8.630  ; 9.092  ; 9.023  ;
; switches[8]     ; display_0[6] ; 8.772  ; 8.841  ; 9.141  ; 9.225  ;
; switches[8]     ; display_1[0] ; 9.156  ; 9.073  ; 9.562  ; 9.481  ;
; switches[8]     ; display_1[1] ; 9.326  ; 9.267  ; 9.734  ; 9.675  ;
; switches[8]     ; display_1[2] ; 8.965  ; 8.886  ; 9.373  ; 9.294  ;
; switches[8]     ; display_1[3] ; 9.316  ; 9.239  ; 9.724  ; 9.647  ;
; switches[8]     ; display_1[4] ; 9.196  ; 9.124  ; 9.604  ; 9.526  ;
; switches[8]     ; display_1[5] ; 9.204  ; 9.114  ; 9.612  ; 9.522  ;
; switches[8]     ; display_1[6] ; 9.564  ; 9.647  ; 9.972  ; 10.055 ;
; switches[8]     ; leds[0]      ; 7.679  ; 7.651  ; 8.102  ; 8.043  ;
; switches[8]     ; leds[1]      ; 7.494  ; 7.412  ; 7.894  ; 7.840  ;
; switches[8]     ; leds[2]      ; 11.848 ; 10.513 ; 10.738 ; 12.387 ;
; switches[8]     ; leds[3]      ; 9.397  ; 9.341  ; 9.799  ; 9.749  ;
; switches[9]     ; display_0[0] ;        ; 6.610  ; 7.127  ;        ;
; switches[9]     ; display_0[1] ;        ; 6.674  ; 7.196  ;        ;
; switches[9]     ; display_0[2] ;        ; 6.619  ; 7.137  ;        ;
; switches[9]     ; display_0[3] ;        ; 6.633  ; 7.144  ;        ;
; switches[9]     ; display_0[4] ;        ; 6.585  ; 7.090  ;        ;
; switches[9]     ; display_0[5] ;        ; 6.581  ; 7.093  ;        ;
; switches[9]     ; display_0[6] ; 6.556  ;        ;        ; 7.072  ;
; switches[9]     ; display_1[0] ;        ; 6.869  ; 7.339  ;        ;
; switches[9]     ; display_1[1] ;        ; 6.878  ; 7.356  ;        ;
; switches[9]     ; display_1[2] ;        ; 6.693  ; 7.154  ;        ;
; switches[9]     ; display_1[3] ;        ; 6.858  ; 7.348  ;        ;
; switches[9]     ; display_1[4] ;        ; 6.908  ; 7.379  ;        ;
; switches[9]     ; display_1[5] ;        ; 6.916  ; 7.392  ;        ;
; switches[9]     ; display_1[6] ; 7.170  ;        ;        ; 7.673  ;
; switches[9]     ; leds[0]      ;        ; 7.586  ; 7.991  ;        ;
; switches[9]     ; leds[1]      ;        ; 7.710  ; 8.142  ;        ;
; switches[9]     ; leds[2]      ;        ; 10.717 ; 10.984 ;        ;
; switches[9]     ; leds[3]      ;        ; 7.412  ; 7.844  ;        ;
+-----------------+--------------+--------+--------+--------+--------+


---------------------------------------------
; Slow 1200mV 0C Model Metastability Report ;
---------------------------------------------
No synchronizer chains to report.


--------------------------------------
; Fast 1200mV 0C Model Setup Summary ;
--------------------------------------
No paths to report.


-------------------------------------
; Fast 1200mV 0C Model Hold Summary ;
-------------------------------------
No paths to report.


-----------------------------------------
; Fast 1200mV 0C Model Recovery Summary ;
-----------------------------------------
No paths to report.


----------------------------------------
; Fast 1200mV 0C Model Removal Summary ;
----------------------------------------
No paths to report.


----------------------------------------------------
; Fast 1200mV 0C Model Minimum Pulse Width Summary ;
----------------------------------------------------
No paths to report.


+----------------------------------------------------------------+
; Propagation Delay                                              ;
+-----------------+--------------+-------+-------+-------+-------+
; Input Port      ; Output Port  ; RR    ; RF    ; FR    ; FF    ;
+-----------------+--------------+-------+-------+-------+-------+
; dip_switches[0] ; display_0[0] ; 7.092 ; 7.113 ; 7.724 ; 7.745 ;
; dip_switches[0] ; display_0[1] ; 7.103 ; 7.143 ; 7.735 ; 7.775 ;
; dip_switches[0] ; display_0[2] ; 7.064 ; 7.137 ; 7.696 ; 7.769 ;
; dip_switches[0] ; display_0[3] ; 7.107 ; 7.092 ; 7.739 ; 7.724 ;
; dip_switches[0] ; display_0[4] ; 7.066 ; 6.915 ; 7.698 ; 7.547 ;
; dip_switches[0] ; display_0[5] ; 7.046 ; 7.079 ; 7.678 ; 7.711 ;
; dip_switches[0] ; display_0[6] ; 7.227 ; 7.185 ; 7.859 ; 7.817 ;
; dip_switches[0] ; display_1[0] ; 6.963 ; 6.993 ; 7.595 ; 7.625 ;
; dip_switches[0] ; display_1[1] ; 7.116 ; 7.182 ; 7.748 ; 7.814 ;
; dip_switches[0] ; display_1[2] ; 6.803 ; 6.888 ; 7.435 ; 7.520 ;
; dip_switches[0] ; display_1[3] ; 7.104 ; 7.168 ; 7.736 ; 7.800 ;
; dip_switches[0] ; display_1[4] ; 6.970 ; 7.013 ; 7.602 ; 7.645 ;
; dip_switches[0] ; display_1[5] ; 6.982 ; 7.058 ; 7.614 ; 7.690 ;
; dip_switches[0] ; display_1[6] ; 7.425 ; 7.306 ; 8.057 ; 7.938 ;
; dip_switches[0] ; display_2[0] ; 4.763 ; 4.855 ; 5.401 ; 5.502 ;
; dip_switches[0] ; display_2[1] ; 4.361 ; 4.431 ; 5.025 ; 5.044 ;
; dip_switches[0] ; display_2[2] ;       ; 4.904 ; 5.446 ;       ;
; dip_switches[0] ; display_2[3] ; 4.590 ; 4.670 ; 5.229 ; 5.318 ;
; dip_switches[0] ; display_2[4] ; 4.623 ;       ;       ; 5.361 ;
; dip_switches[0] ; display_2[5] ; 4.853 ;       ;       ; 5.608 ;
; dip_switches[0] ; display_2[6] ; 4.585 ; 4.480 ; 5.177 ; 5.165 ;
; dip_switches[0] ; leds[0]      ; 5.963 ; 6.071 ; 6.595 ; 6.703 ;
; dip_switches[0] ; leds[1]      ; 6.309 ; 6.541 ; 7.068 ; 7.216 ;
; dip_switches[0] ; leds[2]      ; 8.301 ; 8.761 ; 9.000 ; 9.435 ;
; dip_switches[0] ; leds[3]      ; 6.868 ; 7.064 ; 7.500 ; 7.696 ;
; dip_switches[1] ; display_0[0] ; 6.994 ; 7.015 ; 7.649 ; 7.670 ;
; dip_switches[1] ; display_0[1] ; 7.005 ; 7.045 ; 7.660 ; 7.700 ;
; dip_switches[1] ; display_0[2] ; 6.966 ; 7.039 ; 7.621 ; 7.694 ;
; dip_switches[1] ; display_0[3] ; 7.009 ; 6.994 ; 7.664 ; 7.649 ;
; dip_switches[1] ; display_0[4] ; 6.968 ; 6.817 ; 7.623 ; 7.472 ;
; dip_switches[1] ; display_0[5] ; 6.948 ; 6.981 ; 7.603 ; 7.636 ;
; dip_switches[1] ; display_0[6] ; 7.129 ; 7.087 ; 7.784 ; 7.742 ;
; dip_switches[1] ; display_1[0] ; 6.865 ; 6.895 ; 7.520 ; 7.550 ;
; dip_switches[1] ; display_1[1] ; 7.018 ; 7.084 ; 7.673 ; 7.739 ;
; dip_switches[1] ; display_1[2] ; 6.705 ; 6.790 ; 7.366 ; 7.445 ;
; dip_switches[1] ; display_1[3] ; 7.006 ; 7.070 ; 7.661 ; 7.725 ;
; dip_switches[1] ; display_1[4] ; 6.872 ; 6.915 ; 7.527 ; 7.576 ;
; dip_switches[1] ; display_1[5] ; 6.884 ; 6.960 ; 7.539 ; 7.615 ;
; dip_switches[1] ; display_1[6] ; 7.327 ; 7.208 ; 7.982 ; 7.863 ;
; dip_switches[1] ; display_2[0] ; 4.614 ; 4.763 ; 5.332 ; 5.392 ;
; dip_switches[1] ; display_2[1] ; 4.251 ; 4.319 ; 4.929 ; 4.956 ;
; dip_switches[1] ; display_2[2] ; 4.677 ;       ;       ; 5.448 ;
; dip_switches[1] ; display_2[3] ; 4.467 ; 4.581 ; 5.162 ; 5.230 ;
; dip_switches[1] ; display_2[4] ;       ; 4.584 ; 5.165 ;       ;
; dip_switches[1] ; display_2[5] ; 4.739 ; 4.841 ; 5.389 ; 5.513 ;
; dip_switches[1] ; display_2[6] ; 4.474 ; 4.399 ; 5.135 ; 5.069 ;
; dip_switches[1] ; leds[0]      ; 5.889 ; 5.973 ; 6.551 ; 6.634 ;
; dip_switches[1] ; leds[1]      ; 6.379 ; 6.527 ; 6.983 ; 7.131 ;
; dip_switches[1] ; leds[2]      ; 8.371 ; 8.831 ; 8.915 ; 9.350 ;
; dip_switches[1] ; leds[3]      ; 6.770 ; 6.966 ; 7.425 ; 7.621 ;
; dip_switches[2] ; display_0[0] ; 7.171 ; 7.192 ; 7.851 ; 7.872 ;
; dip_switches[2] ; display_0[1] ; 7.182 ; 7.222 ; 7.862 ; 7.902 ;
; dip_switches[2] ; display_0[2] ; 7.143 ; 7.216 ; 7.823 ; 7.896 ;
; dip_switches[2] ; display_0[3] ; 7.186 ; 7.171 ; 7.866 ; 7.851 ;
; dip_switches[2] ; display_0[4] ; 7.145 ; 6.994 ; 7.825 ; 7.674 ;
; dip_switches[2] ; display_0[5] ; 7.125 ; 7.158 ; 7.805 ; 7.838 ;
; dip_switches[2] ; display_0[6] ; 7.306 ; 7.264 ; 7.986 ; 7.944 ;
; dip_switches[2] ; display_1[0] ; 7.042 ; 7.072 ; 7.722 ; 7.752 ;
; dip_switches[2] ; display_1[1] ; 7.195 ; 7.261 ; 7.875 ; 7.941 ;
; dip_switches[2] ; display_1[2] ; 6.882 ; 6.967 ; 7.562 ; 7.647 ;
; dip_switches[2] ; display_1[3] ; 7.183 ; 7.247 ; 7.863 ; 7.927 ;
; dip_switches[2] ; display_1[4] ; 7.049 ; 7.092 ; 7.729 ; 7.772 ;
; dip_switches[2] ; display_1[5] ; 7.061 ; 7.137 ; 7.741 ; 7.817 ;
; dip_switches[2] ; display_1[6] ; 7.504 ; 7.385 ; 8.184 ; 8.065 ;
; dip_switches[2] ; display_2[0] ; 4.800 ; 4.895 ; 5.461 ; 5.574 ;
; dip_switches[2] ; display_2[1] ; 4.408 ;       ;       ; 5.135 ;
; dip_switches[2] ; display_2[2] ; 4.827 ; 4.931 ; 5.489 ; 5.612 ;
; dip_switches[2] ; display_2[3] ; 4.631 ; 4.714 ; 5.293 ; 5.394 ;
; dip_switches[2] ; display_2[4] ; 4.654 ; 4.734 ; 5.314 ; 5.413 ;
; dip_switches[2] ; display_2[5] ; 4.885 ; 4.996 ; 5.546 ; 5.676 ;
; dip_switches[2] ; display_2[6] ; 4.611 ; 4.549 ; 5.291 ; 5.211 ;
; dip_switches[2] ; leds[0]      ; 6.042 ; 6.150 ; 6.722 ; 6.830 ;
; dip_switches[2] ; leds[1]      ; 6.392 ; 6.635 ; 7.003 ; 7.164 ;
; dip_switches[2] ; leds[2]      ; 8.222 ; 8.682 ; 8.935 ; 9.370 ;
; dip_switches[2] ; leds[3]      ; 6.947 ; 7.143 ; 7.627 ; 7.823 ;
; dip_switches[3] ; display_0[0] ; 6.784 ; 6.805 ; 7.460 ; 7.481 ;
; dip_switches[3] ; display_0[1] ; 6.795 ; 6.835 ; 7.471 ; 7.511 ;
; dip_switches[3] ; display_0[2] ; 6.756 ; 6.829 ; 7.432 ; 7.505 ;
; dip_switches[3] ; display_0[3] ; 6.799 ; 6.784 ; 7.475 ; 7.460 ;
; dip_switches[3] ; display_0[4] ; 6.758 ; 6.597 ; 7.434 ; 7.273 ;
; dip_switches[3] ; display_0[5] ; 6.738 ; 6.771 ; 7.414 ; 7.447 ;
; dip_switches[3] ; display_0[6] ; 6.919 ; 6.877 ; 7.595 ; 7.553 ;
; dip_switches[3] ; display_1[0] ; 6.837 ; 6.867 ; 7.513 ; 7.543 ;
; dip_switches[3] ; display_1[1] ; 6.990 ; 7.056 ; 7.666 ; 7.732 ;
; dip_switches[3] ; display_1[2] ; 6.694 ; 6.762 ; 7.377 ; 7.438 ;
; dip_switches[3] ; display_1[3] ; 6.978 ; 7.042 ; 7.654 ; 7.718 ;
; dip_switches[3] ; display_1[4] ; 6.844 ; 6.904 ; 7.520 ; 7.587 ;
; dip_switches[3] ; display_1[5] ; 6.856 ; 6.932 ; 7.532 ; 7.608 ;
; dip_switches[3] ; display_1[6] ; 7.299 ; 7.180 ; 7.975 ; 7.856 ;
; dip_switches[3] ; display_2[0] ; 4.681 ; 4.779 ; 5.367 ; 5.458 ;
; dip_switches[3] ; display_2[1] ; 4.287 ; 4.338 ; 4.970 ; 5.014 ;
; dip_switches[3] ; display_2[2] ; 4.697 ; 4.805 ; 5.381 ; 5.482 ;
; dip_switches[3] ; display_2[3] ; 4.509 ; 4.595 ; 5.194 ; 5.273 ;
; dip_switches[3] ; display_2[4] ;       ; 4.624 ; 5.225 ;       ;
; dip_switches[3] ; display_2[5] ; 4.771 ; 4.886 ; 5.454 ; 5.562 ;
; dip_switches[3] ; display_2[6] ; 4.492 ; 4.427 ; 5.168 ; 5.110 ;
; dip_switches[3] ; leds[0]      ; 5.879 ; 5.962 ; 6.562 ; 6.645 ;
; dip_switches[3] ; leds[1]      ; 6.516 ; 6.664 ; 7.196 ; 7.344 ;
; dip_switches[3] ; leds[2]      ; 8.508 ; 8.968 ; 9.128 ; 9.563 ;
; dip_switches[3] ; leds[3]      ; 6.742 ; 6.938 ; 7.418 ; 7.614 ;
; dip_switches[4] ; display_1[0] ; 6.474 ; 6.504 ; 7.132 ; 7.162 ;
; dip_switches[4] ; display_1[1] ; 6.627 ; 6.693 ; 7.285 ; 7.351 ;
; dip_switches[4] ; display_1[2] ; 6.202 ; 6.399 ; 6.860 ; 7.057 ;
; dip_switches[4] ; display_1[3] ; 6.615 ; 6.679 ; 7.273 ; 7.337 ;
; dip_switches[4] ; display_1[4] ; 6.481 ; 6.410 ; 7.139 ; 7.068 ;
; dip_switches[4] ; display_1[5] ; 6.493 ; 6.569 ; 7.151 ; 7.227 ;
; dip_switches[4] ; display_1[6] ; 6.936 ; 6.817 ; 7.594 ; 7.475 ;
; dip_switches[4] ; display_3[0] ; 5.488 ; 5.598 ; 6.213 ; 6.332 ;
; dip_switches[4] ; display_3[1] ; 5.456 ; 5.586 ; 6.209 ; 6.288 ;
; dip_switches[4] ; display_3[2] ;       ; 5.867 ; 6.449 ;       ;
; dip_switches[4] ; display_3[3] ; 5.193 ; 5.284 ; 5.919 ; 6.019 ;
; dip_switches[4] ; display_3[4] ; 4.928 ;       ;       ; 5.754 ;
; dip_switches[4] ; display_3[5] ; 5.703 ;       ;       ; 6.580 ;
; dip_switches[4] ; display_3[6] ; 5.883 ; 5.728 ; 6.605 ; 6.457 ;
; dip_switches[4] ; leds[0]      ; 5.474 ; 5.582 ; 6.132 ; 6.240 ;
; dip_switches[4] ; leds[1]      ; 6.821 ; 7.064 ; 7.471 ; 7.714 ;
; dip_switches[4] ; leds[2]      ; 8.345 ; 8.762 ; 9.105 ; 9.497 ;
; dip_switches[4] ; leds[3]      ; 6.379 ; 6.575 ; 7.037 ; 7.233 ;
; dip_switches[5] ; display_1[0] ; 4.996 ; 5.082 ; 5.280 ; 5.366 ;
; dip_switches[5] ; display_1[1] ; 5.143 ; 5.275 ; 5.420 ; 5.559 ;
; dip_switches[5] ; display_1[2] ; 4.888 ; 4.960 ; 5.172 ; 5.244 ;
; dip_switches[5] ; display_1[3] ; 5.137 ; 5.240 ; 5.421 ; 5.524 ;
; dip_switches[5] ; display_1[4] ; 5.031 ; 5.121 ; 5.315 ; 5.405 ;
; dip_switches[5] ; display_1[5] ; 5.043 ; 5.130 ; 5.327 ; 5.414 ;
; dip_switches[5] ; display_1[6] ; 5.484 ; 5.348 ; 5.768 ; 5.632 ;
; dip_switches[5] ; display_3[0] ; 3.932 ; 4.099 ; 4.263 ; 4.341 ;
; dip_switches[5] ; display_3[1] ; 3.938 ; 4.066 ; 4.230 ; 4.317 ;
; dip_switches[5] ; display_3[2] ; 4.178 ;       ;       ; 4.609 ;
; dip_switches[5] ; display_3[3] ; 3.660 ; 3.785 ; 3.967 ; 4.046 ;
; dip_switches[5] ; display_3[4] ;       ; 3.088 ; 3.321 ;       ;
; dip_switches[5] ; display_3[5] ; 3.759 ; 3.910 ; 4.094 ; 4.264 ;
; dip_switches[5] ; display_3[6] ; 3.944 ; 3.792 ; 4.296 ; 4.125 ;
; dip_switches[5] ; leds[0]      ; 4.247 ; 4.330 ; 4.531 ; 4.614 ;
; dip_switches[5] ; leds[1]      ; 5.031 ; 5.179 ; 5.278 ; 5.426 ;
; dip_switches[5] ; leds[2]      ; 6.952 ; 7.369 ; 7.139 ; 7.531 ;
; dip_switches[5] ; leds[3]      ; 5.073 ; 5.269 ; 5.350 ; 5.547 ;
; dip_switches[6] ; display_1[0] ; 6.241 ; 6.305 ; 6.900 ; 6.964 ;
; dip_switches[6] ; display_1[1] ; 6.403 ; 6.494 ; 7.062 ; 7.153 ;
; dip_switches[6] ; display_1[2] ; 6.138 ; 6.188 ; 6.797 ; 6.847 ;
; dip_switches[6] ; display_1[3] ; 6.383 ; 6.464 ; 7.042 ; 7.123 ;
; dip_switches[6] ; display_1[4] ; 6.277 ; 6.242 ; 6.936 ; 6.901 ;
; dip_switches[6] ; display_1[5] ; 6.291 ; 6.356 ; 6.950 ; 7.015 ;
; dip_switches[6] ; display_1[6] ; 6.707 ; 6.593 ; 7.366 ; 7.252 ;
; dip_switches[6] ; display_3[0] ; 5.228 ; 5.341 ; 5.913 ; 6.044 ;
; dip_switches[6] ; display_3[1] ; 5.201 ;       ;       ; 6.010 ;
; dip_switches[6] ; display_3[2] ; 5.433 ; 5.585 ; 6.116 ; 6.287 ;
; dip_switches[6] ; display_3[3] ; 4.934 ; 5.028 ; 5.618 ; 5.730 ;
; dip_switches[6] ; display_3[4] ; 4.601 ; 4.688 ; 5.202 ; 5.316 ;
; dip_switches[6] ; display_3[5] ; 5.338 ; 5.520 ; 5.984 ; 6.121 ;
; dip_switches[6] ; display_3[6] ; 5.575 ; 5.406 ; 6.175 ; 6.038 ;
; dip_switches[6] ; leds[0]      ; 5.459 ; 5.567 ; 6.118 ; 6.226 ;
; dip_switches[6] ; leds[1]      ; 6.294 ; 6.525 ; 7.096 ; 7.244 ;
; dip_switches[6] ; leds[2]      ; 8.044 ; 8.469 ; 8.833 ; 9.296 ;
; dip_switches[6] ; leds[3]      ; 6.364 ; 6.560 ; 7.023 ; 7.219 ;
; dip_switches[7] ; display_1[0] ; 4.630 ; 4.694 ; 4.914 ; 4.978 ;
; dip_switches[7] ; display_1[1] ; 4.792 ; 4.883 ; 5.076 ; 5.167 ;
; dip_switches[7] ; display_1[2] ; 4.527 ; 4.577 ; 4.811 ; 4.861 ;
; dip_switches[7] ; display_1[3] ; 4.772 ; 4.853 ; 5.056 ; 5.137 ;
; dip_switches[7] ; display_1[4] ; 4.666 ; 4.616 ; 4.950 ; 4.900 ;
; dip_switches[7] ; display_1[5] ; 4.680 ; 4.745 ; 4.964 ; 5.029 ;
; dip_switches[7] ; display_1[6] ; 5.096 ; 4.982 ; 5.380 ; 5.266 ;
; dip_switches[7] ; display_3[0] ; 3.755 ; 3.871 ; 4.028 ; 4.137 ;
; dip_switches[7] ; display_3[1] ; 3.735 ; 3.846 ; 4.006 ; 4.110 ;
; dip_switches[7] ; display_3[2] ; 3.967 ; 4.123 ; 4.238 ; 4.387 ;
; dip_switches[7] ; display_3[3] ; 3.460 ; 3.557 ; 3.733 ; 3.823 ;
; dip_switches[7] ; display_3[4] ;       ; 3.208 ; 3.450 ;       ;
; dip_switches[7] ; display_3[5] ; 3.830 ; 4.014 ; 4.198 ; 4.339 ;
; dip_switches[7] ; display_3[6] ; 4.058 ; 3.888 ; 4.380 ; 4.250 ;
; dip_switches[7] ; leds[0]      ; 4.107 ; 4.190 ; 4.398 ; 4.481 ;
; dip_switches[7] ; leds[1]      ; 4.549 ; 4.697 ; 4.813 ; 4.961 ;
; dip_switches[7] ; leds[2]      ; 6.286 ; 6.743 ; 6.550 ; 7.014 ;
; dip_switches[7] ; leds[3]      ; 4.738 ; 4.949 ; 5.022 ; 5.233 ;
; switches[0]     ; display_0[0] ; 6.413 ; 6.434 ; 7.148 ; 7.169 ;
; switches[0]     ; display_0[1] ; 6.424 ; 6.464 ; 7.159 ; 7.199 ;
; switches[0]     ; display_0[2] ; 6.385 ; 6.458 ; 7.120 ; 7.193 ;
; switches[0]     ; display_0[3] ; 6.428 ; 6.413 ; 7.163 ; 7.148 ;
; switches[0]     ; display_0[4] ; 6.387 ; 6.211 ; 7.122 ; 6.971 ;
; switches[0]     ; display_0[5] ; 6.367 ; 6.400 ; 7.102 ; 7.135 ;
; switches[0]     ; display_0[6] ; 6.548 ; 6.506 ; 7.283 ; 7.241 ;
; switches[0]     ; display_1[0] ; 6.284 ; 6.341 ; 7.019 ; 7.049 ;
; switches[0]     ; display_1[1] ; 6.444 ; 6.518 ; 7.172 ; 7.238 ;
; switches[0]     ; display_1[2] ; 6.184 ; 6.209 ; 6.859 ; 6.944 ;
; switches[0]     ; display_1[3] ; 6.425 ; 6.502 ; 7.160 ; 7.224 ;
; switches[0]     ; display_1[4] ; 6.291 ; 6.394 ; 7.026 ; 7.069 ;
; switches[0]     ; display_1[5] ; 6.303 ; 6.393 ; 7.038 ; 7.114 ;
; switches[0]     ; display_1[6] ; 6.746 ; 6.635 ; 7.481 ; 7.362 ;
; switches[0]     ; leds[0]      ; 5.369 ; 5.452 ; 6.019 ; 6.127 ;
; switches[0]     ; leds[1]      ; 6.846 ; 7.089 ; 7.429 ; 7.672 ;
; switches[0]     ; leds[2]      ; 8.725 ; 9.160 ; 9.403 ; 9.863 ;
; switches[0]     ; leds[3]      ; 6.164 ; 6.385 ; 6.924 ; 7.120 ;
; switches[1]     ; display_0[0] ; 6.424 ; 6.445 ; 7.027 ; 7.048 ;
; switches[1]     ; display_0[1] ; 6.435 ; 6.475 ; 7.038 ; 7.078 ;
; switches[1]     ; display_0[2] ; 6.396 ; 6.469 ; 6.999 ; 7.072 ;
; switches[1]     ; display_0[3] ; 6.439 ; 6.424 ; 7.042 ; 7.027 ;
; switches[1]     ; display_0[4] ; 6.398 ; 6.222 ; 7.001 ; 6.850 ;
; switches[1]     ; display_0[5] ; 6.378 ; 6.411 ; 6.981 ; 7.014 ;
; switches[1]     ; display_0[6] ; 6.559 ; 6.517 ; 7.162 ; 7.120 ;
; switches[1]     ; display_1[0] ; 6.295 ; 6.352 ; 6.898 ; 6.928 ;
; switches[1]     ; display_1[1] ; 6.455 ; 6.529 ; 7.051 ; 7.117 ;
; switches[1]     ; display_1[2] ; 6.195 ; 6.220 ; 6.738 ; 6.823 ;
; switches[1]     ; display_1[3] ; 6.436 ; 6.513 ; 7.039 ; 7.103 ;
; switches[1]     ; display_1[4] ; 6.302 ; 6.405 ; 6.905 ; 6.948 ;
; switches[1]     ; display_1[5] ; 6.314 ; 6.404 ; 6.917 ; 6.993 ;
; switches[1]     ; display_1[6] ; 6.757 ; 6.646 ; 7.360 ; 7.241 ;
; switches[1]     ; leds[0]      ; 5.380 ; 5.463 ; 5.898 ; 6.006 ;
; switches[1]     ; leds[1]      ; 6.746 ; 6.989 ; 7.469 ; 7.712 ;
; switches[1]     ; leds[2]      ; 8.345 ; 8.780 ; 9.103 ; 9.563 ;
; switches[1]     ; leds[3]      ; 6.175 ; 6.396 ; 6.803 ; 6.999 ;
; switches[2]     ; display_0[0] ; 6.523 ; 6.544 ; 7.292 ; 7.313 ;
; switches[2]     ; display_0[1] ; 6.534 ; 6.574 ; 7.303 ; 7.343 ;
; switches[2]     ; display_0[2] ; 6.495 ; 6.568 ; 7.264 ; 7.337 ;
; switches[2]     ; display_0[3] ; 6.538 ; 6.523 ; 7.307 ; 7.292 ;
; switches[2]     ; display_0[4] ; 6.497 ; 6.321 ; 7.266 ; 7.115 ;
; switches[2]     ; display_0[5] ; 6.477 ; 6.510 ; 7.246 ; 7.279 ;
; switches[2]     ; display_0[6] ; 6.658 ; 6.616 ; 7.427 ; 7.385 ;
; switches[2]     ; display_1[0] ; 6.394 ; 6.451 ; 7.163 ; 7.193 ;
; switches[2]     ; display_1[1] ; 6.554 ; 6.628 ; 7.316 ; 7.382 ;
; switches[2]     ; display_1[2] ; 6.294 ; 6.319 ; 7.003 ; 7.088 ;
; switches[2]     ; display_1[3] ; 6.535 ; 6.612 ; 7.304 ; 7.368 ;
; switches[2]     ; display_1[4] ; 6.401 ; 6.504 ; 7.170 ; 7.213 ;
; switches[2]     ; display_1[5] ; 6.413 ; 6.503 ; 7.182 ; 7.258 ;
; switches[2]     ; display_1[6] ; 6.856 ; 6.745 ; 7.625 ; 7.506 ;
; switches[2]     ; leds[0]      ; 5.479 ; 5.562 ; 6.163 ; 6.271 ;
; switches[2]     ; leds[1]      ; 6.599 ; 6.842 ; 7.166 ; 7.409 ;
; switches[2]     ; leds[2]      ; 8.449 ; 8.884 ; 9.104 ; 9.564 ;
; switches[2]     ; leds[3]      ; 6.274 ; 6.495 ; 7.068 ; 7.264 ;
; switches[3]     ; display_0[0] ; 6.281 ; 6.302 ; 6.965 ; 6.986 ;
; switches[3]     ; display_0[1] ; 6.292 ; 6.332 ; 6.976 ; 7.016 ;
; switches[3]     ; display_0[2] ; 6.253 ; 6.326 ; 6.937 ; 7.010 ;
; switches[3]     ; display_0[3] ; 6.296 ; 6.281 ; 6.980 ; 6.965 ;
; switches[3]     ; display_0[4] ; 6.255 ; 6.111 ; 6.939 ; 6.773 ;
; switches[3]     ; display_0[5] ; 6.235 ; 6.268 ; 6.919 ; 6.952 ;
; switches[3]     ; display_0[6] ; 6.416 ; 6.374 ; 7.100 ; 7.058 ;
; switches[3]     ; display_1[0] ; 6.368 ; 6.425 ; 7.014 ; 7.044 ;
; switches[3]     ; display_1[1] ; 6.528 ; 6.602 ; 7.167 ; 7.233 ;
; switches[3]     ; display_1[2] ; 6.268 ; 6.293 ; 6.854 ; 6.939 ;
; switches[3]     ; display_1[3] ; 6.509 ; 6.586 ; 7.155 ; 7.219 ;
; switches[3]     ; display_1[4] ; 6.375 ; 6.478 ; 7.021 ; 7.064 ;
; switches[3]     ; display_1[5] ; 6.387 ; 6.477 ; 7.033 ; 7.109 ;
; switches[3]     ; display_1[6] ; 6.830 ; 6.719 ; 7.476 ; 7.357 ;
; switches[3]     ; leds[0]      ; 5.453 ; 5.536 ; 6.014 ; 6.122 ;
; switches[3]     ; leds[1]      ; 6.568 ; 6.811 ; 7.267 ; 7.510 ;
; switches[3]     ; leds[2]      ; 8.276 ; 8.711 ; 9.031 ; 9.491 ;
; switches[3]     ; leds[3]      ; 6.248 ; 6.469 ; 6.919 ; 7.115 ;
; switches[4]     ; display_1[0] ; 6.304 ; 6.334 ; 7.087 ; 7.117 ;
; switches[4]     ; display_1[1] ; 6.457 ; 6.523 ; 7.240 ; 7.306 ;
; switches[4]     ; display_1[2] ; 6.037 ; 6.229 ; 6.815 ; 7.012 ;
; switches[4]     ; display_1[3] ; 6.445 ; 6.509 ; 7.228 ; 7.292 ;
; switches[4]     ; display_1[4] ; 6.311 ; 6.263 ; 7.094 ; 7.023 ;
; switches[4]     ; display_1[5] ; 6.323 ; 6.399 ; 7.106 ; 7.182 ;
; switches[4]     ; display_1[6] ; 6.766 ; 6.647 ; 7.549 ; 7.430 ;
; switches[4]     ; leds[0]      ; 5.389 ; 5.472 ; 6.087 ; 6.195 ;
; switches[4]     ; leds[1]      ; 6.629 ; 6.872 ; 7.223 ; 7.466 ;
; switches[4]     ; leds[2]      ; 8.267 ; 8.659 ; 8.915 ; 9.332 ;
; switches[4]     ; leds[3]      ; 6.184 ; 6.405 ; 6.992 ; 7.188 ;
; switches[5]     ; display_1[0] ; 5.993 ; 6.079 ; 6.599 ; 6.641 ;
; switches[5]     ; display_1[1] ; 6.103 ; 6.272 ; 6.752 ; 6.834 ;
; switches[5]     ; display_1[2] ; 5.885 ; 5.957 ; 6.460 ; 6.524 ;
; switches[5]     ; display_1[3] ; 6.134 ; 6.237 ; 6.740 ; 6.804 ;
; switches[5]     ; display_1[4] ; 6.028 ; 6.118 ; 6.606 ; 6.680 ;
; switches[5]     ; display_1[5] ; 6.040 ; 6.127 ; 6.618 ; 6.694 ;
; switches[5]     ; display_1[6] ; 6.481 ; 6.345 ; 7.061 ; 6.942 ;
; switches[5]     ; leds[0]      ; 5.244 ; 5.327 ; 5.781 ; 5.889 ;
; switches[5]     ; leds[1]      ; 6.786 ; 7.029 ; 7.544 ; 7.787 ;
; switches[5]     ; leds[2]      ; 8.027 ; 8.419 ; 8.781 ; 9.198 ;
; switches[5]     ; leds[3]      ; 6.039 ; 6.260 ; 6.686 ; 6.882 ;
; switches[6]     ; display_1[0] ; 6.027 ; 6.091 ; 6.788 ; 6.852 ;
; switches[6]     ; display_1[1] ; 6.189 ; 6.280 ; 6.950 ; 7.041 ;
; switches[6]     ; display_1[2] ; 5.924 ; 5.974 ; 6.685 ; 6.735 ;
; switches[6]     ; display_1[3] ; 6.169 ; 6.250 ; 6.930 ; 7.011 ;
; switches[6]     ; display_1[4] ; 6.063 ; 6.037 ; 6.824 ; 6.789 ;
; switches[6]     ; display_1[5] ; 6.077 ; 6.142 ; 6.838 ; 6.903 ;
; switches[6]     ; display_1[6] ; 6.493 ; 6.379 ; 7.254 ; 7.140 ;
; switches[6]     ; leds[0]      ; 5.330 ; 5.413 ; 6.006 ; 6.114 ;
; switches[6]     ; leds[1]      ; 6.702 ; 6.945 ; 7.319 ; 7.562 ;
; switches[6]     ; leds[2]      ; 8.227 ; 8.690 ; 8.869 ; 9.291 ;
; switches[6]     ; leds[3]      ; 6.125 ; 6.346 ; 6.911 ; 7.107 ;
; switches[7]     ; display_1[0] ; 5.846 ; 5.910 ; 6.531 ; 6.595 ;
; switches[7]     ; display_1[1] ; 6.008 ; 6.099 ; 6.693 ; 6.784 ;
; switches[7]     ; display_1[2] ; 5.743 ; 5.793 ; 6.428 ; 6.478 ;
; switches[7]     ; display_1[3] ; 5.988 ; 6.069 ; 6.673 ; 6.754 ;
; switches[7]     ; display_1[4] ; 5.882 ; 5.854 ; 6.567 ; 6.522 ;
; switches[7]     ; display_1[5] ; 5.896 ; 5.961 ; 6.581 ; 6.646 ;
; switches[7]     ; display_1[6] ; 6.312 ; 6.198 ; 6.997 ; 6.883 ;
; switches[7]     ; leds[0]      ; 5.365 ; 5.448 ; 5.931 ; 6.039 ;
; switches[7]     ; leds[1]      ; 6.284 ; 6.527 ; 6.947 ; 7.190 ;
; switches[7]     ; leds[2]      ; 7.809 ; 8.243 ; 8.465 ; 8.946 ;
; switches[7]     ; leds[3]      ; 5.976 ; 6.165 ; 6.644 ; 6.850 ;
; switches[8]     ; display_0[0] ; 7.844 ; 7.865 ; 8.581 ; 8.602 ;
; switches[8]     ; display_0[1] ; 7.855 ; 7.895 ; 8.592 ; 8.632 ;
; switches[8]     ; display_0[2] ; 7.816 ; 7.889 ; 8.553 ; 8.626 ;
; switches[8]     ; display_0[3] ; 7.859 ; 7.844 ; 8.596 ; 8.581 ;
; switches[8]     ; display_0[4] ; 7.818 ; 7.667 ; 8.555 ; 8.404 ;
; switches[8]     ; display_0[5] ; 7.798 ; 7.831 ; 8.535 ; 8.568 ;
; switches[8]     ; display_0[6] ; 7.979 ; 7.937 ; 8.716 ; 8.674 ;
; switches[8]     ; display_1[0] ; 7.715 ; 7.745 ; 8.452 ; 8.482 ;
; switches[8]     ; display_1[1] ; 7.868 ; 7.934 ; 8.605 ; 8.671 ;
; switches[8]     ; display_1[2] ; 7.567 ; 7.640 ; 8.292 ; 8.377 ;
; switches[8]     ; display_1[3] ; 7.856 ; 7.920 ; 8.593 ; 8.657 ;
; switches[8]     ; display_1[4] ; 7.722 ; 7.777 ; 8.459 ; 8.502 ;
; switches[8]     ; display_1[5] ; 7.734 ; 7.810 ; 8.471 ; 8.547 ;
; switches[8]     ; display_1[6] ; 8.177 ; 8.058 ; 8.914 ; 8.795 ;
; switches[8]     ; leds[0]      ; 6.752 ; 6.835 ; 7.459 ; 7.560 ;
; switches[8]     ; leds[1]      ; 4.902 ; 4.977 ; 5.555 ; 5.649 ;
; switches[8]     ; leds[2]      ; 7.782 ; 7.139 ; 7.480 ; 8.951 ;
; switches[8]     ; leds[3]      ; 7.620 ; 7.816 ; 8.357 ; 8.553 ;
; switches[9]     ; display_0[0] ;       ; 4.415 ; 5.049 ;       ;
; switches[9]     ; display_0[1] ;       ; 4.434 ; 5.065 ;       ;
; switches[9]     ; display_0[2] ;       ; 4.413 ; 5.047 ;       ;
; switches[9]     ; display_0[3] ;       ; 4.423 ; 5.057 ;       ;
; switches[9]     ; display_0[4] ;       ; 4.375 ; 5.013 ;       ;
; switches[9]     ; display_0[5] ;       ; 4.374 ; 5.014 ;       ;
; switches[9]     ; display_0[6] ; 4.361 ;       ;       ; 5.002 ;
; switches[9]     ; display_1[0] ;       ; 4.593 ; 5.184 ;       ;
; switches[9]     ; display_1[1] ;       ; 4.608 ; 5.199 ;       ;
; switches[9]     ; display_1[2] ;       ; 4.476 ; 5.080 ;       ;
; switches[9]     ; display_1[3] ;       ; 4.583 ; 5.185 ;       ;
; switches[9]     ; display_1[4] ;       ; 4.623 ; 5.209 ;       ;
; switches[9]     ; display_1[5] ;       ; 4.640 ; 5.230 ;       ;
; switches[9]     ; display_1[6] ; 4.815 ;       ;       ; 5.383 ;
; switches[9]     ; leds[0]      ;       ; 5.084 ; 5.676 ;       ;
; switches[9]     ; leds[1]      ;       ; 5.198 ; 5.784 ;       ;
; switches[9]     ; leds[2]      ;       ; 8.396 ; 8.636 ;       ;
; switches[9]     ; leds[3]      ;       ; 5.017 ; 5.570 ;       ;
+-----------------+--------------+-------+-------+-------+-------+


+----------------------------------------------------------------+
; Minimum Propagation Delay                                      ;
+-----------------+--------------+-------+-------+-------+-------+
; Input Port      ; Output Port  ; RR    ; RF    ; FR    ; FF    ;
+-----------------+--------------+-------+-------+-------+-------+
; dip_switches[0] ; display_0[0] ; 5.628 ; 5.662 ; 6.256 ; 6.290 ;
; dip_switches[0] ; display_0[1] ; 5.646 ; 5.680 ; 6.274 ; 6.308 ;
; dip_switches[0] ; display_0[2] ; 5.781 ; 5.668 ; 6.409 ; 6.296 ;
; dip_switches[0] ; display_0[3] ; 5.647 ; 5.678 ; 6.275 ; 6.306 ;
; dip_switches[0] ; display_0[4] ; 5.606 ; 5.796 ; 6.234 ; 6.424 ;
; dip_switches[0] ; display_0[5] ; 5.608 ; 5.801 ; 6.236 ; 6.429 ;
; dip_switches[0] ; display_0[6] ; 5.723 ; 5.681 ; 6.351 ; 6.309 ;
; dip_switches[0] ; display_1[0] ; 6.184 ; 6.254 ; 6.812 ; 6.882 ;
; dip_switches[0] ; display_1[1] ; 6.307 ; 6.394 ; 6.935 ; 7.022 ;
; dip_switches[0] ; display_1[2] ; 6.086 ; 6.142 ; 6.714 ; 6.770 ;
; dip_switches[0] ; display_1[3] ; 6.283 ; 6.357 ; 6.911 ; 6.985 ;
; dip_switches[0] ; display_1[4] ; 6.278 ; 6.289 ; 6.906 ; 6.917 ;
; dip_switches[0] ; display_1[5] ; 6.234 ; 6.303 ; 6.862 ; 6.931 ;
; dip_switches[0] ; display_1[6] ; 6.593 ; 6.485 ; 7.221 ; 7.113 ;
; dip_switches[0] ; display_2[0] ; 4.604 ; 4.726 ; 5.266 ; 5.327 ;
; dip_switches[0] ; display_2[1] ; 4.225 ; 4.282 ; 4.863 ; 4.920 ;
; dip_switches[0] ; display_2[2] ;       ; 4.733 ; 5.259 ;       ;
; dip_switches[0] ; display_2[3] ; 4.438 ; 4.537 ; 5.099 ; 5.166 ;
; dip_switches[0] ; display_2[4] ; 4.475 ;       ;       ; 5.179 ;
; dip_switches[0] ; display_2[5] ; 4.696 ;       ;       ; 5.426 ;
; dip_switches[0] ; display_2[6] ; 4.465 ; 4.367 ; 5.049 ; 5.038 ;
; dip_switches[0] ; leds[0]      ; 5.624 ; 5.710 ; 6.252 ; 6.338 ;
; dip_switches[0] ; leds[1]      ; 5.977 ; 6.172 ; 6.537 ; 6.751 ;
; dip_switches[0] ; leds[2]      ; 6.168 ; 6.491 ; 6.728 ; 7.088 ;
; dip_switches[0] ; leds[3]      ; 6.411 ; 6.620 ; 7.039 ; 7.248 ;
; dip_switches[1] ; display_0[0] ; 6.092 ; 6.131 ; 6.743 ; 6.782 ;
; dip_switches[1] ; display_0[1] ; 6.112 ; 6.151 ; 6.763 ; 6.802 ;
; dip_switches[1] ; display_0[2] ; 6.102 ; 6.200 ; 6.753 ; 6.851 ;
; dip_switches[1] ; display_0[3] ; 6.104 ; 6.140 ; 6.755 ; 6.791 ;
; dip_switches[1] ; display_0[4] ; 6.161 ; 6.094 ; 6.812 ; 6.745 ;
; dip_switches[1] ; display_0[5] ; 6.063 ; 6.094 ; 6.714 ; 6.745 ;
; dip_switches[1] ; display_0[6] ; 6.191 ; 6.145 ; 6.842 ; 6.796 ;
; dip_switches[1] ; display_1[0] ; 6.148 ; 6.218 ; 6.799 ; 6.869 ;
; dip_switches[1] ; display_1[1] ; 6.271 ; 6.358 ; 6.922 ; 7.009 ;
; dip_switches[1] ; display_1[2] ; 6.050 ; 6.106 ; 6.701 ; 6.757 ;
; dip_switches[1] ; display_1[3] ; 6.247 ; 6.321 ; 6.898 ; 6.972 ;
; dip_switches[1] ; display_1[4] ; 6.242 ; 6.253 ; 6.893 ; 6.904 ;
; dip_switches[1] ; display_1[5] ; 6.198 ; 6.267 ; 6.849 ; 6.918 ;
; dip_switches[1] ; display_1[6] ; 6.557 ; 6.449 ; 7.208 ; 7.100 ;
; dip_switches[1] ; display_2[0] ; 4.495 ; 4.611 ; 5.174 ; 5.256 ;
; dip_switches[1] ; display_2[1] ; 4.117 ; 4.209 ; 4.811 ; 4.831 ;
; dip_switches[1] ; display_2[2] ; 4.520 ;       ;       ; 5.291 ;
; dip_switches[1] ; display_2[3] ; 4.333 ; 4.441 ; 5.016 ; 5.068 ;
; dip_switches[1] ; display_2[4] ;       ; 4.456 ; 5.033 ;       ;
; dip_switches[1] ; display_2[5] ; 4.601 ; 4.711 ; 5.253 ; 5.371 ;
; dip_switches[1] ; display_2[6] ; 4.358 ; 4.261 ; 4.964 ; 4.946 ;
; dip_switches[1] ; leds[0]      ; 5.588 ; 5.674 ; 6.239 ; 6.325 ;
; dip_switches[1] ; leds[1]      ; 5.980 ; 6.170 ; 6.535 ; 6.749 ;
; dip_switches[1] ; leds[2]      ; 6.331 ; 6.668 ; 6.906 ; 7.259 ;
; dip_switches[1] ; leds[3]      ; 6.375 ; 6.584 ; 7.026 ; 7.235 ;
; dip_switches[2] ; display_0[0] ; 6.163 ; 6.202 ; 6.812 ; 6.851 ;
; dip_switches[2] ; display_0[1] ; 6.157 ; 6.354 ; 6.806 ; 7.003 ;
; dip_switches[2] ; display_0[2] ; 6.144 ; 6.190 ; 6.793 ; 6.839 ;
; dip_switches[2] ; display_0[3] ; 6.157 ; 6.209 ; 6.806 ; 6.858 ;
; dip_switches[2] ; display_0[4] ; 6.151 ; 6.191 ; 6.800 ; 6.840 ;
; dip_switches[2] ; display_0[5] ; 6.138 ; 6.156 ; 6.787 ; 6.805 ;
; dip_switches[2] ; display_0[6] ; 6.243 ; 6.216 ; 6.892 ; 6.865 ;
; dip_switches[2] ; display_1[0] ; 6.283 ; 6.353 ; 6.932 ; 7.002 ;
; dip_switches[2] ; display_1[1] ; 6.406 ; 6.493 ; 7.055 ; 7.142 ;
; dip_switches[2] ; display_1[2] ; 6.185 ; 6.241 ; 6.834 ; 6.890 ;
; dip_switches[2] ; display_1[3] ; 6.382 ; 6.456 ; 7.031 ; 7.105 ;
; dip_switches[2] ; display_1[4] ; 6.377 ; 6.388 ; 7.026 ; 7.037 ;
; dip_switches[2] ; display_1[5] ; 6.333 ; 6.402 ; 6.982 ; 7.051 ;
; dip_switches[2] ; display_1[6] ; 6.692 ; 6.584 ; 7.341 ; 7.233 ;
; dip_switches[2] ; display_2[0] ; 4.673 ; 4.762 ; 5.322 ; 5.431 ;
; dip_switches[2] ; display_2[1] ; 4.296 ;       ;       ; 5.009 ;
; dip_switches[2] ; display_2[2] ; 4.698 ; 4.798 ; 5.348 ; 5.467 ;
; dip_switches[2] ; display_2[3] ; 4.510 ; 4.588 ; 5.159 ; 5.257 ;
; dip_switches[2] ; display_2[4] ; 4.533 ; 4.609 ; 5.181 ; 5.276 ;
; dip_switches[2] ; display_2[5] ; 4.754 ; 4.859 ; 5.403 ; 5.527 ;
; dip_switches[2] ; display_2[6] ; 4.490 ; 4.433 ; 5.159 ; 5.082 ;
; dip_switches[2] ; leds[0]      ; 5.723 ; 5.809 ; 6.372 ; 6.458 ;
; dip_switches[2] ; leds[1]      ; 5.947 ; 6.095 ; 6.639 ; 6.787 ;
; dip_switches[2] ; leds[2]      ; 6.426 ; 6.755 ; 7.017 ; 7.364 ;
; dip_switches[2] ; leds[3]      ; 6.510 ; 6.719 ; 7.159 ; 7.368 ;
; dip_switches[3] ; display_0[0] ; 6.262 ; 6.319 ; 6.933 ; 6.990 ;
; dip_switches[3] ; display_0[1] ; 6.272 ; 6.353 ; 6.943 ; 7.024 ;
; dip_switches[3] ; display_0[2] ; 6.265 ; 6.311 ; 6.936 ; 6.982 ;
; dip_switches[3] ; display_0[3] ; 6.275 ; 6.330 ; 6.946 ; 7.001 ;
; dip_switches[3] ; display_0[4] ; 6.425 ; 6.264 ; 7.096 ; 6.935 ;
; dip_switches[3] ; display_0[5] ; 6.251 ; 6.266 ; 6.922 ; 6.937 ;
; dip_switches[3] ; display_0[6] ; 6.400 ; 6.308 ; 7.071 ; 6.979 ;
; dip_switches[3] ; display_1[0] ; 6.137 ; 6.207 ; 6.808 ; 6.878 ;
; dip_switches[3] ; display_1[1] ; 6.260 ; 6.347 ; 6.931 ; 7.018 ;
; dip_switches[3] ; display_1[2] ; 6.039 ; 6.095 ; 6.710 ; 6.766 ;
; dip_switches[3] ; display_1[3] ; 6.236 ; 6.310 ; 6.907 ; 6.981 ;
; dip_switches[3] ; display_1[4] ; 6.231 ; 6.242 ; 6.902 ; 6.913 ;
; dip_switches[3] ; display_1[5] ; 6.187 ; 6.256 ; 6.858 ; 6.927 ;
; dip_switches[3] ; display_1[6] ; 6.546 ; 6.438 ; 7.217 ; 7.109 ;
; dip_switches[3] ; display_2[0] ; 4.559 ; 4.653 ; 5.232 ; 5.319 ;
; dip_switches[3] ; display_2[1] ; 4.180 ; 4.229 ; 4.851 ; 4.893 ;
; dip_switches[3] ; display_2[2] ; 4.573 ; 4.678 ; 5.245 ; 5.343 ;
; dip_switches[3] ; display_2[3] ; 4.393 ; 4.476 ; 5.066 ; 5.142 ;
; dip_switches[3] ; display_2[4] ;       ; 4.504 ; 5.096 ;       ;
; dip_switches[3] ; display_2[5] ; 4.644 ; 4.754 ; 5.315 ; 5.418 ;
; dip_switches[3] ; display_2[6] ; 4.377 ; 4.315 ; 5.041 ; 4.986 ;
; dip_switches[3] ; leds[0]      ; 5.577 ; 5.663 ; 6.248 ; 6.334 ;
; dip_switches[3] ; leds[1]      ; 6.084 ; 6.298 ; 6.663 ; 6.877 ;
; dip_switches[3] ; leds[2]      ; 6.597 ; 6.923 ; 7.196 ; 7.538 ;
; dip_switches[3] ; leds[3]      ; 6.364 ; 6.573 ; 7.035 ; 7.244 ;
; dip_switches[4] ; display_1[0] ; 5.766 ; 5.836 ; 6.420 ; 6.490 ;
; dip_switches[4] ; display_1[1] ; 5.889 ; 5.976 ; 6.543 ; 6.630 ;
; dip_switches[4] ; display_1[2] ; 5.668 ; 5.724 ; 6.322 ; 6.378 ;
; dip_switches[4] ; display_1[3] ; 5.865 ; 5.939 ; 6.519 ; 6.593 ;
; dip_switches[4] ; display_1[4] ; 5.810 ; 5.871 ; 6.464 ; 6.525 ;
; dip_switches[4] ; display_1[5] ; 5.816 ; 5.885 ; 6.470 ; 6.539 ;
; dip_switches[4] ; display_1[6] ; 6.175 ; 6.067 ; 6.829 ; 6.721 ;
; dip_switches[4] ; display_3[0] ; 5.299 ; 5.440 ; 6.045 ; 6.125 ;
; dip_switches[4] ; display_3[1] ; 5.276 ; 5.391 ; 5.999 ; 6.114 ;
; dip_switches[4] ; display_3[2] ;       ; 5.658 ; 6.223 ;       ;
; dip_switches[4] ; display_3[3] ; 5.017 ; 5.128 ; 5.761 ; 5.840 ;
; dip_switches[4] ; display_3[4] ; 4.796 ;       ;       ; 5.605 ;
; dip_switches[4] ; display_3[5] ; 5.540 ;       ;       ; 6.396 ;
; dip_switches[4] ; display_3[6] ; 5.713 ; 5.563 ; 6.421 ; 6.278 ;
; dip_switches[4] ; leds[0]      ; 5.206 ; 5.292 ; 5.860 ; 5.946 ;
; dip_switches[4] ; leds[1]      ; 6.134 ; 6.282 ; 6.870 ; 7.018 ;
; dip_switches[4] ; leds[2]      ; 7.022 ; 7.352 ; 7.766 ; 8.102 ;
; dip_switches[4] ; leds[3]      ; 5.993 ; 6.202 ; 6.647 ; 6.856 ;
; dip_switches[5] ; display_1[0] ; 4.572 ; 4.642 ; 4.859 ; 4.929 ;
; dip_switches[5] ; display_1[1] ; 4.695 ; 4.782 ; 4.982 ; 5.069 ;
; dip_switches[5] ; display_1[2] ; 4.474 ; 4.530 ; 4.761 ; 4.817 ;
; dip_switches[5] ; display_1[3] ; 4.671 ; 4.745 ; 4.958 ; 5.032 ;
; dip_switches[5] ; display_1[4] ; 4.666 ; 4.677 ; 4.953 ; 4.964 ;
; dip_switches[5] ; display_1[5] ; 4.622 ; 4.691 ; 4.909 ; 4.978 ;
; dip_switches[5] ; display_1[6] ; 4.981 ; 4.873 ; 5.268 ; 5.160 ;
; dip_switches[5] ; display_3[0] ; 3.842 ; 3.977 ; 4.148 ; 4.249 ;
; dip_switches[5] ; display_3[1] ; 3.819 ; 3.969 ; 4.142 ; 4.220 ;
; dip_switches[5] ; display_3[2] ; 4.043 ;       ;       ; 4.487 ;
; dip_switches[5] ; display_3[3] ; 3.559 ; 3.679 ; 3.871 ; 3.935 ;
; dip_switches[5] ; display_3[4] ;       ; 3.031 ; 3.269 ;       ;
; dip_switches[5] ; display_3[5] ; 3.676 ; 3.820 ; 4.013 ; 4.176 ;
; dip_switches[5] ; display_3[6] ; 3.853 ; 3.707 ; 4.207 ; 4.042 ;
; dip_switches[5] ; leds[0]      ; 4.012 ; 4.098 ; 4.299 ; 4.385 ;
; dip_switches[5] ; leds[1]      ; 4.548 ; 4.762 ; 4.874 ; 5.088 ;
; dip_switches[5] ; leds[2]      ; 4.984 ; 5.326 ; 5.320 ; 5.678 ;
; dip_switches[5] ; leds[3]      ; 4.799 ; 5.008 ; 5.086 ; 5.295 ;
; dip_switches[6] ; display_1[0] ; 5.666 ; 5.731 ; 6.321 ; 6.386 ;
; dip_switches[6] ; display_1[1] ; 5.792 ; 5.962 ; 6.447 ; 6.617 ;
; dip_switches[6] ; display_1[2] ; 5.563 ; 5.614 ; 6.218 ; 6.269 ;
; dip_switches[6] ; display_1[3] ; 5.767 ; 5.836 ; 6.422 ; 6.491 ;
; dip_switches[6] ; display_1[4] ; 5.701 ; 5.769 ; 6.356 ; 6.424 ;
; dip_switches[6] ; display_1[5] ; 5.714 ; 5.778 ; 6.369 ; 6.433 ;
; dip_switches[6] ; display_1[6] ; 6.072 ; 5.969 ; 6.727 ; 6.624 ;
; dip_switches[6] ; display_3[0] ; 5.084 ; 5.192 ; 5.754 ; 5.882 ;
; dip_switches[6] ; display_3[1] ; 5.057 ;       ;       ; 5.848 ;
; dip_switches[6] ; display_3[2] ; 5.280 ; 5.426 ; 5.951 ; 6.116 ;
; dip_switches[6] ; display_3[3] ; 4.801 ; 4.891 ; 5.472 ; 5.582 ;
; dip_switches[6] ; display_3[4] ; 4.483 ; 4.566 ; 5.074 ; 5.184 ;
; dip_switches[6] ; display_3[5] ; 5.190 ; 5.346 ; 5.803 ; 5.955 ;
; dip_switches[6] ; display_3[6] ; 5.375 ; 5.226 ; 5.975 ; 5.836 ;
; dip_switches[6] ; leds[0]      ; 5.192 ; 5.278 ; 5.847 ; 5.933 ;
; dip_switches[6] ; leds[1]      ; 5.961 ; 6.156 ; 6.546 ; 6.760 ;
; dip_switches[6] ; leds[2]      ; 6.401 ; 6.737 ; 6.995 ; 7.350 ;
; dip_switches[6] ; leds[3]      ; 5.979 ; 6.188 ; 6.634 ; 6.843 ;
; dip_switches[7] ; display_1[0] ; 4.341 ; 4.411 ; 4.635 ; 4.705 ;
; dip_switches[7] ; display_1[1] ; 4.464 ; 4.551 ; 4.758 ; 4.845 ;
; dip_switches[7] ; display_1[2] ; 4.243 ; 4.299 ; 4.537 ; 4.593 ;
; dip_switches[7] ; display_1[3] ; 4.440 ; 4.514 ; 4.734 ; 4.808 ;
; dip_switches[7] ; display_1[4] ; 4.493 ; 4.446 ; 4.787 ; 4.740 ;
; dip_switches[7] ; display_1[5] ; 4.391 ; 4.460 ; 4.685 ; 4.754 ;
; dip_switches[7] ; display_1[6] ; 4.750 ; 4.642 ; 5.044 ; 4.936 ;
; dip_switches[7] ; display_3[0] ; 3.671 ; 3.784 ; 3.948 ; 4.054 ;
; dip_switches[7] ; display_3[1] ; 3.652 ; 3.759 ; 3.927 ; 4.027 ;
; dip_switches[7] ; display_3[2] ; 3.875 ; 4.026 ; 4.150 ; 4.294 ;
; dip_switches[7] ; display_3[3] ; 3.388 ; 3.483 ; 3.665 ; 3.753 ;
; dip_switches[7] ; display_3[4] ;       ; 3.108 ; 3.347 ;       ;
; dip_switches[7] ; display_3[5] ; 3.744 ; 3.900 ; 4.091 ; 4.248 ;
; dip_switches[7] ; display_3[6] ; 3.961 ; 3.765 ; 4.254 ; 4.161 ;
; dip_switches[7] ; leds[0]      ; 3.877 ; 3.963 ; 4.171 ; 4.257 ;
; dip_switches[7] ; leds[1]      ; 4.019 ; 4.237 ; 4.371 ; 4.582 ;
; dip_switches[7] ; leds[2]      ; 4.826 ; 5.160 ; 5.171 ; 5.512 ;
; dip_switches[7] ; leds[3]      ; 4.568 ; 4.771 ; 4.862 ; 5.065 ;
; switches[0]     ; display_0[0] ; 5.160 ; 5.194 ; 5.792 ; 5.826 ;
; switches[0]     ; display_0[1] ; 5.178 ; 5.212 ; 5.810 ; 5.844 ;
; switches[0]     ; display_0[2] ; 5.311 ; 5.200 ; 5.927 ; 5.832 ;
; switches[0]     ; display_0[3] ; 5.179 ; 5.210 ; 5.811 ; 5.842 ;
; switches[0]     ; display_0[4] ; 5.138 ; 5.326 ; 5.770 ; 5.942 ;
; switches[0]     ; display_0[5] ; 5.140 ; 5.331 ; 5.772 ; 5.947 ;
; switches[0]     ; display_0[6] ; 5.255 ; 5.213 ; 5.887 ; 5.845 ;
; switches[0]     ; display_1[0] ; 5.716 ; 5.786 ; 6.371 ; 6.436 ;
; switches[0]     ; display_1[1] ; 5.839 ; 5.926 ; 6.495 ; 6.582 ;
; switches[0]     ; display_1[2] ; 5.618 ; 5.674 ; 6.268 ; 6.319 ;
; switches[0]     ; display_1[3] ; 5.815 ; 5.889 ; 6.471 ; 6.541 ;
; switches[0]     ; display_1[4] ; 5.810 ; 5.821 ; 6.406 ; 6.474 ;
; switches[0]     ; display_1[5] ; 5.766 ; 5.835 ; 6.419 ; 6.483 ;
; switches[0]     ; display_1[6] ; 6.125 ; 6.017 ; 6.777 ; 6.673 ;
; switches[0]     ; leds[0]      ; 5.156 ; 5.242 ; 5.752 ; 5.853 ;
; switches[0]     ; leds[1]      ; 6.418 ; 6.566 ; 7.093 ; 7.241 ;
; switches[0]     ; leds[2]      ; 6.694 ; 7.016 ; 7.329 ; 7.695 ;
; switches[0]     ; leds[3]      ; 5.943 ; 6.152 ; 6.599 ; 6.793 ;
; switches[1]     ; display_0[0] ; 5.600 ; 5.639 ; 6.230 ; 6.269 ;
; switches[1]     ; display_0[1] ; 5.620 ; 5.659 ; 6.250 ; 6.289 ;
; switches[1]     ; display_0[2] ; 5.610 ; 5.708 ; 6.240 ; 6.310 ;
; switches[1]     ; display_0[3] ; 5.612 ; 5.648 ; 6.242 ; 6.278 ;
; switches[1]     ; display_0[4] ; 5.669 ; 5.602 ; 6.271 ; 6.232 ;
; switches[1]     ; display_0[5] ; 5.571 ; 5.602 ; 6.201 ; 6.232 ;
; switches[1]     ; display_0[6] ; 5.699 ; 5.653 ; 6.329 ; 6.283 ;
; switches[1]     ; display_1[0] ; 5.656 ; 5.726 ; 6.317 ; 6.382 ;
; switches[1]     ; display_1[1] ; 5.779 ; 5.866 ; 6.441 ; 6.528 ;
; switches[1]     ; display_1[2] ; 5.558 ; 5.614 ; 6.214 ; 6.265 ;
; switches[1]     ; display_1[3] ; 5.755 ; 5.829 ; 6.417 ; 6.487 ;
; switches[1]     ; display_1[4] ; 5.750 ; 5.761 ; 6.352 ; 6.420 ;
; switches[1]     ; display_1[5] ; 5.706 ; 5.775 ; 6.365 ; 6.429 ;
; switches[1]     ; display_1[6] ; 6.065 ; 5.957 ; 6.723 ; 6.619 ;
; switches[1]     ; leds[0]      ; 5.096 ; 5.182 ; 5.698 ; 5.799 ;
; switches[1]     ; leds[1]      ; 6.123 ; 6.271 ; 6.742 ; 6.890 ;
; switches[1]     ; leds[2]      ; 6.828 ; 7.163 ; 7.481 ; 7.832 ;
; switches[1]     ; leds[3]      ; 5.883 ; 6.092 ; 6.545 ; 6.739 ;
; switches[2]     ; display_0[0] ; 5.700 ; 5.739 ; 6.356 ; 6.395 ;
; switches[2]     ; display_0[1] ; 5.694 ; 5.893 ; 6.350 ; 6.533 ;
; switches[2]     ; display_0[2] ; 5.681 ; 5.727 ; 6.337 ; 6.383 ;
; switches[2]     ; display_0[3] ; 5.694 ; 5.746 ; 6.350 ; 6.402 ;
; switches[2]     ; display_0[4] ; 5.688 ; 5.728 ; 6.344 ; 6.384 ;
; switches[2]     ; display_0[5] ; 5.675 ; 5.693 ; 6.331 ; 6.349 ;
; switches[2]     ; display_0[6] ; 5.780 ; 5.753 ; 6.436 ; 6.409 ;
; switches[2]     ; display_1[0] ; 5.820 ; 5.890 ; 6.509 ; 6.574 ;
; switches[2]     ; display_1[1] ; 5.943 ; 6.030 ; 6.633 ; 6.720 ;
; switches[2]     ; display_1[2] ; 5.722 ; 5.778 ; 6.406 ; 6.457 ;
; switches[2]     ; display_1[3] ; 5.919 ; 5.993 ; 6.609 ; 6.679 ;
; switches[2]     ; display_1[4] ; 5.914 ; 5.925 ; 6.544 ; 6.612 ;
; switches[2]     ; display_1[5] ; 5.870 ; 5.939 ; 6.557 ; 6.621 ;
; switches[2]     ; display_1[6] ; 6.229 ; 6.121 ; 6.915 ; 6.811 ;
; switches[2]     ; leds[0]      ; 5.260 ; 5.346 ; 5.890 ; 5.991 ;
; switches[2]     ; leds[1]      ; 6.153 ; 6.301 ; 6.806 ; 6.954 ;
; switches[2]     ; leds[2]      ; 6.622 ; 6.951 ; 7.256 ; 7.604 ;
; switches[2]     ; leds[3]      ; 6.047 ; 6.256 ; 6.737 ; 6.931 ;
; switches[3]     ; display_0[0] ; 5.850 ; 5.907 ; 6.523 ; 6.580 ;
; switches[3]     ; display_0[1] ; 5.860 ; 5.941 ; 6.533 ; 6.614 ;
; switches[3]     ; display_0[2] ; 5.853 ; 5.899 ; 6.526 ; 6.572 ;
; switches[3]     ; display_0[3] ; 5.863 ; 5.918 ; 6.536 ; 6.591 ;
; switches[3]     ; display_0[4] ; 6.013 ; 5.852 ; 6.667 ; 6.525 ;
; switches[3]     ; display_0[5] ; 5.839 ; 5.854 ; 6.512 ; 6.527 ;
; switches[3]     ; display_0[6] ; 5.988 ; 5.896 ; 6.661 ; 6.569 ;
; switches[3]     ; display_1[0] ; 5.725 ; 5.795 ; 6.429 ; 6.494 ;
; switches[3]     ; display_1[1] ; 5.848 ; 5.935 ; 6.553 ; 6.640 ;
; switches[3]     ; display_1[2] ; 5.627 ; 5.683 ; 6.326 ; 6.377 ;
; switches[3]     ; display_1[3] ; 5.824 ; 5.898 ; 6.529 ; 6.599 ;
; switches[3]     ; display_1[4] ; 5.819 ; 5.830 ; 6.464 ; 6.532 ;
; switches[3]     ; display_1[5] ; 5.775 ; 5.844 ; 6.477 ; 6.541 ;
; switches[3]     ; display_1[6] ; 6.134 ; 6.026 ; 6.835 ; 6.731 ;
; switches[3]     ; leds[0]      ; 5.165 ; 5.251 ; 5.810 ; 5.911 ;
; switches[3]     ; leds[1]      ; 6.057 ; 6.205 ; 6.672 ; 6.820 ;
; switches[3]     ; leds[2]      ; 6.819 ; 7.143 ; 7.449 ; 7.789 ;
; switches[3]     ; leds[3]      ; 5.952 ; 6.161 ; 6.657 ; 6.851 ;
; switches[4]     ; display_1[0] ; 5.733 ; 5.803 ; 6.412 ; 6.500 ;
; switches[4]     ; display_1[1] ; 5.856 ; 5.943 ; 6.536 ; 6.629 ;
; switches[4]     ; display_1[2] ; 5.635 ; 5.691 ; 6.332 ; 6.373 ;
; switches[4]     ; display_1[3] ; 5.832 ; 5.906 ; 6.515 ; 6.605 ;
; switches[4]     ; display_1[4] ; 5.777 ; 5.838 ; 6.456 ; 6.538 ;
; switches[4]     ; display_1[5] ; 5.783 ; 5.852 ; 6.470 ; 6.547 ;
; switches[4]     ; display_1[6] ; 6.142 ; 6.034 ; 6.841 ; 6.725 ;
; switches[4]     ; leds[0]      ; 5.173 ; 5.259 ; 5.816 ; 5.917 ;
; switches[4]     ; leds[1]      ; 6.046 ; 6.194 ; 6.688 ; 6.836 ;
; switches[4]     ; leds[2]      ; 6.834 ; 7.164 ; 7.531 ; 7.867 ;
; switches[4]     ; leds[3]      ; 5.960 ; 6.169 ; 6.663 ; 6.857 ;
; switches[5]     ; display_1[0] ; 5.525 ; 5.595 ; 6.186 ; 6.265 ;
; switches[5]     ; display_1[1] ; 5.648 ; 5.735 ; 6.312 ; 6.411 ;
; switches[5]     ; display_1[2] ; 5.427 ; 5.483 ; 6.088 ; 6.148 ;
; switches[5]     ; display_1[3] ; 5.624 ; 5.698 ; 6.289 ; 6.370 ;
; switches[5]     ; display_1[4] ; 5.619 ; 5.630 ; 6.235 ; 6.303 ;
; switches[5]     ; display_1[5] ; 5.575 ; 5.644 ; 6.248 ; 6.312 ;
; switches[5]     ; display_1[6] ; 5.934 ; 5.826 ; 6.606 ; 6.496 ;
; switches[5]     ; leds[0]      ; 4.965 ; 5.051 ; 5.581 ; 5.682 ;
; switches[5]     ; leds[1]      ; 5.884 ; 6.032 ; 6.500 ; 6.648 ;
; switches[5]     ; leds[2]      ; 6.947 ; 7.291 ; 7.643 ; 8.003 ;
; switches[5]     ; leds[3]      ; 5.752 ; 5.961 ; 6.428 ; 6.622 ;
; switches[6]     ; display_1[0] ; 5.590 ; 5.655 ; 6.248 ; 6.313 ;
; switches[6]     ; display_1[1] ; 5.716 ; 5.886 ; 6.374 ; 6.564 ;
; switches[6]     ; display_1[2] ; 5.487 ; 5.538 ; 6.145 ; 6.196 ;
; switches[6]     ; display_1[3] ; 5.691 ; 5.760 ; 6.349 ; 6.418 ;
; switches[6]     ; display_1[4] ; 5.625 ; 5.693 ; 6.283 ; 6.351 ;
; switches[6]     ; display_1[5] ; 5.638 ; 5.702 ; 6.296 ; 6.360 ;
; switches[6]     ; display_1[6] ; 5.996 ; 5.893 ; 6.654 ; 6.551 ;
; switches[6]     ; leds[0]      ; 5.116 ; 5.202 ; 5.738 ; 5.839 ;
; switches[6]     ; leds[1]      ; 6.126 ; 6.274 ; 6.803 ; 6.951 ;
; switches[6]     ; leds[2]      ; 6.803 ; 7.139 ; 7.479 ; 7.833 ;
; switches[6]     ; leds[3]      ; 5.903 ; 6.112 ; 6.585 ; 6.779 ;
; switches[7]     ; display_1[0] ; 5.545 ; 5.615 ; 6.215 ; 6.285 ;
; switches[7]     ; display_1[1] ; 5.668 ; 5.755 ; 6.338 ; 6.425 ;
; switches[7]     ; display_1[2] ; 5.447 ; 5.503 ; 6.117 ; 6.173 ;
; switches[7]     ; display_1[3] ; 5.644 ; 5.718 ; 6.314 ; 6.388 ;
; switches[7]     ; display_1[4] ; 5.697 ; 5.650 ; 6.349 ; 6.320 ;
; switches[7]     ; display_1[5] ; 5.595 ; 5.664 ; 6.265 ; 6.334 ;
; switches[7]     ; display_1[6] ; 5.954 ; 5.846 ; 6.624 ; 6.516 ;
; switches[7]     ; leds[0]      ; 5.081 ; 5.167 ; 5.725 ; 5.826 ;
; switches[7]     ; leds[1]      ; 5.681 ; 5.819 ; 6.346 ; 6.481 ;
; switches[7]     ; leds[2]      ; 6.647 ; 6.974 ; 7.292 ; 7.637 ;
; switches[7]     ; leds[3]      ; 5.772 ; 5.975 ; 6.442 ; 6.627 ;
; switches[8]     ; display_0[0] ; 5.447 ; 5.481 ; 6.080 ; 6.114 ;
; switches[8]     ; display_0[1] ; 5.465 ; 5.499 ; 6.098 ; 6.132 ;
; switches[8]     ; display_0[2] ; 5.592 ; 5.487 ; 6.240 ; 6.120 ;
; switches[8]     ; display_0[3] ; 5.466 ; 5.497 ; 6.099 ; 6.130 ;
; switches[8]     ; display_0[4] ; 5.425 ; 5.607 ; 6.058 ; 6.255 ;
; switches[8]     ; display_0[5] ; 5.427 ; 5.612 ; 6.060 ; 6.260 ;
; switches[8]     ; display_0[6] ; 5.542 ; 5.500 ; 6.175 ; 6.133 ;
; switches[8]     ; display_1[0] ; 5.719 ; 5.789 ; 6.362 ; 6.432 ;
; switches[8]     ; display_1[1] ; 5.842 ; 5.929 ; 6.485 ; 6.572 ;
; switches[8]     ; display_1[2] ; 5.621 ; 5.677 ; 6.264 ; 6.320 ;
; switches[8]     ; display_1[3] ; 5.818 ; 5.892 ; 6.461 ; 6.535 ;
; switches[8]     ; display_1[4] ; 5.818 ; 5.824 ; 6.461 ; 6.467 ;
; switches[8]     ; display_1[5] ; 5.769 ; 5.838 ; 6.412 ; 6.481 ;
; switches[8]     ; display_1[6] ; 6.128 ; 6.020 ; 6.771 ; 6.663 ;
; switches[8]     ; leds[0]      ; 4.888 ; 4.983 ; 5.551 ; 5.629 ;
; switches[8]     ; leds[1]      ; 4.775 ; 4.846 ; 5.418 ; 5.508 ;
; switches[8]     ; leds[2]      ; 7.538 ; 6.961 ; 7.299 ; 8.673 ;
; switches[8]     ; leds[3]      ; 5.946 ; 6.149 ; 6.589 ; 6.792 ;
; switches[9]     ; display_0[0] ;       ; 4.304 ; 4.929 ;       ;
; switches[9]     ; display_0[1] ;       ; 4.320 ; 4.943 ;       ;
; switches[9]     ; display_0[2] ;       ; 4.302 ; 4.927 ;       ;
; switches[9]     ; display_0[3] ;       ; 4.311 ; 4.937 ;       ;
; switches[9]     ; display_0[4] ;       ; 4.265 ; 4.895 ;       ;
; switches[9]     ; display_0[5] ;       ; 4.264 ; 4.895 ;       ;
; switches[9]     ; display_0[6] ; 4.249 ;       ;       ; 4.881 ;
; switches[9]     ; display_1[0] ;       ; 4.473 ; 5.057 ;       ;
; switches[9]     ; display_1[1] ;       ; 4.488 ; 5.072 ;       ;
; switches[9]     ; display_1[2] ;       ; 4.361 ; 4.958 ;       ;
; switches[9]     ; display_1[3] ;       ; 4.463 ; 5.057 ;       ;
; switches[9]     ; display_1[4] ;       ; 4.503 ; 5.083 ;       ;
; switches[9]     ; display_1[5] ;       ; 4.520 ; 5.104 ;       ;
; switches[9]     ; display_1[6] ; 4.685 ;       ;       ; 5.248 ;
; switches[9]     ; leds[0]      ;       ; 4.938 ; 5.512 ;       ;
; switches[9]     ; leds[1]      ;       ; 5.024 ; 5.599 ;       ;
; switches[9]     ; leds[2]      ;       ; 7.110 ; 7.484 ;       ;
; switches[9]     ; leds[3]      ;       ; 4.887 ; 5.434 ;       ;
+-----------------+--------------+-------+-------+-------+-------+


---------------------------------------------
; Fast 1200mV 0C Model Metastability Report ;
---------------------------------------------
No synchronizer chains to report.


+----------------------------------------------------------------------------+
; Multicorner Timing Analysis Summary                                        ;
+------------------+-------+------+----------+---------+---------------------+
; Clock            ; Setup ; Hold ; Recovery ; Removal ; Minimum Pulse Width ;
+------------------+-------+------+----------+---------+---------------------+
; Worst-case Slack ; N/A   ; N/A  ; N/A      ; N/A     ; N/A                 ;
; Design-wide TNS  ; 0.0   ; 0.0  ; 0.0      ; 0.0     ; 0.0                 ;
+------------------+-------+------+----------+---------+---------------------+


+--------------------------------------------------------------------+
; Propagation Delay                                                  ;
+-----------------+--------------+--------+--------+--------+--------+
; Input Port      ; Output Port  ; RR     ; RF     ; FR     ; FF     ;
+-----------------+--------------+--------+--------+--------+--------+
; dip_switches[0] ; display_0[0] ; 11.967 ; 11.912 ; 12.459 ; 12.404 ;
; dip_switches[0] ; display_0[1] ; 12.041 ; 11.981 ; 12.533 ; 12.473 ;
; dip_switches[0] ; display_0[2] ; 11.957 ; 11.929 ; 12.449 ; 12.421 ;
; dip_switches[0] ; display_0[3] ; 11.996 ; 11.940 ; 12.488 ; 12.432 ;
; dip_switches[0] ; display_0[4] ; 11.937 ; 11.888 ; 12.429 ; 12.380 ;
; dip_switches[0] ; display_0[5] ; 11.904 ; 11.847 ; 12.396 ; 12.339 ;
; dip_switches[0] ; display_0[6] ; 12.160 ; 12.161 ; 12.652 ; 12.653 ;
; dip_switches[0] ; display_1[0] ; 11.872 ; 11.733 ; 12.364 ; 12.225 ;
; dip_switches[0] ; display_1[1] ; 12.121 ; 12.088 ; 12.613 ; 12.580 ;
; dip_switches[0] ; display_1[2] ; 11.570 ; 11.590 ; 12.062 ; 12.082 ;
; dip_switches[0] ; display_1[3] ; 12.131 ; 12.077 ; 12.623 ; 12.569 ;
; dip_switches[0] ; display_1[4] ; 11.875 ; 11.761 ; 12.367 ; 12.253 ;
; dip_switches[0] ; display_1[5] ; 11.871 ; 11.853 ; 12.363 ; 12.345 ;
; dip_switches[0] ; display_1[6] ; 12.484 ; 12.488 ; 12.976 ; 12.980 ;
; dip_switches[0] ; display_2[0] ; 8.113  ; 8.079  ; 8.600  ; 8.585  ;
; dip_switches[0] ; display_2[1] ; 7.425  ; 7.454  ; 7.954  ; 7.905  ;
; dip_switches[0] ; display_2[2] ;        ; 8.140  ; 8.673  ;        ;
; dip_switches[0] ; display_2[3] ; 7.882  ; 7.841  ; 8.369  ; 8.347  ;
; dip_switches[0] ; display_2[4] ; 7.890  ;        ;        ; 8.380  ;
; dip_switches[0] ; display_2[5] ; 8.367  ;        ;        ; 8.827  ;
; dip_switches[0] ; display_2[6] ; 7.689  ; 7.634  ; 8.100  ; 8.197  ;
; dip_switches[0] ; leds[0]      ; 10.111 ; 10.160 ; 10.603 ; 10.652 ;
; dip_switches[0] ; leds[1]      ; 10.873 ; 10.896 ; 11.452 ; 11.466 ;
; dip_switches[0] ; leds[2]      ; 14.037 ; 14.396 ; 14.574 ; 14.887 ;
; dip_switches[0] ; leds[3]      ; 11.691 ; 11.709 ; 12.183 ; 12.201 ;
; dip_switches[1] ; display_0[0] ; 11.838 ; 11.749 ; 12.339 ; 12.250 ;
; dip_switches[1] ; display_0[1] ; 11.912 ; 11.848 ; 12.413 ; 12.349 ;
; dip_switches[1] ; display_0[2] ; 11.784 ; 11.800 ; 12.285 ; 12.301 ;
; dip_switches[1] ; display_0[3] ; 11.867 ; 11.765 ; 12.368 ; 12.266 ;
; dip_switches[1] ; display_0[4] ; 11.808 ; 11.713 ; 12.309 ; 12.214 ;
; dip_switches[1] ; display_0[5] ; 11.774 ; 11.716 ; 12.275 ; 12.217 ;
; dip_switches[1] ; display_0[6] ; 11.992 ; 12.032 ; 12.493 ; 12.533 ;
; dip_switches[1] ; display_1[0] ; 11.743 ; 11.628 ; 12.244 ; 12.129 ;
; dip_switches[1] ; display_1[1] ; 11.992 ; 11.983 ; 12.493 ; 12.484 ;
; dip_switches[1] ; display_1[2] ; 11.508 ; 11.461 ; 12.009 ; 11.962 ;
; dip_switches[1] ; display_1[3] ; 12.002 ; 11.948 ; 12.503 ; 12.449 ;
; dip_switches[1] ; display_1[4] ; 11.746 ; 11.708 ; 12.247 ; 12.209 ;
; dip_switches[1] ; display_1[5] ; 11.742 ; 11.724 ; 12.243 ; 12.225 ;
; dip_switches[1] ; display_1[6] ; 12.355 ; 12.359 ; 12.856 ; 12.860 ;
; dip_switches[1] ; display_2[0] ; 7.866  ; 7.928  ; 8.456  ; 8.366  ;
; dip_switches[1] ; display_2[1] ; 7.248  ; 7.273  ; 7.765  ; 7.726  ;
; dip_switches[1] ; display_2[2] ; 7.970  ;        ;        ; 8.444  ;
; dip_switches[1] ; display_2[3] ; 7.678  ; 7.693  ; 8.228  ; 8.170  ;
; dip_switches[1] ; display_2[4] ;        ; 7.664  ; 8.191  ;        ;
; dip_switches[1] ; display_2[5] ; 8.182  ; 8.121  ; 8.655  ; 8.645  ;
; dip_switches[1] ; display_2[6] ; 7.508  ; 7.506  ; 8.007  ; 8.008  ;
; dip_switches[1] ; leds[0]      ; 10.154 ; 10.157 ; 10.655 ; 10.658 ;
; dip_switches[1] ; leds[1]      ; 10.918 ; 10.932 ; 11.312 ; 11.326 ;
; dip_switches[1] ; leds[2]      ; 14.166 ; 14.525 ; 14.434 ; 14.747 ;
; dip_switches[1] ; leds[3]      ; 11.516 ; 11.580 ; 12.017 ; 12.081 ;
; dip_switches[2] ; display_0[0] ; 12.043 ; 11.988 ; 12.615 ; 12.560 ;
; dip_switches[2] ; display_0[1] ; 12.117 ; 12.057 ; 12.689 ; 12.629 ;
; dip_switches[2] ; display_0[2] ; 12.033 ; 12.005 ; 12.605 ; 12.577 ;
; dip_switches[2] ; display_0[3] ; 12.072 ; 12.016 ; 12.644 ; 12.588 ;
; dip_switches[2] ; display_0[4] ; 12.013 ; 11.964 ; 12.585 ; 12.536 ;
; dip_switches[2] ; display_0[5] ; 11.980 ; 11.923 ; 12.552 ; 12.495 ;
; dip_switches[2] ; display_0[6] ; 12.236 ; 12.237 ; 12.808 ; 12.809 ;
; dip_switches[2] ; display_1[0] ; 11.948 ; 11.809 ; 12.520 ; 12.381 ;
; dip_switches[2] ; display_1[1] ; 12.197 ; 12.164 ; 12.769 ; 12.736 ;
; dip_switches[2] ; display_1[2] ; 11.646 ; 11.666 ; 12.218 ; 12.238 ;
; dip_switches[2] ; display_1[3] ; 12.207 ; 12.153 ; 12.779 ; 12.725 ;
; dip_switches[2] ; display_1[4] ; 11.951 ; 11.837 ; 12.523 ; 12.409 ;
; dip_switches[2] ; display_1[5] ; 11.947 ; 11.929 ; 12.519 ; 12.501 ;
; dip_switches[2] ; display_1[6] ; 12.560 ; 12.564 ; 13.132 ; 13.136 ;
; dip_switches[2] ; display_2[0] ; 8.111  ; 8.072  ; 8.651  ; 8.644  ;
; dip_switches[2] ; display_2[1] ; 7.439  ;        ;        ; 7.997  ;
; dip_switches[2] ; display_2[2] ; 8.147  ; 8.106  ; 8.689  ; 8.681  ;
; dip_switches[2] ; display_2[3] ; 7.883  ; 7.837  ; 8.423  ; 8.409  ;
; dip_switches[2] ; display_2[4] ; 7.882  ; 7.845  ; 8.419  ; 8.414  ;
; dip_switches[2] ; display_2[5] ; 8.358  ; 8.310  ; 8.900  ; 8.885  ;
; dip_switches[2] ; display_2[6] ; 7.660  ; 7.684  ; 8.231  ; 8.224  ;
; dip_switches[2] ; leds[0]      ; 10.187 ; 10.236 ; 10.759 ; 10.808 ;
; dip_switches[2] ; leds[1]      ; 11.068 ; 11.091 ; 11.340 ; 11.354 ;
; dip_switches[2] ; leds[2]      ; 13.853 ; 14.212 ; 14.462 ; 14.775 ;
; dip_switches[2] ; leds[3]      ; 11.767 ; 11.785 ; 12.339 ; 12.357 ;
; dip_switches[3] ; display_0[0] ; 11.414 ; 11.336 ; 11.907 ; 11.838 ;
; dip_switches[3] ; display_0[1] ; 11.488 ; 11.424 ; 11.981 ; 11.917 ;
; dip_switches[3] ; display_0[2] ; 11.381 ; 11.376 ; 11.883 ; 11.869 ;
; dip_switches[3] ; display_0[3] ; 11.443 ; 11.364 ; 11.936 ; 11.866 ;
; dip_switches[3] ; display_0[4] ; 11.384 ; 11.312 ; 11.877 ; 11.814 ;
; dip_switches[3] ; display_0[5] ; 11.350 ; 11.292 ; 11.843 ; 11.785 ;
; dip_switches[3] ; display_0[6] ; 11.584 ; 11.608 ; 12.086 ; 12.101 ;
; dip_switches[3] ; display_1[0] ; 11.685 ; 11.570 ; 12.187 ; 12.072 ;
; dip_switches[3] ; display_1[1] ; 11.934 ; 11.925 ; 12.436 ; 12.427 ;
; dip_switches[3] ; display_1[2] ; 11.450 ; 11.403 ; 11.952 ; 11.905 ;
; dip_switches[3] ; display_1[3] ; 11.944 ; 11.890 ; 12.446 ; 12.392 ;
; dip_switches[3] ; display_1[4] ; 11.688 ; 11.650 ; 12.190 ; 12.152 ;
; dip_switches[3] ; display_1[5] ; 11.684 ; 11.666 ; 12.186 ; 12.168 ;
; dip_switches[3] ; display_1[6] ; 12.297 ; 12.301 ; 12.799 ; 12.803 ;
; dip_switches[3] ; display_2[0] ; 7.943  ; 7.906  ; 8.449  ; 8.403  ;
; dip_switches[3] ; display_2[1] ; 7.266  ; 7.254  ; 7.778  ; 7.757  ;
; dip_switches[3] ; display_2[2] ; 7.972  ; 7.934  ; 8.481  ; 8.434  ;
; dip_switches[3] ; display_2[3] ; 7.709  ; 7.665  ; 8.218  ; 8.165  ;
; dip_switches[3] ; display_2[4] ;        ; 7.682  ; 8.227  ;        ;
; dip_switches[3] ; display_2[5] ; 8.195  ; 8.150  ; 8.704  ; 8.650  ;
; dip_switches[3] ; display_2[6] ; 7.488  ; 7.510  ; 7.990  ; 8.021  ;
; dip_switches[3] ; leds[0]      ; 10.096 ; 10.099 ; 10.598 ; 10.601 ;
; dip_switches[3] ; leds[1]      ; 11.122 ; 11.136 ; 11.606 ; 11.620 ;
; dip_switches[3] ; leds[2]      ; 14.370 ; 14.729 ; 14.728 ; 15.041 ;
; dip_switches[3] ; leds[3]      ; 11.473 ; 11.522 ; 11.966 ; 12.024 ;
; dip_switches[4] ; display_1[0] ; 11.030 ; 10.891 ; 11.538 ; 11.399 ;
; dip_switches[4] ; display_1[1] ; 11.279 ; 11.246 ; 11.787 ; 11.754 ;
; dip_switches[4] ; display_1[2] ; 10.728 ; 10.748 ; 11.236 ; 11.256 ;
; dip_switches[4] ; display_1[3] ; 11.289 ; 11.235 ; 11.797 ; 11.743 ;
; dip_switches[4] ; display_1[4] ; 11.033 ; 10.919 ; 11.541 ; 11.427 ;
; dip_switches[4] ; display_1[5] ; 11.029 ; 11.011 ; 11.537 ; 11.519 ;
; dip_switches[4] ; display_1[6] ; 11.642 ; 11.646 ; 12.150 ; 12.154 ;
; dip_switches[4] ; display_3[0] ; 9.292  ; 9.312  ; 9.856  ; 9.895  ;
; dip_switches[4] ; display_3[1] ; 9.247  ; 9.299  ; 9.852  ; 9.826  ;
; dip_switches[4] ; display_3[2] ;        ; 9.683  ; 10.268 ;        ;
; dip_switches[4] ; display_3[3] ; 8.856  ; 8.831  ; 9.420  ; 9.414  ;
; dip_switches[4] ; display_3[4] ; 8.389  ;        ;        ; 8.940  ;
; dip_switches[4] ; display_3[5] ; 9.625  ;        ;        ; 10.235 ;
; dip_switches[4] ; display_3[6] ; 9.733  ; 9.678  ; 10.287 ; 10.241 ;
; dip_switches[4] ; leds[0]      ; 9.269  ; 9.318  ; 9.777  ; 9.826  ;
; dip_switches[4] ; leds[1]      ; 11.744 ; 11.767 ; 12.143 ; 12.169 ;
; dip_switches[4] ; leds[2]      ; 13.995 ; 14.326 ; 14.635 ; 14.920 ;
; dip_switches[4] ; leds[3]      ; 10.849 ; 10.867 ; 11.357 ; 11.375 ;
; dip_switches[5] ; display_1[0] ; 8.437  ; 8.384  ; 8.586  ; 8.533  ;
; dip_switches[5] ; display_1[1] ; 8.699  ; 8.744  ; 8.848  ; 8.893  ;
; dip_switches[5] ; display_1[2] ; 8.221  ; 8.208  ; 8.370  ; 8.357  ;
; dip_switches[5] ; display_1[3] ; 8.697  ; 8.702  ; 8.846  ; 8.851  ;
; dip_switches[5] ; display_1[4] ; 8.485  ; 8.444  ; 8.634  ; 8.593  ;
; dip_switches[5] ; display_1[5] ; 8.486  ; 8.472  ; 8.635  ; 8.621  ;
; dip_switches[5] ; display_1[6] ; 9.083  ; 9.072  ; 9.232  ; 9.221  ;
; dip_switches[5] ; display_3[0] ; 6.567  ; 6.683  ; 6.757  ; 6.721  ;
; dip_switches[5] ; display_3[1] ; 6.590  ; 6.638  ; 6.711  ; 6.695  ;
; dip_switches[5] ; display_3[2] ; 7.003  ;        ;        ; 7.101  ;
; dip_switches[5] ; display_3[3] ; 6.172  ; 6.203  ; 6.321  ; 6.279  ;
; dip_switches[5] ; display_3[4] ;        ; 5.057  ; 5.206  ;        ;
; dip_switches[5] ; display_3[5] ; 6.303  ; 6.353  ; 6.442  ; 6.525  ;
; dip_switches[5] ; display_3[6] ; 6.409  ; 6.356  ; 6.582  ; 6.496  ;
; dip_switches[5] ; leds[0]      ; 7.154  ; 7.157  ; 7.303  ; 7.306  ;
; dip_switches[5] ; leds[1]      ; 8.500  ; 8.514  ; 8.560  ; 8.574  ;
; dip_switches[5] ; leds[2]      ; 11.576 ; 11.907 ; 11.510 ; 11.795 ;
; dip_switches[5] ; leds[3]      ; 8.556  ; 8.580  ; 8.696  ; 8.729  ;
; dip_switches[6] ; display_1[0] ; 10.579 ; 10.487 ; 11.120 ; 11.028 ;
; dip_switches[6] ; display_1[1] ; 10.841 ; 10.836 ; 11.382 ; 11.377 ;
; dip_switches[6] ; display_1[2] ; 10.361 ; 10.309 ; 10.902 ; 10.850 ;
; dip_switches[6] ; display_1[3] ; 10.836 ; 10.802 ; 11.377 ; 11.343 ;
; dip_switches[6] ; display_1[4] ; 10.623 ; 10.535 ; 11.164 ; 11.076 ;
; dip_switches[6] ; display_1[5] ; 10.624 ; 10.571 ; 11.165 ; 11.112 ;
; dip_switches[6] ; display_1[6] ; 11.180 ; 11.207 ; 11.721 ; 11.748 ;
; dip_switches[6] ; display_3[0] ; 8.848  ; 8.863  ; 9.361  ; 9.408  ;
; dip_switches[6] ; display_3[1] ; 8.816  ;        ;        ; 9.365  ;
; dip_switches[6] ; display_3[2] ; 9.213  ; 9.198  ; 9.724  ; 9.742  ;
; dip_switches[6] ; display_3[3] ; 8.413  ; 8.383  ; 8.926  ; 8.928  ;
; dip_switches[6] ; display_3[4] ; 7.893  ; 7.867  ; 8.288  ; 8.320  ;
; dip_switches[6] ; display_3[5] ; 9.064  ; 9.177  ; 9.541  ; 9.574  ;
; dip_switches[6] ; display_3[6] ; 9.272  ; 9.185  ; 9.672  ; 9.629  ;
; dip_switches[6] ; leds[0]      ; 9.214  ; 9.263  ; 9.755  ; 9.804  ;
; dip_switches[6] ; leds[1]      ; 10.867 ; 10.890 ; 11.437 ; 11.451 ;
; dip_switches[6] ; leds[2]      ; 13.499 ; 13.773 ; 14.218 ; 14.538 ;
; dip_switches[6] ; leds[3]      ; 10.794 ; 10.812 ; 11.335 ; 11.353 ;
; dip_switches[7] ; display_1[0] ; 7.789  ; 7.697  ; 7.881  ; 7.789  ;
; dip_switches[7] ; display_1[1] ; 8.051  ; 8.046  ; 8.143  ; 8.138  ;
; dip_switches[7] ; display_1[2] ; 7.571  ; 7.519  ; 7.663  ; 7.611  ;
; dip_switches[7] ; display_1[3] ; 8.046  ; 8.012  ; 8.138  ; 8.104  ;
; dip_switches[7] ; display_1[4] ; 7.833  ; 7.702  ; 7.925  ; 7.798  ;
; dip_switches[7] ; display_1[5] ; 7.834  ; 7.781  ; 7.926  ; 7.873  ;
; dip_switches[7] ; display_1[6] ; 8.390  ; 8.417  ; 8.482  ; 8.509  ;
; dip_switches[7] ; display_3[0] ; 6.239  ; 6.256  ; 6.359  ; 6.367  ;
; dip_switches[7] ; display_3[1] ; 6.212  ; 6.223  ; 6.328  ; 6.330  ;
; dip_switches[7] ; display_3[2] ; 6.611  ; 6.599  ; 6.727  ; 6.706  ;
; dip_switches[7] ; display_3[3] ; 5.804  ; 5.776  ; 5.923  ; 5.886  ;
; dip_switches[7] ; display_3[4] ;        ; 5.271  ; 5.435  ;        ;
; dip_switches[7] ; display_3[5] ; 6.416  ; 6.535  ; 6.627  ; 6.663  ;
; dip_switches[7] ; display_3[6] ; 6.617  ; 6.527  ; 6.757  ; 6.724  ;
; dip_switches[7] ; leds[0]      ; 6.933  ; 6.936  ; 7.034  ; 7.037  ;
; dip_switches[7] ; leds[1]      ; 7.616  ; 7.630  ; 7.720  ; 7.734  ;
; dip_switches[7] ; leds[2]      ; 10.397 ; 10.709 ; 10.501 ; 10.822 ;
; dip_switches[7] ; leds[3]      ; 7.961  ; 8.022  ; 8.057  ; 8.114  ;
; switches[0]     ; display_0[0] ; 10.843 ; 10.754 ; 11.497 ; 11.442 ;
; switches[0]     ; display_0[1] ; 10.917 ; 10.853 ; 11.571 ; 11.511 ;
; switches[0]     ; display_0[2] ; 10.789 ; 10.805 ; 11.487 ; 11.459 ;
; switches[0]     ; display_0[3] ; 10.872 ; 10.770 ; 11.526 ; 11.470 ;
; switches[0]     ; display_0[4] ; 10.813 ; 10.718 ; 11.467 ; 11.418 ;
; switches[0]     ; display_0[5] ; 10.779 ; 10.721 ; 11.434 ; 11.377 ;
; switches[0]     ; display_0[6] ; 10.997 ; 11.037 ; 11.690 ; 11.691 ;
; switches[0]     ; display_1[0] ; 10.748 ; 10.633 ; 11.402 ; 11.263 ;
; switches[0]     ; display_1[1] ; 10.997 ; 10.988 ; 11.651 ; 11.618 ;
; switches[0]     ; display_1[2] ; 10.513 ; 10.466 ; 11.100 ; 11.120 ;
; switches[0]     ; display_1[3] ; 11.007 ; 10.953 ; 11.661 ; 11.607 ;
; switches[0]     ; display_1[4] ; 10.751 ; 10.713 ; 11.405 ; 11.291 ;
; switches[0]     ; display_1[5] ; 10.747 ; 10.729 ; 11.401 ; 11.383 ;
; switches[0]     ; display_1[6] ; 11.360 ; 11.364 ; 12.014 ; 12.018 ;
; switches[0]     ; leds[0]      ; 9.159  ; 9.162  ; 9.641  ; 9.690  ;
; switches[0]     ; leds[1]      ; 11.844 ; 11.867 ; 12.178 ; 12.204 ;
; switches[0]     ; leds[2]      ; 14.765 ; 15.078 ; 15.234 ; 15.593 ;
; switches[0]     ; leds[3]      ; 10.521 ; 10.585 ; 11.221 ; 11.239 ;
; switches[1]     ; display_0[0] ; 10.864 ; 10.775 ; 11.294 ; 11.239 ;
; switches[1]     ; display_0[1] ; 10.938 ; 10.874 ; 11.368 ; 11.308 ;
; switches[1]     ; display_0[2] ; 10.810 ; 10.826 ; 11.284 ; 11.256 ;
; switches[1]     ; display_0[3] ; 10.893 ; 10.791 ; 11.323 ; 11.267 ;
; switches[1]     ; display_0[4] ; 10.834 ; 10.739 ; 11.264 ; 11.215 ;
; switches[1]     ; display_0[5] ; 10.800 ; 10.742 ; 11.231 ; 11.174 ;
; switches[1]     ; display_0[6] ; 11.018 ; 11.058 ; 11.487 ; 11.488 ;
; switches[1]     ; display_1[0] ; 10.769 ; 10.654 ; 11.199 ; 11.060 ;
; switches[1]     ; display_1[1] ; 11.018 ; 11.009 ; 11.448 ; 11.415 ;
; switches[1]     ; display_1[2] ; 10.534 ; 10.487 ; 10.897 ; 10.917 ;
; switches[1]     ; display_1[3] ; 11.028 ; 10.974 ; 11.458 ; 11.404 ;
; switches[1]     ; display_1[4] ; 10.772 ; 10.734 ; 11.202 ; 11.088 ;
; switches[1]     ; display_1[5] ; 10.768 ; 10.750 ; 11.198 ; 11.180 ;
; switches[1]     ; display_1[6] ; 11.381 ; 11.385 ; 11.811 ; 11.815 ;
; switches[1]     ; leds[0]      ; 9.180  ; 9.183  ; 9.438  ; 9.487  ;
; switches[1]     ; leds[1]      ; 11.683 ; 11.706 ; 12.232 ; 12.258 ;
; switches[1]     ; leds[2]      ; 14.109 ; 14.422 ; 14.797 ; 15.156 ;
; switches[1]     ; leds[3]      ; 10.542 ; 10.606 ; 11.018 ; 11.036 ;
; switches[2]     ; display_0[0] ; 11.056 ; 10.967 ; 11.704 ; 11.649 ;
; switches[2]     ; display_0[1] ; 11.130 ; 11.066 ; 11.778 ; 11.718 ;
; switches[2]     ; display_0[2] ; 11.002 ; 11.018 ; 11.694 ; 11.666 ;
; switches[2]     ; display_0[3] ; 11.085 ; 10.983 ; 11.733 ; 11.677 ;
; switches[2]     ; display_0[4] ; 11.026 ; 10.931 ; 11.674 ; 11.625 ;
; switches[2]     ; display_0[5] ; 10.992 ; 10.934 ; 11.641 ; 11.584 ;
; switches[2]     ; display_0[6] ; 11.210 ; 11.250 ; 11.897 ; 11.898 ;
; switches[2]     ; display_1[0] ; 10.961 ; 10.846 ; 11.609 ; 11.470 ;
; switches[2]     ; display_1[1] ; 11.210 ; 11.201 ; 11.858 ; 11.825 ;
; switches[2]     ; display_1[2] ; 10.726 ; 10.679 ; 11.307 ; 11.327 ;
; switches[2]     ; display_1[3] ; 11.220 ; 11.166 ; 11.868 ; 11.814 ;
; switches[2]     ; display_1[4] ; 10.964 ; 10.926 ; 11.612 ; 11.498 ;
; switches[2]     ; display_1[5] ; 10.960 ; 10.942 ; 11.608 ; 11.590 ;
; switches[2]     ; display_1[6] ; 11.573 ; 11.577 ; 12.221 ; 12.225 ;
; switches[2]     ; leds[0]      ; 9.372  ; 9.375  ; 9.848  ; 9.897  ;
; switches[2]     ; leds[1]      ; 11.426 ; 11.449 ; 11.739 ; 11.765 ;
; switches[2]     ; leds[2]      ; 14.354 ; 14.667 ; 14.768 ; 15.127 ;
; switches[2]     ; leds[3]      ; 10.734 ; 10.798 ; 11.428 ; 11.446 ;
; switches[3]     ; display_0[0] ; 10.619 ; 10.572 ; 11.118 ; 11.029 ;
; switches[3]     ; display_0[1] ; 10.693 ; 10.641 ; 11.192 ; 11.128 ;
; switches[3]     ; display_0[2] ; 10.617 ; 10.581 ; 11.065 ; 11.080 ;
; switches[3]     ; display_0[3] ; 10.648 ; 10.600 ; 11.147 ; 11.048 ;
; switches[3]     ; display_0[4] ; 10.589 ; 10.548 ; 11.088 ; 10.996 ;
; switches[3]     ; display_0[5] ; 10.564 ; 10.507 ; 11.054 ; 10.996 ;
; switches[3]     ; display_0[6] ; 10.820 ; 10.816 ; 11.272 ; 11.312 ;
; switches[3]     ; display_1[0] ; 10.917 ; 10.802 ; 11.354 ; 11.215 ;
; switches[3]     ; display_1[1] ; 11.166 ; 11.157 ; 11.603 ; 11.570 ;
; switches[3]     ; display_1[2] ; 10.682 ; 10.635 ; 11.052 ; 11.072 ;
; switches[3]     ; display_1[3] ; 11.176 ; 11.122 ; 11.613 ; 11.559 ;
; switches[3]     ; display_1[4] ; 10.920 ; 10.882 ; 11.357 ; 11.243 ;
; switches[3]     ; display_1[5] ; 10.916 ; 10.898 ; 11.353 ; 11.335 ;
; switches[3]     ; display_1[6] ; 11.529 ; 11.533 ; 11.966 ; 11.970 ;
; switches[3]     ; leds[0]      ; 9.328  ; 9.331  ; 9.593  ; 9.642  ;
; switches[3]     ; leds[1]      ; 11.347 ; 11.370 ; 11.886 ; 11.912 ;
; switches[3]     ; leds[2]      ; 13.970 ; 14.283 ; 14.637 ; 14.996 ;
; switches[3]     ; leds[3]      ; 10.690 ; 10.754 ; 11.173 ; 11.191 ;
; switches[4]     ; display_1[0] ; 10.798 ; 10.655 ; 11.458 ; 11.319 ;
; switches[4]     ; display_1[1] ; 11.047 ; 11.014 ; 11.707 ; 11.674 ;
; switches[4]     ; display_1[2] ; 10.450 ; 10.516 ; 11.156 ; 11.176 ;
; switches[4]     ; display_1[3] ; 11.057 ; 11.003 ; 11.717 ; 11.663 ;
; switches[4]     ; display_1[4] ; 10.801 ; 10.641 ; 11.461 ; 11.347 ;
; switches[4]     ; display_1[5] ; 10.797 ; 10.779 ; 11.457 ; 11.439 ;
; switches[4]     ; display_1[6] ; 11.410 ; 11.414 ; 12.070 ; 12.074 ;
; switches[4]     ; leds[0]      ; 9.209  ; 9.212  ; 9.697  ; 9.746  ;
; switches[4]     ; leds[1]      ; 11.441 ; 11.464 ; 11.796 ; 11.822 ;
; switches[4]     ; leds[2]      ; 13.911 ; 14.196 ; 14.372 ; 14.703 ;
; switches[4]     ; leds[3]      ; 10.571 ; 10.635 ; 11.277 ; 11.295 ;
; switches[5]     ; display_1[0] ; 10.240 ; 10.187 ; 10.669 ; 10.526 ;
; switches[5]     ; display_1[1] ; 10.502 ; 10.547 ; 10.918 ; 10.885 ;
; switches[5]     ; display_1[2] ; 10.024 ; 10.011 ; 10.390 ; 10.387 ;
; switches[5]     ; display_1[3] ; 10.500 ; 10.505 ; 10.928 ; 10.874 ;
; switches[5]     ; display_1[4] ; 10.288 ; 10.247 ; 10.672 ; 10.579 ;
; switches[5]     ; display_1[5] ; 10.289 ; 10.275 ; 10.668 ; 10.650 ;
; switches[5]     ; display_1[6] ; 10.886 ; 10.875 ; 11.281 ; 11.285 ;
; switches[5]     ; leds[0]      ; 8.957  ; 8.960  ; 9.243  ; 9.292  ;
; switches[5]     ; leds[1]      ; 11.734 ; 11.757 ; 12.269 ; 12.295 ;
; switches[5]     ; leds[2]      ; 13.502 ; 13.787 ; 14.167 ; 14.498 ;
; switches[5]     ; leds[3]      ; 10.319 ; 10.383 ; 10.823 ; 10.841 ;
; switches[6]     ; display_1[0] ; 10.310 ; 10.218 ; 10.966 ; 10.874 ;
; switches[6]     ; display_1[1] ; 10.572 ; 10.567 ; 11.228 ; 11.223 ;
; switches[6]     ; display_1[2] ; 10.092 ; 10.040 ; 10.748 ; 10.696 ;
; switches[6]     ; display_1[3] ; 10.567 ; 10.533 ; 11.223 ; 11.189 ;
; switches[6]     ; display_1[4] ; 10.354 ; 10.220 ; 11.010 ; 10.922 ;
; switches[6]     ; display_1[5] ; 10.355 ; 10.302 ; 11.011 ; 10.958 ;
; switches[6]     ; display_1[6] ; 10.911 ; 10.938 ; 11.567 ; 11.594 ;
; switches[6]     ; leds[0]      ; 9.117  ; 9.120  ; 9.601  ; 9.650  ;
; switches[6]     ; leds[1]      ; 11.556 ; 11.579 ; 11.926 ; 11.952 ;
; switches[6]     ; leds[2]      ; 13.876 ; 14.196 ; 14.215 ; 14.489 ;
; switches[6]     ; leds[3]      ; 10.479 ; 10.543 ; 11.181 ; 11.199 ;
; switches[7]     ; display_1[0] ; 9.945  ; 9.853  ; 10.468 ; 10.376 ;
; switches[7]     ; display_1[1] ; 10.207 ; 10.206 ; 10.730 ; 10.725 ;
; switches[7]     ; display_1[2] ; 9.727  ; 9.678  ; 10.250 ; 10.198 ;
; switches[7]     ; display_1[3] ; 10.202 ; 10.168 ; 10.725 ; 10.691 ;
; switches[7]     ; display_1[4] ; 9.989  ; 9.906  ; 10.512 ; 10.390 ;
; switches[7]     ; display_1[5] ; 9.990  ; 9.941  ; 10.513 ; 10.460 ;
; switches[7]     ; display_1[6] ; 10.546 ; 10.573 ; 11.069 ; 11.096 ;
; switches[7]     ; leds[0]      ; 9.146  ; 9.149  ; 9.438  ; 9.487  ;
; switches[7]     ; leds[1]      ; 10.818 ; 10.844 ; 11.320 ; 11.346 ;
; switches[7]     ; leds[2]      ; 13.154 ; 13.418 ; 13.614 ; 13.955 ;
; switches[7]     ; leds[3]      ; 10.165 ; 10.178 ; 10.649 ; 10.701 ;
; switches[8]     ; display_0[0] ; 13.287 ; 13.198 ; 13.844 ; 13.789 ;
; switches[8]     ; display_0[1] ; 13.361 ; 13.297 ; 13.918 ; 13.858 ;
; switches[8]     ; display_0[2] ; 13.233 ; 13.249 ; 13.834 ; 13.806 ;
; switches[8]     ; display_0[3] ; 13.316 ; 13.214 ; 13.873 ; 13.817 ;
; switches[8]     ; display_0[4] ; 13.257 ; 13.162 ; 13.814 ; 13.765 ;
; switches[8]     ; display_0[5] ; 13.223 ; 13.165 ; 13.781 ; 13.724 ;
; switches[8]     ; display_0[6] ; 13.441 ; 13.481 ; 14.037 ; 14.038 ;
; switches[8]     ; display_1[0] ; 13.192 ; 13.077 ; 13.749 ; 13.632 ;
; switches[8]     ; display_1[1] ; 13.441 ; 13.432 ; 13.998 ; 13.987 ;
; switches[8]     ; display_1[2] ; 12.957 ; 12.910 ; 13.512 ; 13.467 ;
; switches[8]     ; display_1[3] ; 13.451 ; 13.397 ; 14.008 ; 13.954 ;
; switches[8]     ; display_1[4] ; 13.195 ; 13.157 ; 13.752 ; 13.712 ;
; switches[8]     ; display_1[5] ; 13.191 ; 13.173 ; 13.748 ; 13.730 ;
; switches[8]     ; display_1[6] ; 13.804 ; 13.808 ; 14.361 ; 14.365 ;
; switches[8]     ; leds[0]      ; 11.603 ; 11.606 ; 12.158 ; 12.161 ;
; switches[8]     ; leds[1]      ; 8.255  ; 8.222  ; 8.761  ; 8.760  ;
; switches[8]     ; leds[2]      ; 13.064 ; 11.594 ; 11.826 ; 13.936 ;
; switches[8]     ; leds[3]      ; 12.965 ; 13.029 ; 13.568 ; 13.586 ;
; switches[9]     ; display_0[0] ;        ; 7.331  ; 7.898  ;        ;
; switches[9]     ; display_0[1] ;        ; 7.410  ; 7.980  ;        ;
; switches[9]     ; display_0[2] ;        ; 7.355  ; 7.907  ;        ;
; switches[9]     ; display_0[3] ;        ; 7.357  ; 7.918  ;        ;
; switches[9]     ; display_0[4] ;        ; 7.304  ; 7.865  ;        ;
; switches[9]     ; display_0[5] ;        ; 7.299  ; 7.867  ;        ;
; switches[9]     ; display_0[6] ; 7.274  ;        ;        ; 7.846  ;
; switches[9]     ; display_1[0] ;        ; 7.585  ; 8.173  ;        ;
; switches[9]     ; display_1[1] ;        ; 7.633  ; 8.184  ;        ;
; switches[9]     ; display_1[2] ;        ; 7.419  ; 7.962  ;        ;
; switches[9]     ; display_1[3] ;        ; 7.609  ; 8.184  ;        ;
; switches[9]     ; display_1[4] ;        ; 7.640  ; 8.215  ;        ;
; switches[9]     ; display_1[5] ;        ; 7.675  ; 8.221  ;        ;
; switches[9]     ; display_1[6] ; 7.973  ;        ;        ; 8.545  ;
; switches[9]     ; leds[0]      ;        ; 8.448  ; 8.897  ;        ;
; switches[9]     ; leds[1]      ;        ; 8.613  ; 9.086  ;        ;
; switches[9]     ; leds[2]      ;        ; 13.609 ; 13.794 ;        ;
; switches[9]     ; leds[3]      ;        ; 8.230  ; 8.708  ;        ;
+-----------------+--------------+--------+--------+--------+--------+


+----------------------------------------------------------------+
; Minimum Propagation Delay                                      ;
+-----------------+--------------+-------+-------+-------+-------+
; Input Port      ; Output Port  ; RR    ; RF    ; FR    ; FF    ;
+-----------------+--------------+-------+-------+-------+-------+
; dip_switches[0] ; display_0[0] ; 5.628 ; 5.662 ; 6.256 ; 6.290 ;
; dip_switches[0] ; display_0[1] ; 5.646 ; 5.680 ; 6.274 ; 6.308 ;
; dip_switches[0] ; display_0[2] ; 5.781 ; 5.668 ; 6.409 ; 6.296 ;
; dip_switches[0] ; display_0[3] ; 5.647 ; 5.678 ; 6.275 ; 6.306 ;
; dip_switches[0] ; display_0[4] ; 5.606 ; 5.796 ; 6.234 ; 6.424 ;
; dip_switches[0] ; display_0[5] ; 5.608 ; 5.801 ; 6.236 ; 6.429 ;
; dip_switches[0] ; display_0[6] ; 5.723 ; 5.681 ; 6.351 ; 6.309 ;
; dip_switches[0] ; display_1[0] ; 6.184 ; 6.254 ; 6.812 ; 6.882 ;
; dip_switches[0] ; display_1[1] ; 6.307 ; 6.394 ; 6.935 ; 7.022 ;
; dip_switches[0] ; display_1[2] ; 6.086 ; 6.142 ; 6.714 ; 6.770 ;
; dip_switches[0] ; display_1[3] ; 6.283 ; 6.357 ; 6.911 ; 6.985 ;
; dip_switches[0] ; display_1[4] ; 6.278 ; 6.289 ; 6.906 ; 6.917 ;
; dip_switches[0] ; display_1[5] ; 6.234 ; 6.303 ; 6.862 ; 6.931 ;
; dip_switches[0] ; display_1[6] ; 6.593 ; 6.485 ; 7.221 ; 7.113 ;
; dip_switches[0] ; display_2[0] ; 4.604 ; 4.726 ; 5.266 ; 5.327 ;
; dip_switches[0] ; display_2[1] ; 4.225 ; 4.282 ; 4.863 ; 4.920 ;
; dip_switches[0] ; display_2[2] ;       ; 4.733 ; 5.259 ;       ;
; dip_switches[0] ; display_2[3] ; 4.438 ; 4.537 ; 5.099 ; 5.166 ;
; dip_switches[0] ; display_2[4] ; 4.475 ;       ;       ; 5.179 ;
; dip_switches[0] ; display_2[5] ; 4.696 ;       ;       ; 5.426 ;
; dip_switches[0] ; display_2[6] ; 4.465 ; 4.367 ; 5.049 ; 5.038 ;
; dip_switches[0] ; leds[0]      ; 5.624 ; 5.710 ; 6.252 ; 6.338 ;
; dip_switches[0] ; leds[1]      ; 5.977 ; 6.172 ; 6.537 ; 6.751 ;
; dip_switches[0] ; leds[2]      ; 6.168 ; 6.491 ; 6.728 ; 7.088 ;
; dip_switches[0] ; leds[3]      ; 6.411 ; 6.620 ; 7.039 ; 7.248 ;
; dip_switches[1] ; display_0[0] ; 6.092 ; 6.131 ; 6.743 ; 6.782 ;
; dip_switches[1] ; display_0[1] ; 6.112 ; 6.151 ; 6.763 ; 6.802 ;
; dip_switches[1] ; display_0[2] ; 6.102 ; 6.200 ; 6.753 ; 6.851 ;
; dip_switches[1] ; display_0[3] ; 6.104 ; 6.140 ; 6.755 ; 6.791 ;
; dip_switches[1] ; display_0[4] ; 6.161 ; 6.094 ; 6.812 ; 6.745 ;
; dip_switches[1] ; display_0[5] ; 6.063 ; 6.094 ; 6.714 ; 6.745 ;
; dip_switches[1] ; display_0[6] ; 6.191 ; 6.145 ; 6.842 ; 6.796 ;
; dip_switches[1] ; display_1[0] ; 6.148 ; 6.218 ; 6.799 ; 6.869 ;
; dip_switches[1] ; display_1[1] ; 6.271 ; 6.358 ; 6.922 ; 7.009 ;
; dip_switches[1] ; display_1[2] ; 6.050 ; 6.106 ; 6.701 ; 6.757 ;
; dip_switches[1] ; display_1[3] ; 6.247 ; 6.321 ; 6.898 ; 6.972 ;
; dip_switches[1] ; display_1[4] ; 6.242 ; 6.253 ; 6.893 ; 6.904 ;
; dip_switches[1] ; display_1[5] ; 6.198 ; 6.267 ; 6.849 ; 6.918 ;
; dip_switches[1] ; display_1[6] ; 6.557 ; 6.449 ; 7.208 ; 7.100 ;
; dip_switches[1] ; display_2[0] ; 4.495 ; 4.611 ; 5.174 ; 5.256 ;
; dip_switches[1] ; display_2[1] ; 4.117 ; 4.209 ; 4.811 ; 4.831 ;
; dip_switches[1] ; display_2[2] ; 4.520 ;       ;       ; 5.291 ;
; dip_switches[1] ; display_2[3] ; 4.333 ; 4.441 ; 5.016 ; 5.068 ;
; dip_switches[1] ; display_2[4] ;       ; 4.456 ; 5.033 ;       ;
; dip_switches[1] ; display_2[5] ; 4.601 ; 4.711 ; 5.253 ; 5.371 ;
; dip_switches[1] ; display_2[6] ; 4.358 ; 4.261 ; 4.964 ; 4.946 ;
; dip_switches[1] ; leds[0]      ; 5.588 ; 5.674 ; 6.239 ; 6.325 ;
; dip_switches[1] ; leds[1]      ; 5.980 ; 6.170 ; 6.535 ; 6.749 ;
; dip_switches[1] ; leds[2]      ; 6.331 ; 6.668 ; 6.906 ; 7.259 ;
; dip_switches[1] ; leds[3]      ; 6.375 ; 6.584 ; 7.026 ; 7.235 ;
; dip_switches[2] ; display_0[0] ; 6.163 ; 6.202 ; 6.812 ; 6.851 ;
; dip_switches[2] ; display_0[1] ; 6.157 ; 6.354 ; 6.806 ; 7.003 ;
; dip_switches[2] ; display_0[2] ; 6.144 ; 6.190 ; 6.793 ; 6.839 ;
; dip_switches[2] ; display_0[3] ; 6.157 ; 6.209 ; 6.806 ; 6.858 ;
; dip_switches[2] ; display_0[4] ; 6.151 ; 6.191 ; 6.800 ; 6.840 ;
; dip_switches[2] ; display_0[5] ; 6.138 ; 6.156 ; 6.787 ; 6.805 ;
; dip_switches[2] ; display_0[6] ; 6.243 ; 6.216 ; 6.892 ; 6.865 ;
; dip_switches[2] ; display_1[0] ; 6.283 ; 6.353 ; 6.932 ; 7.002 ;
; dip_switches[2] ; display_1[1] ; 6.406 ; 6.493 ; 7.055 ; 7.142 ;
; dip_switches[2] ; display_1[2] ; 6.185 ; 6.241 ; 6.834 ; 6.890 ;
; dip_switches[2] ; display_1[3] ; 6.382 ; 6.456 ; 7.031 ; 7.105 ;
; dip_switches[2] ; display_1[4] ; 6.377 ; 6.388 ; 7.026 ; 7.037 ;
; dip_switches[2] ; display_1[5] ; 6.333 ; 6.402 ; 6.982 ; 7.051 ;
; dip_switches[2] ; display_1[6] ; 6.692 ; 6.584 ; 7.341 ; 7.233 ;
; dip_switches[2] ; display_2[0] ; 4.673 ; 4.762 ; 5.322 ; 5.431 ;
; dip_switches[2] ; display_2[1] ; 4.296 ;       ;       ; 5.009 ;
; dip_switches[2] ; display_2[2] ; 4.698 ; 4.798 ; 5.348 ; 5.467 ;
; dip_switches[2] ; display_2[3] ; 4.510 ; 4.588 ; 5.159 ; 5.257 ;
; dip_switches[2] ; display_2[4] ; 4.533 ; 4.609 ; 5.181 ; 5.276 ;
; dip_switches[2] ; display_2[5] ; 4.754 ; 4.859 ; 5.403 ; 5.527 ;
; dip_switches[2] ; display_2[6] ; 4.490 ; 4.433 ; 5.159 ; 5.082 ;
; dip_switches[2] ; leds[0]      ; 5.723 ; 5.809 ; 6.372 ; 6.458 ;
; dip_switches[2] ; leds[1]      ; 5.947 ; 6.095 ; 6.639 ; 6.787 ;
; dip_switches[2] ; leds[2]      ; 6.426 ; 6.755 ; 7.017 ; 7.364 ;
; dip_switches[2] ; leds[3]      ; 6.510 ; 6.719 ; 7.159 ; 7.368 ;
; dip_switches[3] ; display_0[0] ; 6.262 ; 6.319 ; 6.933 ; 6.990 ;
; dip_switches[3] ; display_0[1] ; 6.272 ; 6.353 ; 6.943 ; 7.024 ;
; dip_switches[3] ; display_0[2] ; 6.265 ; 6.311 ; 6.936 ; 6.982 ;
; dip_switches[3] ; display_0[3] ; 6.275 ; 6.330 ; 6.946 ; 7.001 ;
; dip_switches[3] ; display_0[4] ; 6.425 ; 6.264 ; 7.096 ; 6.935 ;
; dip_switches[3] ; display_0[5] ; 6.251 ; 6.266 ; 6.922 ; 6.937 ;
; dip_switches[3] ; display_0[6] ; 6.400 ; 6.308 ; 7.071 ; 6.979 ;
; dip_switches[3] ; display_1[0] ; 6.137 ; 6.207 ; 6.808 ; 6.878 ;
; dip_switches[3] ; display_1[1] ; 6.260 ; 6.347 ; 6.931 ; 7.018 ;
; dip_switches[3] ; display_1[2] ; 6.039 ; 6.095 ; 6.710 ; 6.766 ;
; dip_switches[3] ; display_1[3] ; 6.236 ; 6.310 ; 6.907 ; 6.981 ;
; dip_switches[3] ; display_1[4] ; 6.231 ; 6.242 ; 6.902 ; 6.913 ;
; dip_switches[3] ; display_1[5] ; 6.187 ; 6.256 ; 6.858 ; 6.927 ;
; dip_switches[3] ; display_1[6] ; 6.546 ; 6.438 ; 7.217 ; 7.109 ;
; dip_switches[3] ; display_2[0] ; 4.559 ; 4.653 ; 5.232 ; 5.319 ;
; dip_switches[3] ; display_2[1] ; 4.180 ; 4.229 ; 4.851 ; 4.893 ;
; dip_switches[3] ; display_2[2] ; 4.573 ; 4.678 ; 5.245 ; 5.343 ;
; dip_switches[3] ; display_2[3] ; 4.393 ; 4.476 ; 5.066 ; 5.142 ;
; dip_switches[3] ; display_2[4] ;       ; 4.504 ; 5.096 ;       ;
; dip_switches[3] ; display_2[5] ; 4.644 ; 4.754 ; 5.315 ; 5.418 ;
; dip_switches[3] ; display_2[6] ; 4.377 ; 4.315 ; 5.041 ; 4.986 ;
; dip_switches[3] ; leds[0]      ; 5.577 ; 5.663 ; 6.248 ; 6.334 ;
; dip_switches[3] ; leds[1]      ; 6.084 ; 6.298 ; 6.663 ; 6.877 ;
; dip_switches[3] ; leds[2]      ; 6.597 ; 6.923 ; 7.196 ; 7.538 ;
; dip_switches[3] ; leds[3]      ; 6.364 ; 6.573 ; 7.035 ; 7.244 ;
; dip_switches[4] ; display_1[0] ; 5.766 ; 5.836 ; 6.420 ; 6.490 ;
; dip_switches[4] ; display_1[1] ; 5.889 ; 5.976 ; 6.543 ; 6.630 ;
; dip_switches[4] ; display_1[2] ; 5.668 ; 5.724 ; 6.322 ; 6.378 ;
; dip_switches[4] ; display_1[3] ; 5.865 ; 5.939 ; 6.519 ; 6.593 ;
; dip_switches[4] ; display_1[4] ; 5.810 ; 5.871 ; 6.464 ; 6.525 ;
; dip_switches[4] ; display_1[5] ; 5.816 ; 5.885 ; 6.470 ; 6.539 ;
; dip_switches[4] ; display_1[6] ; 6.175 ; 6.067 ; 6.829 ; 6.721 ;
; dip_switches[4] ; display_3[0] ; 5.299 ; 5.440 ; 6.045 ; 6.125 ;
; dip_switches[4] ; display_3[1] ; 5.276 ; 5.391 ; 5.999 ; 6.114 ;
; dip_switches[4] ; display_3[2] ;       ; 5.658 ; 6.223 ;       ;
; dip_switches[4] ; display_3[3] ; 5.017 ; 5.128 ; 5.761 ; 5.840 ;
; dip_switches[4] ; display_3[4] ; 4.796 ;       ;       ; 5.605 ;
; dip_switches[4] ; display_3[5] ; 5.540 ;       ;       ; 6.396 ;
; dip_switches[4] ; display_3[6] ; 5.713 ; 5.563 ; 6.421 ; 6.278 ;
; dip_switches[4] ; leds[0]      ; 5.206 ; 5.292 ; 5.860 ; 5.946 ;
; dip_switches[4] ; leds[1]      ; 6.134 ; 6.282 ; 6.870 ; 7.018 ;
; dip_switches[4] ; leds[2]      ; 7.022 ; 7.352 ; 7.766 ; 8.102 ;
; dip_switches[4] ; leds[3]      ; 5.993 ; 6.202 ; 6.647 ; 6.856 ;
; dip_switches[5] ; display_1[0] ; 4.572 ; 4.642 ; 4.859 ; 4.929 ;
; dip_switches[5] ; display_1[1] ; 4.695 ; 4.782 ; 4.982 ; 5.069 ;
; dip_switches[5] ; display_1[2] ; 4.474 ; 4.530 ; 4.761 ; 4.817 ;
; dip_switches[5] ; display_1[3] ; 4.671 ; 4.745 ; 4.958 ; 5.032 ;
; dip_switches[5] ; display_1[4] ; 4.666 ; 4.677 ; 4.953 ; 4.964 ;
; dip_switches[5] ; display_1[5] ; 4.622 ; 4.691 ; 4.909 ; 4.978 ;
; dip_switches[5] ; display_1[6] ; 4.981 ; 4.873 ; 5.268 ; 5.160 ;
; dip_switches[5] ; display_3[0] ; 3.842 ; 3.977 ; 4.148 ; 4.249 ;
; dip_switches[5] ; display_3[1] ; 3.819 ; 3.969 ; 4.142 ; 4.220 ;
; dip_switches[5] ; display_3[2] ; 4.043 ;       ;       ; 4.487 ;
; dip_switches[5] ; display_3[3] ; 3.559 ; 3.679 ; 3.871 ; 3.935 ;
; dip_switches[5] ; display_3[4] ;       ; 3.031 ; 3.269 ;       ;
; dip_switches[5] ; display_3[5] ; 3.676 ; 3.820 ; 4.013 ; 4.176 ;
; dip_switches[5] ; display_3[6] ; 3.853 ; 3.707 ; 4.207 ; 4.042 ;
; dip_switches[5] ; leds[0]      ; 4.012 ; 4.098 ; 4.299 ; 4.385 ;
; dip_switches[5] ; leds[1]      ; 4.548 ; 4.762 ; 4.874 ; 5.088 ;
; dip_switches[5] ; leds[2]      ; 4.984 ; 5.326 ; 5.320 ; 5.678 ;
; dip_switches[5] ; leds[3]      ; 4.799 ; 5.008 ; 5.086 ; 5.295 ;
; dip_switches[6] ; display_1[0] ; 5.666 ; 5.731 ; 6.321 ; 6.386 ;
; dip_switches[6] ; display_1[1] ; 5.792 ; 5.962 ; 6.447 ; 6.617 ;
; dip_switches[6] ; display_1[2] ; 5.563 ; 5.614 ; 6.218 ; 6.269 ;
; dip_switches[6] ; display_1[3] ; 5.767 ; 5.836 ; 6.422 ; 6.491 ;
; dip_switches[6] ; display_1[4] ; 5.701 ; 5.769 ; 6.356 ; 6.424 ;
; dip_switches[6] ; display_1[5] ; 5.714 ; 5.778 ; 6.369 ; 6.433 ;
; dip_switches[6] ; display_1[6] ; 6.072 ; 5.969 ; 6.727 ; 6.624 ;
; dip_switches[6] ; display_3[0] ; 5.084 ; 5.192 ; 5.754 ; 5.882 ;
; dip_switches[6] ; display_3[1] ; 5.057 ;       ;       ; 5.848 ;
; dip_switches[6] ; display_3[2] ; 5.280 ; 5.426 ; 5.951 ; 6.116 ;
; dip_switches[6] ; display_3[3] ; 4.801 ; 4.891 ; 5.472 ; 5.582 ;
; dip_switches[6] ; display_3[4] ; 4.483 ; 4.566 ; 5.074 ; 5.184 ;
; dip_switches[6] ; display_3[5] ; 5.190 ; 5.346 ; 5.803 ; 5.955 ;
; dip_switches[6] ; display_3[6] ; 5.375 ; 5.226 ; 5.975 ; 5.836 ;
; dip_switches[6] ; leds[0]      ; 5.192 ; 5.278 ; 5.847 ; 5.933 ;
; dip_switches[6] ; leds[1]      ; 5.961 ; 6.156 ; 6.546 ; 6.760 ;
; dip_switches[6] ; leds[2]      ; 6.401 ; 6.737 ; 6.995 ; 7.350 ;
; dip_switches[6] ; leds[3]      ; 5.979 ; 6.188 ; 6.634 ; 6.843 ;
; dip_switches[7] ; display_1[0] ; 4.341 ; 4.411 ; 4.635 ; 4.705 ;
; dip_switches[7] ; display_1[1] ; 4.464 ; 4.551 ; 4.758 ; 4.845 ;
; dip_switches[7] ; display_1[2] ; 4.243 ; 4.299 ; 4.537 ; 4.593 ;
; dip_switches[7] ; display_1[3] ; 4.440 ; 4.514 ; 4.734 ; 4.808 ;
; dip_switches[7] ; display_1[4] ; 4.493 ; 4.446 ; 4.787 ; 4.740 ;
; dip_switches[7] ; display_1[5] ; 4.391 ; 4.460 ; 4.685 ; 4.754 ;
; dip_switches[7] ; display_1[6] ; 4.750 ; 4.642 ; 5.044 ; 4.936 ;
; dip_switches[7] ; display_3[0] ; 3.671 ; 3.784 ; 3.948 ; 4.054 ;
; dip_switches[7] ; display_3[1] ; 3.652 ; 3.759 ; 3.927 ; 4.027 ;
; dip_switches[7] ; display_3[2] ; 3.875 ; 4.026 ; 4.150 ; 4.294 ;
; dip_switches[7] ; display_3[3] ; 3.388 ; 3.483 ; 3.665 ; 3.753 ;
; dip_switches[7] ; display_3[4] ;       ; 3.108 ; 3.347 ;       ;
; dip_switches[7] ; display_3[5] ; 3.744 ; 3.900 ; 4.091 ; 4.248 ;
; dip_switches[7] ; display_3[6] ; 3.961 ; 3.765 ; 4.254 ; 4.161 ;
; dip_switches[7] ; leds[0]      ; 3.877 ; 3.963 ; 4.171 ; 4.257 ;
; dip_switches[7] ; leds[1]      ; 4.019 ; 4.237 ; 4.371 ; 4.582 ;
; dip_switches[7] ; leds[2]      ; 4.826 ; 5.160 ; 5.171 ; 5.512 ;
; dip_switches[7] ; leds[3]      ; 4.568 ; 4.771 ; 4.862 ; 5.065 ;
; switches[0]     ; display_0[0] ; 5.160 ; 5.194 ; 5.792 ; 5.826 ;
; switches[0]     ; display_0[1] ; 5.178 ; 5.212 ; 5.810 ; 5.844 ;
; switches[0]     ; display_0[2] ; 5.311 ; 5.200 ; 5.927 ; 5.832 ;
; switches[0]     ; display_0[3] ; 5.179 ; 5.210 ; 5.811 ; 5.842 ;
; switches[0]     ; display_0[4] ; 5.138 ; 5.326 ; 5.770 ; 5.942 ;
; switches[0]     ; display_0[5] ; 5.140 ; 5.331 ; 5.772 ; 5.947 ;
; switches[0]     ; display_0[6] ; 5.255 ; 5.213 ; 5.887 ; 5.845 ;
; switches[0]     ; display_1[0] ; 5.716 ; 5.786 ; 6.371 ; 6.436 ;
; switches[0]     ; display_1[1] ; 5.839 ; 5.926 ; 6.495 ; 6.582 ;
; switches[0]     ; display_1[2] ; 5.618 ; 5.674 ; 6.268 ; 6.319 ;
; switches[0]     ; display_1[3] ; 5.815 ; 5.889 ; 6.471 ; 6.541 ;
; switches[0]     ; display_1[4] ; 5.810 ; 5.821 ; 6.406 ; 6.474 ;
; switches[0]     ; display_1[5] ; 5.766 ; 5.835 ; 6.419 ; 6.483 ;
; switches[0]     ; display_1[6] ; 6.125 ; 6.017 ; 6.777 ; 6.673 ;
; switches[0]     ; leds[0]      ; 5.156 ; 5.242 ; 5.752 ; 5.853 ;
; switches[0]     ; leds[1]      ; 6.418 ; 6.566 ; 7.093 ; 7.241 ;
; switches[0]     ; leds[2]      ; 6.694 ; 7.016 ; 7.329 ; 7.695 ;
; switches[0]     ; leds[3]      ; 5.943 ; 6.152 ; 6.599 ; 6.793 ;
; switches[1]     ; display_0[0] ; 5.600 ; 5.639 ; 6.230 ; 6.269 ;
; switches[1]     ; display_0[1] ; 5.620 ; 5.659 ; 6.250 ; 6.289 ;
; switches[1]     ; display_0[2] ; 5.610 ; 5.708 ; 6.240 ; 6.310 ;
; switches[1]     ; display_0[3] ; 5.612 ; 5.648 ; 6.242 ; 6.278 ;
; switches[1]     ; display_0[4] ; 5.669 ; 5.602 ; 6.271 ; 6.232 ;
; switches[1]     ; display_0[5] ; 5.571 ; 5.602 ; 6.201 ; 6.232 ;
; switches[1]     ; display_0[6] ; 5.699 ; 5.653 ; 6.329 ; 6.283 ;
; switches[1]     ; display_1[0] ; 5.656 ; 5.726 ; 6.317 ; 6.382 ;
; switches[1]     ; display_1[1] ; 5.779 ; 5.866 ; 6.441 ; 6.528 ;
; switches[1]     ; display_1[2] ; 5.558 ; 5.614 ; 6.214 ; 6.265 ;
; switches[1]     ; display_1[3] ; 5.755 ; 5.829 ; 6.417 ; 6.487 ;
; switches[1]     ; display_1[4] ; 5.750 ; 5.761 ; 6.352 ; 6.420 ;
; switches[1]     ; display_1[5] ; 5.706 ; 5.775 ; 6.365 ; 6.429 ;
; switches[1]     ; display_1[6] ; 6.065 ; 5.957 ; 6.723 ; 6.619 ;
; switches[1]     ; leds[0]      ; 5.096 ; 5.182 ; 5.698 ; 5.799 ;
; switches[1]     ; leds[1]      ; 6.123 ; 6.271 ; 6.742 ; 6.890 ;
; switches[1]     ; leds[2]      ; 6.828 ; 7.163 ; 7.481 ; 7.832 ;
; switches[1]     ; leds[3]      ; 5.883 ; 6.092 ; 6.545 ; 6.739 ;
; switches[2]     ; display_0[0] ; 5.700 ; 5.739 ; 6.356 ; 6.395 ;
; switches[2]     ; display_0[1] ; 5.694 ; 5.893 ; 6.350 ; 6.533 ;
; switches[2]     ; display_0[2] ; 5.681 ; 5.727 ; 6.337 ; 6.383 ;
; switches[2]     ; display_0[3] ; 5.694 ; 5.746 ; 6.350 ; 6.402 ;
; switches[2]     ; display_0[4] ; 5.688 ; 5.728 ; 6.344 ; 6.384 ;
; switches[2]     ; display_0[5] ; 5.675 ; 5.693 ; 6.331 ; 6.349 ;
; switches[2]     ; display_0[6] ; 5.780 ; 5.753 ; 6.436 ; 6.409 ;
; switches[2]     ; display_1[0] ; 5.820 ; 5.890 ; 6.509 ; 6.574 ;
; switches[2]     ; display_1[1] ; 5.943 ; 6.030 ; 6.633 ; 6.720 ;
; switches[2]     ; display_1[2] ; 5.722 ; 5.778 ; 6.406 ; 6.457 ;
; switches[2]     ; display_1[3] ; 5.919 ; 5.993 ; 6.609 ; 6.679 ;
; switches[2]     ; display_1[4] ; 5.914 ; 5.925 ; 6.544 ; 6.612 ;
; switches[2]     ; display_1[5] ; 5.870 ; 5.939 ; 6.557 ; 6.621 ;
; switches[2]     ; display_1[6] ; 6.229 ; 6.121 ; 6.915 ; 6.811 ;
; switches[2]     ; leds[0]      ; 5.260 ; 5.346 ; 5.890 ; 5.991 ;
; switches[2]     ; leds[1]      ; 6.153 ; 6.301 ; 6.806 ; 6.954 ;
; switches[2]     ; leds[2]      ; 6.622 ; 6.951 ; 7.256 ; 7.604 ;
; switches[2]     ; leds[3]      ; 6.047 ; 6.256 ; 6.737 ; 6.931 ;
; switches[3]     ; display_0[0] ; 5.850 ; 5.907 ; 6.523 ; 6.580 ;
; switches[3]     ; display_0[1] ; 5.860 ; 5.941 ; 6.533 ; 6.614 ;
; switches[3]     ; display_0[2] ; 5.853 ; 5.899 ; 6.526 ; 6.572 ;
; switches[3]     ; display_0[3] ; 5.863 ; 5.918 ; 6.536 ; 6.591 ;
; switches[3]     ; display_0[4] ; 6.013 ; 5.852 ; 6.667 ; 6.525 ;
; switches[3]     ; display_0[5] ; 5.839 ; 5.854 ; 6.512 ; 6.527 ;
; switches[3]     ; display_0[6] ; 5.988 ; 5.896 ; 6.661 ; 6.569 ;
; switches[3]     ; display_1[0] ; 5.725 ; 5.795 ; 6.429 ; 6.494 ;
; switches[3]     ; display_1[1] ; 5.848 ; 5.935 ; 6.553 ; 6.640 ;
; switches[3]     ; display_1[2] ; 5.627 ; 5.683 ; 6.326 ; 6.377 ;
; switches[3]     ; display_1[3] ; 5.824 ; 5.898 ; 6.529 ; 6.599 ;
; switches[3]     ; display_1[4] ; 5.819 ; 5.830 ; 6.464 ; 6.532 ;
; switches[3]     ; display_1[5] ; 5.775 ; 5.844 ; 6.477 ; 6.541 ;
; switches[3]     ; display_1[6] ; 6.134 ; 6.026 ; 6.835 ; 6.731 ;
; switches[3]     ; leds[0]      ; 5.165 ; 5.251 ; 5.810 ; 5.911 ;
; switches[3]     ; leds[1]      ; 6.057 ; 6.205 ; 6.672 ; 6.820 ;
; switches[3]     ; leds[2]      ; 6.819 ; 7.143 ; 7.449 ; 7.789 ;
; switches[3]     ; leds[3]      ; 5.952 ; 6.161 ; 6.657 ; 6.851 ;
; switches[4]     ; display_1[0] ; 5.733 ; 5.803 ; 6.412 ; 6.500 ;
; switches[4]     ; display_1[1] ; 5.856 ; 5.943 ; 6.536 ; 6.629 ;
; switches[4]     ; display_1[2] ; 5.635 ; 5.691 ; 6.332 ; 6.373 ;
; switches[4]     ; display_1[3] ; 5.832 ; 5.906 ; 6.515 ; 6.605 ;
; switches[4]     ; display_1[4] ; 5.777 ; 5.838 ; 6.456 ; 6.538 ;
; switches[4]     ; display_1[5] ; 5.783 ; 5.852 ; 6.470 ; 6.547 ;
; switches[4]     ; display_1[6] ; 6.142 ; 6.034 ; 6.841 ; 6.725 ;
; switches[4]     ; leds[0]      ; 5.173 ; 5.259 ; 5.816 ; 5.917 ;
; switches[4]     ; leds[1]      ; 6.046 ; 6.194 ; 6.688 ; 6.836 ;
; switches[4]     ; leds[2]      ; 6.834 ; 7.164 ; 7.531 ; 7.867 ;
; switches[4]     ; leds[3]      ; 5.960 ; 6.169 ; 6.663 ; 6.857 ;
; switches[5]     ; display_1[0] ; 5.525 ; 5.595 ; 6.186 ; 6.265 ;
; switches[5]     ; display_1[1] ; 5.648 ; 5.735 ; 6.312 ; 6.411 ;
; switches[5]     ; display_1[2] ; 5.427 ; 5.483 ; 6.088 ; 6.148 ;
; switches[5]     ; display_1[3] ; 5.624 ; 5.698 ; 6.289 ; 6.370 ;
; switches[5]     ; display_1[4] ; 5.619 ; 5.630 ; 6.235 ; 6.303 ;
; switches[5]     ; display_1[5] ; 5.575 ; 5.644 ; 6.248 ; 6.312 ;
; switches[5]     ; display_1[6] ; 5.934 ; 5.826 ; 6.606 ; 6.496 ;
; switches[5]     ; leds[0]      ; 4.965 ; 5.051 ; 5.581 ; 5.682 ;
; switches[5]     ; leds[1]      ; 5.884 ; 6.032 ; 6.500 ; 6.648 ;
; switches[5]     ; leds[2]      ; 6.947 ; 7.291 ; 7.643 ; 8.003 ;
; switches[5]     ; leds[3]      ; 5.752 ; 5.961 ; 6.428 ; 6.622 ;
; switches[6]     ; display_1[0] ; 5.590 ; 5.655 ; 6.248 ; 6.313 ;
; switches[6]     ; display_1[1] ; 5.716 ; 5.886 ; 6.374 ; 6.564 ;
; switches[6]     ; display_1[2] ; 5.487 ; 5.538 ; 6.145 ; 6.196 ;
; switches[6]     ; display_1[3] ; 5.691 ; 5.760 ; 6.349 ; 6.418 ;
; switches[6]     ; display_1[4] ; 5.625 ; 5.693 ; 6.283 ; 6.351 ;
; switches[6]     ; display_1[5] ; 5.638 ; 5.702 ; 6.296 ; 6.360 ;
; switches[6]     ; display_1[6] ; 5.996 ; 5.893 ; 6.654 ; 6.551 ;
; switches[6]     ; leds[0]      ; 5.116 ; 5.202 ; 5.738 ; 5.839 ;
; switches[6]     ; leds[1]      ; 6.126 ; 6.274 ; 6.803 ; 6.951 ;
; switches[6]     ; leds[2]      ; 6.803 ; 7.139 ; 7.479 ; 7.833 ;
; switches[6]     ; leds[3]      ; 5.903 ; 6.112 ; 6.585 ; 6.779 ;
; switches[7]     ; display_1[0] ; 5.545 ; 5.615 ; 6.215 ; 6.285 ;
; switches[7]     ; display_1[1] ; 5.668 ; 5.755 ; 6.338 ; 6.425 ;
; switches[7]     ; display_1[2] ; 5.447 ; 5.503 ; 6.117 ; 6.173 ;
; switches[7]     ; display_1[3] ; 5.644 ; 5.718 ; 6.314 ; 6.388 ;
; switches[7]     ; display_1[4] ; 5.697 ; 5.650 ; 6.349 ; 6.320 ;
; switches[7]     ; display_1[5] ; 5.595 ; 5.664 ; 6.265 ; 6.334 ;
; switches[7]     ; display_1[6] ; 5.954 ; 5.846 ; 6.624 ; 6.516 ;
; switches[7]     ; leds[0]      ; 5.081 ; 5.167 ; 5.725 ; 5.826 ;
; switches[7]     ; leds[1]      ; 5.681 ; 5.819 ; 6.346 ; 6.481 ;
; switches[7]     ; leds[2]      ; 6.647 ; 6.974 ; 7.292 ; 7.637 ;
; switches[7]     ; leds[3]      ; 5.772 ; 5.975 ; 6.442 ; 6.627 ;
; switches[8]     ; display_0[0] ; 5.447 ; 5.481 ; 6.080 ; 6.114 ;
; switches[8]     ; display_0[1] ; 5.465 ; 5.499 ; 6.098 ; 6.132 ;
; switches[8]     ; display_0[2] ; 5.592 ; 5.487 ; 6.240 ; 6.120 ;
; switches[8]     ; display_0[3] ; 5.466 ; 5.497 ; 6.099 ; 6.130 ;
; switches[8]     ; display_0[4] ; 5.425 ; 5.607 ; 6.058 ; 6.255 ;
; switches[8]     ; display_0[5] ; 5.427 ; 5.612 ; 6.060 ; 6.260 ;
; switches[8]     ; display_0[6] ; 5.542 ; 5.500 ; 6.175 ; 6.133 ;
; switches[8]     ; display_1[0] ; 5.719 ; 5.789 ; 6.362 ; 6.432 ;
; switches[8]     ; display_1[1] ; 5.842 ; 5.929 ; 6.485 ; 6.572 ;
; switches[8]     ; display_1[2] ; 5.621 ; 5.677 ; 6.264 ; 6.320 ;
; switches[8]     ; display_1[3] ; 5.818 ; 5.892 ; 6.461 ; 6.535 ;
; switches[8]     ; display_1[4] ; 5.818 ; 5.824 ; 6.461 ; 6.467 ;
; switches[8]     ; display_1[5] ; 5.769 ; 5.838 ; 6.412 ; 6.481 ;
; switches[8]     ; display_1[6] ; 6.128 ; 6.020 ; 6.771 ; 6.663 ;
; switches[8]     ; leds[0]      ; 4.888 ; 4.983 ; 5.551 ; 5.629 ;
; switches[8]     ; leds[1]      ; 4.775 ; 4.846 ; 5.418 ; 5.508 ;
; switches[8]     ; leds[2]      ; 7.538 ; 6.961 ; 7.299 ; 8.673 ;
; switches[8]     ; leds[3]      ; 5.946 ; 6.149 ; 6.589 ; 6.792 ;
; switches[9]     ; display_0[0] ;       ; 4.304 ; 4.929 ;       ;
; switches[9]     ; display_0[1] ;       ; 4.320 ; 4.943 ;       ;
; switches[9]     ; display_0[2] ;       ; 4.302 ; 4.927 ;       ;
; switches[9]     ; display_0[3] ;       ; 4.311 ; 4.937 ;       ;
; switches[9]     ; display_0[4] ;       ; 4.265 ; 4.895 ;       ;
; switches[9]     ; display_0[5] ;       ; 4.264 ; 4.895 ;       ;
; switches[9]     ; display_0[6] ; 4.249 ;       ;       ; 4.881 ;
; switches[9]     ; display_1[0] ;       ; 4.473 ; 5.057 ;       ;
; switches[9]     ; display_1[1] ;       ; 4.488 ; 5.072 ;       ;
; switches[9]     ; display_1[2] ;       ; 4.361 ; 4.958 ;       ;
; switches[9]     ; display_1[3] ;       ; 4.463 ; 5.057 ;       ;
; switches[9]     ; display_1[4] ;       ; 4.503 ; 5.083 ;       ;
; switches[9]     ; display_1[5] ;       ; 4.520 ; 5.104 ;       ;
; switches[9]     ; display_1[6] ; 4.685 ;       ;       ; 5.248 ;
; switches[9]     ; leds[0]      ;       ; 4.938 ; 5.512 ;       ;
; switches[9]     ; leds[1]      ;       ; 5.024 ; 5.599 ;       ;
; switches[9]     ; leds[2]      ;       ; 7.110 ; 7.484 ;       ;
; switches[9]     ; leds[3]      ;       ; 4.887 ; 5.434 ;       ;
+-----------------+--------------+-------+-------+-------+-------+


+------------------------------------------------------------------------------------------------------------------------------------------------------------------------------------------------------------------------------------------------------------------------------------------------------------------------------------------------------------------------------------------------------------------+
; Board Trace Model Assignments                                                                                                                                                                                                                                                                                                                                                                                    ;
+---------------+--------------+-------------------+-------------------------+-------------------------+---------------+---------------------+----------------+------------------+--------+------------------+------------------------+------------------------+--------------+---------------+-----------------+-------+---------------------+--------------------+---------------+-----------------+-------------+
; Pin           ; I/O Standard ; Near Tline Length ; Near Tline L per Length ; Near Tline C per Length ; Near Series R ; Near Differential R ; Near Pull-up R ; Near Pull-down R ; Near C ; Far Tline Length ; Far Tline L per Length ; Far Tline C per Length ; Far Series R ; Far Pull-up R ; Far Pull-down R ; Far C ; Termination Voltage ; Far Differential R ; EBD File Name ; EBD Signal Name ; EBD Far-end ;
+---------------+--------------+-------------------+-------------------------+-------------------------+---------------+---------------------+----------------+------------------+--------+------------------+------------------------+------------------------+--------------+---------------+-----------------+-------+---------------------+--------------------+---------------+-----------------+-------------+
; display_0[0]  ; 2.5 V        ; 0 in              ; 0 H/in                  ; 0 F/in                  ; short         ; -                   ; open           ; open             ; open   ; 0 in             ; 0 H/in                 ; 0 F/in                 ; short        ; open          ; open            ; open  ; 0 V                 ; -                  ; n/a           ; n/a             ; n/a         ;
; display_0[1]  ; 2.5 V        ; 0 in              ; 0 H/in                  ; 0 F/in                  ; short         ; -                   ; open           ; open             ; open   ; 0 in             ; 0 H/in                 ; 0 F/in                 ; short        ; open          ; open            ; open  ; 0 V                 ; -                  ; n/a           ; n/a             ; n/a         ;
; display_0[2]  ; 2.5 V        ; 0 in              ; 0 H/in                  ; 0 F/in                  ; short         ; -                   ; open           ; open             ; open   ; 0 in             ; 0 H/in                 ; 0 F/in                 ; short        ; open          ; open            ; open  ; 0 V                 ; -                  ; n/a           ; n/a             ; n/a         ;
; display_0[3]  ; 2.5 V        ; 0 in              ; 0 H/in                  ; 0 F/in                  ; short         ; -                   ; open           ; open             ; open   ; 0 in             ; 0 H/in                 ; 0 F/in                 ; short        ; open          ; open            ; open  ; 0 V                 ; -                  ; n/a           ; n/a             ; n/a         ;
; display_0[4]  ; 2.5 V        ; 0 in              ; 0 H/in                  ; 0 F/in                  ; short         ; -                   ; open           ; open             ; open   ; 0 in             ; 0 H/in                 ; 0 F/in                 ; short        ; open          ; open            ; open  ; 0 V                 ; -                  ; n/a           ; n/a             ; n/a         ;
; display_0[5]  ; 2.5 V        ; 0 in              ; 0 H/in                  ; 0 F/in                  ; short         ; -                   ; open           ; open             ; open   ; 0 in             ; 0 H/in                 ; 0 F/in                 ; short        ; open          ; open            ; open  ; 0 V                 ; -                  ; n/a           ; n/a             ; n/a         ;
; display_0[6]  ; 2.5 V        ; 0 in              ; 0 H/in                  ; 0 F/in                  ; short         ; -                   ; open           ; open             ; open   ; 0 in             ; 0 H/in                 ; 0 F/in                 ; short        ; open          ; open            ; open  ; 0 V                 ; -                  ; n/a           ; n/a             ; n/a         ;
; display_1[0]  ; 2.5 V        ; 0 in              ; 0 H/in                  ; 0 F/in                  ; short         ; -                   ; open           ; open             ; open   ; 0 in             ; 0 H/in                 ; 0 F/in                 ; short        ; open          ; open            ; open  ; 0 V                 ; -                  ; n/a           ; n/a             ; n/a         ;
; display_1[1]  ; 2.5 V        ; 0 in              ; 0 H/in                  ; 0 F/in                  ; short         ; -                   ; open           ; open             ; open   ; 0 in             ; 0 H/in                 ; 0 F/in                 ; short        ; open          ; open            ; open  ; 0 V                 ; -                  ; n/a           ; n/a             ; n/a         ;
; display_1[2]  ; 2.5 V        ; 0 in              ; 0 H/in                  ; 0 F/in                  ; short         ; -                   ; open           ; open             ; open   ; 0 in             ; 0 H/in                 ; 0 F/in                 ; short        ; open          ; open            ; open  ; 0 V                 ; -                  ; n/a           ; n/a             ; n/a         ;
; display_1[3]  ; 2.5 V        ; 0 in              ; 0 H/in                  ; 0 F/in                  ; short         ; -                   ; open           ; open             ; open   ; 0 in             ; 0 H/in                 ; 0 F/in                 ; short        ; open          ; open            ; open  ; 0 V                 ; -                  ; n/a           ; n/a             ; n/a         ;
; display_1[4]  ; 2.5 V        ; 0 in              ; 0 H/in                  ; 0 F/in                  ; short         ; -                   ; open           ; open             ; open   ; 0 in             ; 0 H/in                 ; 0 F/in                 ; short        ; open          ; open            ; open  ; 0 V                 ; -                  ; n/a           ; n/a             ; n/a         ;
; display_1[5]  ; 2.5 V        ; 0 in              ; 0 H/in                  ; 0 F/in                  ; short         ; -                   ; open           ; open             ; open   ; 0 in             ; 0 H/in                 ; 0 F/in                 ; short        ; open          ; open            ; open  ; 0 V                 ; -                  ; n/a           ; n/a             ; n/a         ;
; display_1[6]  ; 2.5 V        ; 0 in              ; 0 H/in                  ; 0 F/in                  ; short         ; -                   ; open           ; open             ; open   ; 0 in             ; 0 H/in                 ; 0 F/in                 ; short        ; open          ; open            ; open  ; 0 V                 ; -                  ; n/a           ; n/a             ; n/a         ;
; display_2[0]  ; 2.5 V        ; 0 in              ; 0 H/in                  ; 0 F/in                  ; short         ; -                   ; open           ; open             ; open   ; 0 in             ; 0 H/in                 ; 0 F/in                 ; short        ; open          ; open            ; open  ; 0 V                 ; -                  ; n/a           ; n/a             ; n/a         ;
; display_2[1]  ; 2.5 V        ; 0 in              ; 0 H/in                  ; 0 F/in                  ; short         ; -                   ; open           ; open             ; open   ; 0 in             ; 0 H/in                 ; 0 F/in                 ; short        ; open          ; open            ; open  ; 0 V                 ; -                  ; n/a           ; n/a             ; n/a         ;
; display_2[2]  ; 2.5 V        ; 0 in              ; 0 H/in                  ; 0 F/in                  ; short         ; -                   ; open           ; open             ; open   ; 0 in             ; 0 H/in                 ; 0 F/in                 ; short        ; open          ; open            ; open  ; 0 V                 ; -                  ; n/a           ; n/a             ; n/a         ;
; display_2[3]  ; 2.5 V        ; 0 in              ; 0 H/in                  ; 0 F/in                  ; short         ; -                   ; open           ; open             ; open   ; 0 in             ; 0 H/in                 ; 0 F/in                 ; short        ; open          ; open            ; open  ; 0 V                 ; -                  ; n/a           ; n/a             ; n/a         ;
; display_2[4]  ; 2.5 V        ; 0 in              ; 0 H/in                  ; 0 F/in                  ; short         ; -                   ; open           ; open             ; open   ; 0 in             ; 0 H/in                 ; 0 F/in                 ; short        ; open          ; open            ; open  ; 0 V                 ; -                  ; n/a           ; n/a             ; n/a         ;
; display_2[5]  ; 2.5 V        ; 0 in              ; 0 H/in                  ; 0 F/in                  ; short         ; -                   ; open           ; open             ; open   ; 0 in             ; 0 H/in                 ; 0 F/in                 ; short        ; open          ; open            ; open  ; 0 V                 ; -                  ; n/a           ; n/a             ; n/a         ;
; display_2[6]  ; 2.5 V        ; 0 in              ; 0 H/in                  ; 0 F/in                  ; short         ; -                   ; open           ; open             ; open   ; 0 in             ; 0 H/in                 ; 0 F/in                 ; short        ; open          ; open            ; open  ; 0 V                 ; -                  ; n/a           ; n/a             ; n/a         ;
; display_3[0]  ; 2.5 V        ; 0 in              ; 0 H/in                  ; 0 F/in                  ; short         ; -                   ; open           ; open             ; open   ; 0 in             ; 0 H/in                 ; 0 F/in                 ; short        ; open          ; open            ; open  ; 0 V                 ; -                  ; n/a           ; n/a             ; n/a         ;
; display_3[1]  ; 2.5 V        ; 0 in              ; 0 H/in                  ; 0 F/in                  ; short         ; -                   ; open           ; open             ; open   ; 0 in             ; 0 H/in                 ; 0 F/in                 ; short        ; open          ; open            ; open  ; 0 V                 ; -                  ; n/a           ; n/a             ; n/a         ;
; display_3[2]  ; 2.5 V        ; 0 in              ; 0 H/in                  ; 0 F/in                  ; short         ; -                   ; open           ; open             ; open   ; 0 in             ; 0 H/in                 ; 0 F/in                 ; short        ; open          ; open            ; open  ; 0 V                 ; -                  ; n/a           ; n/a             ; n/a         ;
; display_3[3]  ; 2.5 V        ; 0 in              ; 0 H/in                  ; 0 F/in                  ; short         ; -                   ; open           ; open             ; open   ; 0 in             ; 0 H/in                 ; 0 F/in                 ; short        ; open          ; open            ; open  ; 0 V                 ; -                  ; n/a           ; n/a             ; n/a         ;
; display_3[4]  ; 2.5 V        ; 0 in              ; 0 H/in                  ; 0 F/in                  ; short         ; -                   ; open           ; open             ; open   ; 0 in             ; 0 H/in                 ; 0 F/in                 ; short        ; open          ; open            ; open  ; 0 V                 ; -                  ; n/a           ; n/a             ; n/a         ;
; display_3[5]  ; 2.5 V        ; 0 in              ; 0 H/in                  ; 0 F/in                  ; short         ; -                   ; open           ; open             ; open   ; 0 in             ; 0 H/in                 ; 0 F/in                 ; short        ; open          ; open            ; open  ; 0 V                 ; -                  ; n/a           ; n/a             ; n/a         ;
; display_3[6]  ; 2.5 V        ; 0 in              ; 0 H/in                  ; 0 F/in                  ; short         ; -                   ; open           ; open             ; open   ; 0 in             ; 0 H/in                 ; 0 F/in                 ; short        ; open          ; open            ; open  ; 0 V                 ; -                  ; n/a           ; n/a             ; n/a         ;
; leds[0]       ; 2.5 V        ; 0 in              ; 0 H/in                  ; 0 F/in                  ; short         ; -                   ; open           ; open             ; open   ; 0 in             ; 0 H/in                 ; 0 F/in                 ; short        ; open          ; open            ; open  ; 0 V                 ; -                  ; n/a           ; n/a             ; n/a         ;
; leds[1]       ; 2.5 V        ; 0 in              ; 0 H/in                  ; 0 F/in                  ; short         ; -                   ; open           ; open             ; open   ; 0 in             ; 0 H/in                 ; 0 F/in                 ; short        ; open          ; open            ; open  ; 0 V                 ; -                  ; n/a           ; n/a             ; n/a         ;
; leds[2]       ; 2.5 V        ; 0 in              ; 0 H/in                  ; 0 F/in                  ; short         ; -                   ; open           ; open             ; open   ; 0 in             ; 0 H/in                 ; 0 F/in                 ; short        ; open          ; open            ; open  ; 0 V                 ; -                  ; n/a           ; n/a             ; n/a         ;
; leds[3]       ; 2.5 V        ; 0 in              ; 0 H/in                  ; 0 F/in                  ; short         ; -                   ; open           ; open             ; open   ; 0 in             ; 0 H/in                 ; 0 F/in                 ; short        ; open          ; open            ; open  ; 0 V                 ; -                  ; n/a           ; n/a             ; n/a         ;
; ~ALTERA_DCLK~ ; 2.5 V        ; 0 in              ; 0 H/in                  ; 0 F/in                  ; short         ; -                   ; open           ; open             ; open   ; 0 in             ; 0 H/in                 ; 0 F/in                 ; short        ; open          ; open            ; open  ; 0 V                 ; -                  ; n/a           ; n/a             ; n/a         ;
; ~ALTERA_nCEO~ ; 2.5 V        ; 0 in              ; 0 H/in                  ; 0 F/in                  ; short         ; -                   ; open           ; open             ; open   ; 0 in             ; 0 H/in                 ; 0 F/in                 ; short        ; open          ; open            ; open  ; 0 V                 ; -                  ; n/a           ; n/a             ; n/a         ;
+---------------+--------------+-------------------+-------------------------+-------------------------+---------------+---------------------+----------------+------------------+--------+------------------+------------------------+------------------------+--------------+---------------+-----------------+-------+---------------------+--------------------+---------------+-----------------+-------------+


+----------------------------------------------------------------------------+
; Input Transition Times                                                     ;
+-------------------------+--------------+-----------------+-----------------+
; Pin                     ; I/O Standard ; 10-90 Rise Time ; 90-10 Fall Time ;
+-------------------------+--------------+-----------------+-----------------+
; switches[8]             ; 2.5 V        ; 2000 ps         ; 2000 ps         ;
; dip_switches[0]         ; 2.5 V        ; 2000 ps         ; 2000 ps         ;
; switches[0]             ; 2.5 V        ; 2000 ps         ; 2000 ps         ;
; switches[9]             ; 2.5 V        ; 2000 ps         ; 2000 ps         ;
; dip_switches[1]         ; 2.5 V        ; 2000 ps         ; 2000 ps         ;
; switches[1]             ; 2.5 V        ; 2000 ps         ; 2000 ps         ;
; dip_switches[2]         ; 2.5 V        ; 2000 ps         ; 2000 ps         ;
; switches[2]             ; 2.5 V        ; 2000 ps         ; 2000 ps         ;
; dip_switches[3]         ; 2.5 V        ; 2000 ps         ; 2000 ps         ;
; switches[3]             ; 2.5 V        ; 2000 ps         ; 2000 ps         ;
; dip_switches[4]         ; 2.5 V        ; 2000 ps         ; 2000 ps         ;
; switches[4]             ; 2.5 V        ; 2000 ps         ; 2000 ps         ;
; dip_switches[5]         ; 2.5 V        ; 2000 ps         ; 2000 ps         ;
; switches[5]             ; 2.5 V        ; 2000 ps         ; 2000 ps         ;
; dip_switches[6]         ; 2.5 V        ; 2000 ps         ; 2000 ps         ;
; switches[6]             ; 2.5 V        ; 2000 ps         ; 2000 ps         ;
; dip_switches[7]         ; 2.5 V        ; 2000 ps         ; 2000 ps         ;
; switches[7]             ; 2.5 V        ; 2000 ps         ; 2000 ps         ;
; ~ALTERA_ASDO_DATA1~     ; 2.5 V        ; 2000 ps         ; 2000 ps         ;
; ~ALTERA_FLASH_nCE_nCSO~ ; 2.5 V        ; 2000 ps         ; 2000 ps         ;
; ~ALTERA_DATA0~          ; 2.5 V        ; 2000 ps         ; 2000 ps         ;
+-------------------------+--------------+-----------------+-----------------+


+--------------------------------------------------------------------------------------------------------------------------------------------------------------------------------------------------------------------------------------------------------------------------------------------------------------------------------------------------------------------------------------------------------------------------------------------------------------------------------------------------------------------------------------------------------------------------------------------------------------------------------------------------------------------------------------------+
; Slow Corner Signal Integrity Metrics                                                                                                                                                                                                                                                                                                                                                                                                                                                                                                                                                                                                                                                       ;
+---------------+--------------+---------------------+---------------------+------------------------------+------------------------------+---------------------+---------------------+--------------------------------------+--------------------------------------+-----------------------------+-----------------------------+----------------------------+----------------------------+-----------------------------+-----------------------------+--------------------+--------------------+-------------------------------------+-------------------------------------+----------------------------+----------------------------+---------------------------+---------------------------+
; Pin           ; I/O Standard ; Board Delay on Rise ; Board Delay on Fall ; Steady State Voh at FPGA Pin ; Steady State Vol at FPGA Pin ; Voh Max at FPGA Pin ; Vol Min at FPGA Pin ; Ringback Voltage on Rise at FPGA Pin ; Ringback Voltage on Fall at FPGA Pin ; 10-90 Rise Time at FPGA Pin ; 90-10 Fall Time at FPGA Pin ; Monotonic Rise at FPGA Pin ; Monotonic Fall at FPGA Pin ; Steady State Voh at Far-end ; Steady State Vol at Far-end ; Voh Max at Far-end ; Vol Min at Far-end ; Ringback Voltage on Rise at Far-end ; Ringback Voltage on Fall at Far-end ; 10-90 Rise Time at Far-end ; 90-10 Fall Time at Far-end ; Monotonic Rise at Far-end ; Monotonic Fall at Far-end ;
+---------------+--------------+---------------------+---------------------+------------------------------+------------------------------+---------------------+---------------------+--------------------------------------+--------------------------------------+-----------------------------+-----------------------------+----------------------------+----------------------------+-----------------------------+-----------------------------+--------------------+--------------------+-------------------------------------+-------------------------------------+----------------------------+----------------------------+---------------------------+---------------------------+
; display_0[0]  ; 2.5 V        ; 0 s                 ; 0 s                 ; 2.32 V                       ; 1.08e-06 V                   ; 2.36 V              ; -0.0113 V           ; 0.122 V                              ; 0.022 V                              ; 4.5e-10 s                   ; 4.45e-10 s                  ; Yes                        ; Yes                        ; 2.32 V                      ; 1.08e-06 V                  ; 2.36 V             ; -0.0113 V          ; 0.122 V                             ; 0.022 V                             ; 4.5e-10 s                  ; 4.45e-10 s                 ; Yes                       ; Yes                       ;
; display_0[1]  ; 2.5 V        ; 0 s                 ; 0 s                 ; 2.32 V                       ; 1.08e-06 V                   ; 2.36 V              ; -0.0113 V           ; 0.122 V                              ; 0.022 V                              ; 4.5e-10 s                   ; 4.45e-10 s                  ; Yes                        ; Yes                        ; 2.32 V                      ; 1.08e-06 V                  ; 2.36 V             ; -0.0113 V          ; 0.122 V                             ; 0.022 V                             ; 4.5e-10 s                  ; 4.45e-10 s                 ; Yes                       ; Yes                       ;
; display_0[2]  ; 2.5 V        ; 0 s                 ; 0 s                 ; 2.32 V                       ; 1.08e-06 V                   ; 2.36 V              ; -0.0113 V           ; 0.122 V                              ; 0.022 V                              ; 4.5e-10 s                   ; 4.45e-10 s                  ; Yes                        ; Yes                        ; 2.32 V                      ; 1.08e-06 V                  ; 2.36 V             ; -0.0113 V          ; 0.122 V                             ; 0.022 V                             ; 4.5e-10 s                  ; 4.45e-10 s                 ; Yes                       ; Yes                       ;
; display_0[3]  ; 2.5 V        ; 0 s                 ; 0 s                 ; 2.32 V                       ; 1.08e-06 V                   ; 2.36 V              ; -0.0113 V           ; 0.122 V                              ; 0.022 V                              ; 4.5e-10 s                   ; 4.45e-10 s                  ; Yes                        ; Yes                        ; 2.32 V                      ; 1.08e-06 V                  ; 2.36 V             ; -0.0113 V          ; 0.122 V                             ; 0.022 V                             ; 4.5e-10 s                  ; 4.45e-10 s                 ; Yes                       ; Yes                       ;
; display_0[4]  ; 2.5 V        ; 0 s                 ; 0 s                 ; 2.32 V                       ; 1.08e-06 V                   ; 2.36 V              ; -0.0113 V           ; 0.122 V                              ; 0.022 V                              ; 4.5e-10 s                   ; 4.45e-10 s                  ; Yes                        ; Yes                        ; 2.32 V                      ; 1.08e-06 V                  ; 2.36 V             ; -0.0113 V          ; 0.122 V                             ; 0.022 V                             ; 4.5e-10 s                  ; 4.45e-10 s                 ; Yes                       ; Yes                       ;
; display_0[5]  ; 2.5 V        ; 0 s                 ; 0 s                 ; 2.32 V                       ; 1.08e-06 V                   ; 2.36 V              ; -0.0113 V           ; 0.122 V                              ; 0.022 V                              ; 4.5e-10 s                   ; 4.45e-10 s                  ; Yes                        ; Yes                        ; 2.32 V                      ; 1.08e-06 V                  ; 2.36 V             ; -0.0113 V          ; 0.122 V                             ; 0.022 V                             ; 4.5e-10 s                  ; 4.45e-10 s                 ; Yes                       ; Yes                       ;
; display_0[6]  ; 2.5 V        ; 0 s                 ; 0 s                 ; 2.32 V                       ; 1.08e-06 V                   ; 2.36 V              ; -0.0113 V           ; 0.122 V                              ; 0.022 V                              ; 4.5e-10 s                   ; 4.45e-10 s                  ; Yes                        ; Yes                        ; 2.32 V                      ; 1.08e-06 V                  ; 2.36 V             ; -0.0113 V          ; 0.122 V                             ; 0.022 V                             ; 4.5e-10 s                  ; 4.45e-10 s                 ; Yes                       ; Yes                       ;
; display_1[0]  ; 2.5 V        ; 0 s                 ; 0 s                 ; 2.32 V                       ; 1.08e-06 V                   ; 2.36 V              ; -0.0113 V           ; 0.122 V                              ; 0.022 V                              ; 4.5e-10 s                   ; 4.45e-10 s                  ; Yes                        ; Yes                        ; 2.32 V                      ; 1.08e-06 V                  ; 2.36 V             ; -0.0113 V          ; 0.122 V                             ; 0.022 V                             ; 4.5e-10 s                  ; 4.45e-10 s                 ; Yes                       ; Yes                       ;
; display_1[1]  ; 2.5 V        ; 0 s                 ; 0 s                 ; 2.32 V                       ; 1.08e-06 V                   ; 2.36 V              ; -0.0113 V           ; 0.122 V                              ; 0.022 V                              ; 4.5e-10 s                   ; 4.45e-10 s                  ; Yes                        ; Yes                        ; 2.32 V                      ; 1.08e-06 V                  ; 2.36 V             ; -0.0113 V          ; 0.122 V                             ; 0.022 V                             ; 4.5e-10 s                  ; 4.45e-10 s                 ; Yes                       ; Yes                       ;
; display_1[2]  ; 2.5 V        ; 0 s                 ; 0 s                 ; 2.32 V                       ; 1.08e-06 V                   ; 2.36 V              ; -0.0113 V           ; 0.122 V                              ; 0.022 V                              ; 4.5e-10 s                   ; 4.45e-10 s                  ; Yes                        ; Yes                        ; 2.32 V                      ; 1.08e-06 V                  ; 2.36 V             ; -0.0113 V          ; 0.122 V                             ; 0.022 V                             ; 4.5e-10 s                  ; 4.45e-10 s                 ; Yes                       ; Yes                       ;
; display_1[3]  ; 2.5 V        ; 0 s                 ; 0 s                 ; 2.32 V                       ; 1.08e-06 V                   ; 2.36 V              ; -0.0113 V           ; 0.122 V                              ; 0.022 V                              ; 4.5e-10 s                   ; 4.45e-10 s                  ; Yes                        ; Yes                        ; 2.32 V                      ; 1.08e-06 V                  ; 2.36 V             ; -0.0113 V          ; 0.122 V                             ; 0.022 V                             ; 4.5e-10 s                  ; 4.45e-10 s                 ; Yes                       ; Yes                       ;
; display_1[4]  ; 2.5 V        ; 0 s                 ; 0 s                 ; 2.32 V                       ; 1.08e-06 V                   ; 2.36 V              ; -0.0113 V           ; 0.122 V                              ; 0.022 V                              ; 4.5e-10 s                   ; 4.45e-10 s                  ; Yes                        ; Yes                        ; 2.32 V                      ; 1.08e-06 V                  ; 2.36 V             ; -0.0113 V          ; 0.122 V                             ; 0.022 V                             ; 4.5e-10 s                  ; 4.45e-10 s                 ; Yes                       ; Yes                       ;
; display_1[5]  ; 2.5 V        ; 0 s                 ; 0 s                 ; 2.32 V                       ; 1.08e-06 V                   ; 2.36 V              ; -0.0113 V           ; 0.122 V                              ; 0.022 V                              ; 4.5e-10 s                   ; 4.45e-10 s                  ; Yes                        ; Yes                        ; 2.32 V                      ; 1.08e-06 V                  ; 2.36 V             ; -0.0113 V          ; 0.122 V                             ; 0.022 V                             ; 4.5e-10 s                  ; 4.45e-10 s                 ; Yes                       ; Yes                       ;
; display_1[6]  ; 2.5 V        ; 0 s                 ; 0 s                 ; 2.32 V                       ; 1.08e-06 V                   ; 2.36 V              ; -0.0113 V           ; 0.122 V                              ; 0.022 V                              ; 4.5e-10 s                   ; 4.45e-10 s                  ; Yes                        ; Yes                        ; 2.32 V                      ; 1.08e-06 V                  ; 2.36 V             ; -0.0113 V          ; 0.122 V                             ; 0.022 V                             ; 4.5e-10 s                  ; 4.45e-10 s                 ; Yes                       ; Yes                       ;
; display_2[0]  ; 2.5 V        ; 0 s                 ; 0 s                 ; 2.32 V                       ; 1.08e-06 V                   ; 2.36 V              ; -0.0113 V           ; 0.122 V                              ; 0.022 V                              ; 4.5e-10 s                   ; 4.45e-10 s                  ; Yes                        ; Yes                        ; 2.32 V                      ; 1.08e-06 V                  ; 2.36 V             ; -0.0113 V          ; 0.122 V                             ; 0.022 V                             ; 4.5e-10 s                  ; 4.45e-10 s                 ; Yes                       ; Yes                       ;
; display_2[1]  ; 2.5 V        ; 0 s                 ; 0 s                 ; 2.32 V                       ; 1.08e-06 V                   ; 2.36 V              ; -0.0113 V           ; 0.122 V                              ; 0.022 V                              ; 4.5e-10 s                   ; 4.45e-10 s                  ; Yes                        ; Yes                        ; 2.32 V                      ; 1.08e-06 V                  ; 2.36 V             ; -0.0113 V          ; 0.122 V                             ; 0.022 V                             ; 4.5e-10 s                  ; 4.45e-10 s                 ; Yes                       ; Yes                       ;
; display_2[2]  ; 2.5 V        ; 0 s                 ; 0 s                 ; 2.32 V                       ; 1.08e-06 V                   ; 2.36 V              ; -0.0113 V           ; 0.122 V                              ; 0.022 V                              ; 4.5e-10 s                   ; 4.45e-10 s                  ; Yes                        ; Yes                        ; 2.32 V                      ; 1.08e-06 V                  ; 2.36 V             ; -0.0113 V          ; 0.122 V                             ; 0.022 V                             ; 4.5e-10 s                  ; 4.45e-10 s                 ; Yes                       ; Yes                       ;
; display_2[3]  ; 2.5 V        ; 0 s                 ; 0 s                 ; 2.32 V                       ; 1.08e-06 V                   ; 2.36 V              ; -0.0113 V           ; 0.122 V                              ; 0.022 V                              ; 4.5e-10 s                   ; 4.45e-10 s                  ; Yes                        ; Yes                        ; 2.32 V                      ; 1.08e-06 V                  ; 2.36 V             ; -0.0113 V          ; 0.122 V                             ; 0.022 V                             ; 4.5e-10 s                  ; 4.45e-10 s                 ; Yes                       ; Yes                       ;
; display_2[4]  ; 2.5 V        ; 0 s                 ; 0 s                 ; 2.32 V                       ; 1.08e-06 V                   ; 2.36 V              ; -0.0113 V           ; 0.122 V                              ; 0.022 V                              ; 4.5e-10 s                   ; 4.45e-10 s                  ; Yes                        ; Yes                        ; 2.32 V                      ; 1.08e-06 V                  ; 2.36 V             ; -0.0113 V          ; 0.122 V                             ; 0.022 V                             ; 4.5e-10 s                  ; 4.45e-10 s                 ; Yes                       ; Yes                       ;
; display_2[5]  ; 2.5 V        ; 0 s                 ; 0 s                 ; 2.32 V                       ; 1.08e-06 V                   ; 2.36 V              ; -0.0113 V           ; 0.122 V                              ; 0.022 V                              ; 4.5e-10 s                   ; 4.45e-10 s                  ; Yes                        ; Yes                        ; 2.32 V                      ; 1.08e-06 V                  ; 2.36 V             ; -0.0113 V          ; 0.122 V                             ; 0.022 V                             ; 4.5e-10 s                  ; 4.45e-10 s                 ; Yes                       ; Yes                       ;
; display_2[6]  ; 2.5 V        ; 0 s                 ; 0 s                 ; 2.32 V                       ; 1.08e-06 V                   ; 2.36 V              ; -0.0113 V           ; 0.122 V                              ; 0.022 V                              ; 4.5e-10 s                   ; 4.45e-10 s                  ; Yes                        ; Yes                        ; 2.32 V                      ; 1.08e-06 V                  ; 2.36 V             ; -0.0113 V          ; 0.122 V                             ; 0.022 V                             ; 4.5e-10 s                  ; 4.45e-10 s                 ; Yes                       ; Yes                       ;
; display_3[0]  ; 2.5 V        ; 0 s                 ; 0 s                 ; 2.32 V                       ; 1.08e-06 V                   ; 2.36 V              ; -0.0113 V           ; 0.122 V                              ; 0.022 V                              ; 4.5e-10 s                   ; 4.45e-10 s                  ; Yes                        ; Yes                        ; 2.32 V                      ; 1.08e-06 V                  ; 2.36 V             ; -0.0113 V          ; 0.122 V                             ; 0.022 V                             ; 4.5e-10 s                  ; 4.45e-10 s                 ; Yes                       ; Yes                       ;
; display_3[1]  ; 2.5 V        ; 0 s                 ; 0 s                 ; 2.32 V                       ; 1.08e-06 V                   ; 2.36 V              ; -0.0113 V           ; 0.122 V                              ; 0.022 V                              ; 4.5e-10 s                   ; 4.45e-10 s                  ; Yes                        ; Yes                        ; 2.32 V                      ; 1.08e-06 V                  ; 2.36 V             ; -0.0113 V          ; 0.122 V                             ; 0.022 V                             ; 4.5e-10 s                  ; 4.45e-10 s                 ; Yes                       ; Yes                       ;
; display_3[2]  ; 2.5 V        ; 0 s                 ; 0 s                 ; 2.32 V                       ; 1.08e-06 V                   ; 2.36 V              ; -0.0113 V           ; 0.122 V                              ; 0.022 V                              ; 4.5e-10 s                   ; 4.45e-10 s                  ; Yes                        ; Yes                        ; 2.32 V                      ; 1.08e-06 V                  ; 2.36 V             ; -0.0113 V          ; 0.122 V                             ; 0.022 V                             ; 4.5e-10 s                  ; 4.45e-10 s                 ; Yes                       ; Yes                       ;
; display_3[3]  ; 2.5 V        ; 0 s                 ; 0 s                 ; 2.32 V                       ; 1.08e-06 V                   ; 2.36 V              ; -0.0113 V           ; 0.122 V                              ; 0.022 V                              ; 4.5e-10 s                   ; 4.45e-10 s                  ; Yes                        ; Yes                        ; 2.32 V                      ; 1.08e-06 V                  ; 2.36 V             ; -0.0113 V          ; 0.122 V                             ; 0.022 V                             ; 4.5e-10 s                  ; 4.45e-10 s                 ; Yes                       ; Yes                       ;
; display_3[4]  ; 2.5 V        ; 0 s                 ; 0 s                 ; 2.32 V                       ; 1.08e-06 V                   ; 2.36 V              ; -0.0113 V           ; 0.122 V                              ; 0.022 V                              ; 4.5e-10 s                   ; 4.45e-10 s                  ; Yes                        ; Yes                        ; 2.32 V                      ; 1.08e-06 V                  ; 2.36 V             ; -0.0113 V          ; 0.122 V                             ; 0.022 V                             ; 4.5e-10 s                  ; 4.45e-10 s                 ; Yes                       ; Yes                       ;
; display_3[5]  ; 2.5 V        ; 0 s                 ; 0 s                 ; 2.32 V                       ; 1.08e-06 V                   ; 2.36 V              ; -0.0113 V           ; 0.122 V                              ; 0.022 V                              ; 4.5e-10 s                   ; 4.45e-10 s                  ; Yes                        ; Yes                        ; 2.32 V                      ; 1.08e-06 V                  ; 2.36 V             ; -0.0113 V          ; 0.122 V                             ; 0.022 V                             ; 4.5e-10 s                  ; 4.45e-10 s                 ; Yes                       ; Yes                       ;
; display_3[6]  ; 2.5 V        ; 0 s                 ; 0 s                 ; 2.32 V                       ; 1.08e-06 V                   ; 2.36 V              ; -0.0113 V           ; 0.122 V                              ; 0.022 V                              ; 4.5e-10 s                   ; 4.45e-10 s                  ; Yes                        ; Yes                        ; 2.32 V                      ; 1.08e-06 V                  ; 2.36 V             ; -0.0113 V          ; 0.122 V                             ; 0.022 V                             ; 4.5e-10 s                  ; 4.45e-10 s                 ; Yes                       ; Yes                       ;
; leds[0]       ; 2.5 V        ; 0 s                 ; 0 s                 ; 2.32 V                       ; 7.25e-07 V                   ; 2.35 V              ; -0.0111 V           ; 0.113 V                              ; 0.035 V                              ; 7.76e-10 s                  ; 8.04e-10 s                  ; Yes                        ; Yes                        ; 2.32 V                      ; 7.25e-07 V                  ; 2.35 V             ; -0.0111 V          ; 0.113 V                             ; 0.035 V                             ; 7.76e-10 s                 ; 8.04e-10 s                 ; Yes                       ; Yes                       ;
; leds[1]       ; 2.5 V        ; 0 s                 ; 0 s                 ; 2.32 V                       ; 7.25e-07 V                   ; 2.35 V              ; -0.0111 V           ; 0.113 V                              ; 0.035 V                              ; 7.76e-10 s                  ; 8.04e-10 s                  ; Yes                        ; Yes                        ; 2.32 V                      ; 7.25e-07 V                  ; 2.35 V             ; -0.0111 V          ; 0.113 V                             ; 0.035 V                             ; 7.76e-10 s                 ; 8.04e-10 s                 ; Yes                       ; Yes                       ;
; leds[2]       ; 2.5 V        ; 0 s                 ; 0 s                 ; 2.32 V                       ; 7.25e-07 V                   ; 2.33 V              ; -0.00317 V          ; 0.162 V                              ; 0.063 V                              ; 3.54e-09 s                  ; 3.41e-09 s                  ; Yes                        ; Yes                        ; 2.32 V                      ; 7.25e-07 V                  ; 2.33 V             ; -0.00317 V         ; 0.162 V                             ; 0.063 V                             ; 3.54e-09 s                 ; 3.41e-09 s                 ; Yes                       ; Yes                       ;
; leds[3]       ; 2.5 V        ; 0 s                 ; 0 s                 ; 2.32 V                       ; 7.25e-07 V                   ; 2.35 V              ; -0.0111 V           ; 0.113 V                              ; 0.035 V                              ; 7.76e-10 s                  ; 8.04e-10 s                  ; Yes                        ; Yes                        ; 2.32 V                      ; 7.25e-07 V                  ; 2.35 V             ; -0.0111 V          ; 0.113 V                             ; 0.035 V                             ; 7.76e-10 s                 ; 8.04e-10 s                 ; Yes                       ; Yes                       ;
; ~ALTERA_DCLK~ ; 2.5 V        ; 0 s                 ; 0 s                 ; 2.32 V                       ; 5.68e-07 V                   ; 2.35 V              ; -0.0132 V           ; 0.2 V                                ; 0.027 V                              ; 5.26e-10 s                  ; 4.81e-10 s                  ; Yes                        ; Yes                        ; 2.32 V                      ; 5.68e-07 V                  ; 2.35 V             ; -0.0132 V          ; 0.2 V                               ; 0.027 V                             ; 5.26e-10 s                 ; 4.81e-10 s                 ; Yes                       ; Yes                       ;
; ~ALTERA_nCEO~ ; 2.5 V        ; 0 s                 ; 0 s                 ; 2.32 V                       ; 9.36e-07 V                   ; 2.35 V              ; -0.00444 V          ; 0.18 V                               ; 0.019 V                              ; 7.23e-10 s                  ; 9.82e-10 s                  ; Yes                        ; Yes                        ; 2.32 V                      ; 9.36e-07 V                  ; 2.35 V             ; -0.00444 V         ; 0.18 V                              ; 0.019 V                             ; 7.23e-10 s                 ; 9.82e-10 s                 ; Yes                       ; Yes                       ;
+---------------+--------------+---------------------+---------------------+------------------------------+------------------------------+---------------------+---------------------+--------------------------------------+--------------------------------------+-----------------------------+-----------------------------+----------------------------+----------------------------+-----------------------------+-----------------------------+--------------------+--------------------+-------------------------------------+-------------------------------------+----------------------------+----------------------------+---------------------------+---------------------------+


+--------------------------------------------------------------------------------------------------------------------------------------------------------------------------------------------------------------------------------------------------------------------------------------------------------------------------------------------------------------------------------------------------------------------------------------------------------------------------------------------------------------------------------------------------------------------------------------------------------------------------------------------------------------------------------------------+
; Fast Corner Signal Integrity Metrics                                                                                                                                                                                                                                                                                                                                                                                                                                                                                                                                                                                                                                                       ;
+---------------+--------------+---------------------+---------------------+------------------------------+------------------------------+---------------------+---------------------+--------------------------------------+--------------------------------------+-----------------------------+-----------------------------+----------------------------+----------------------------+-----------------------------+-----------------------------+--------------------+--------------------+-------------------------------------+-------------------------------------+----------------------------+----------------------------+---------------------------+---------------------------+
; Pin           ; I/O Standard ; Board Delay on Rise ; Board Delay on Fall ; Steady State Voh at FPGA Pin ; Steady State Vol at FPGA Pin ; Voh Max at FPGA Pin ; Vol Min at FPGA Pin ; Ringback Voltage on Rise at FPGA Pin ; Ringback Voltage on Fall at FPGA Pin ; 10-90 Rise Time at FPGA Pin ; 90-10 Fall Time at FPGA Pin ; Monotonic Rise at FPGA Pin ; Monotonic Fall at FPGA Pin ; Steady State Voh at Far-end ; Steady State Vol at Far-end ; Voh Max at Far-end ; Vol Min at Far-end ; Ringback Voltage on Rise at Far-end ; Ringback Voltage on Fall at Far-end ; 10-90 Rise Time at Far-end ; 90-10 Fall Time at Far-end ; Monotonic Rise at Far-end ; Monotonic Fall at Far-end ;
+---------------+--------------+---------------------+---------------------+------------------------------+------------------------------+---------------------+---------------------+--------------------------------------+--------------------------------------+-----------------------------+-----------------------------+----------------------------+----------------------------+-----------------------------+-----------------------------+--------------------+--------------------+-------------------------------------+-------------------------------------+----------------------------+----------------------------+---------------------------+---------------------------+
; display_0[0]  ; 2.5 V        ; 0 s                 ; 0 s                 ; 2.62 V                       ; 4.11e-08 V                   ; 2.73 V              ; -0.0566 V           ; 0.191 V                              ; 0.12 V                               ; 2.69e-10 s                  ; 2.76e-10 s                  ; Yes                        ; Yes                        ; 2.62 V                      ; 4.11e-08 V                  ; 2.73 V             ; -0.0566 V          ; 0.191 V                             ; 0.12 V                              ; 2.69e-10 s                 ; 2.76e-10 s                 ; Yes                       ; Yes                       ;
; display_0[1]  ; 2.5 V        ; 0 s                 ; 0 s                 ; 2.62 V                       ; 4.11e-08 V                   ; 2.73 V              ; -0.0566 V           ; 0.191 V                              ; 0.12 V                               ; 2.69e-10 s                  ; 2.76e-10 s                  ; Yes                        ; Yes                        ; 2.62 V                      ; 4.11e-08 V                  ; 2.73 V             ; -0.0566 V          ; 0.191 V                             ; 0.12 V                              ; 2.69e-10 s                 ; 2.76e-10 s                 ; Yes                       ; Yes                       ;
; display_0[2]  ; 2.5 V        ; 0 s                 ; 0 s                 ; 2.62 V                       ; 4.11e-08 V                   ; 2.73 V              ; -0.0566 V           ; 0.191 V                              ; 0.12 V                               ; 2.69e-10 s                  ; 2.76e-10 s                  ; Yes                        ; Yes                        ; 2.62 V                      ; 4.11e-08 V                  ; 2.73 V             ; -0.0566 V          ; 0.191 V                             ; 0.12 V                              ; 2.69e-10 s                 ; 2.76e-10 s                 ; Yes                       ; Yes                       ;
; display_0[3]  ; 2.5 V        ; 0 s                 ; 0 s                 ; 2.62 V                       ; 4.11e-08 V                   ; 2.73 V              ; -0.0566 V           ; 0.191 V                              ; 0.12 V                               ; 2.69e-10 s                  ; 2.76e-10 s                  ; Yes                        ; Yes                        ; 2.62 V                      ; 4.11e-08 V                  ; 2.73 V             ; -0.0566 V          ; 0.191 V                             ; 0.12 V                              ; 2.69e-10 s                 ; 2.76e-10 s                 ; Yes                       ; Yes                       ;
; display_0[4]  ; 2.5 V        ; 0 s                 ; 0 s                 ; 2.62 V                       ; 4.11e-08 V                   ; 2.73 V              ; -0.0566 V           ; 0.191 V                              ; 0.12 V                               ; 2.69e-10 s                  ; 2.76e-10 s                  ; Yes                        ; Yes                        ; 2.62 V                      ; 4.11e-08 V                  ; 2.73 V             ; -0.0566 V          ; 0.191 V                             ; 0.12 V                              ; 2.69e-10 s                 ; 2.76e-10 s                 ; Yes                       ; Yes                       ;
; display_0[5]  ; 2.5 V        ; 0 s                 ; 0 s                 ; 2.62 V                       ; 4.11e-08 V                   ; 2.73 V              ; -0.0566 V           ; 0.191 V                              ; 0.12 V                               ; 2.69e-10 s                  ; 2.76e-10 s                  ; Yes                        ; Yes                        ; 2.62 V                      ; 4.11e-08 V                  ; 2.73 V             ; -0.0566 V          ; 0.191 V                             ; 0.12 V                              ; 2.69e-10 s                 ; 2.76e-10 s                 ; Yes                       ; Yes                       ;
; display_0[6]  ; 2.5 V        ; 0 s                 ; 0 s                 ; 2.62 V                       ; 4.11e-08 V                   ; 2.73 V              ; -0.0566 V           ; 0.191 V                              ; 0.12 V                               ; 2.69e-10 s                  ; 2.76e-10 s                  ; Yes                        ; Yes                        ; 2.62 V                      ; 4.11e-08 V                  ; 2.73 V             ; -0.0566 V          ; 0.191 V                             ; 0.12 V                              ; 2.69e-10 s                 ; 2.76e-10 s                 ; Yes                       ; Yes                       ;
; display_1[0]  ; 2.5 V        ; 0 s                 ; 0 s                 ; 2.62 V                       ; 4.11e-08 V                   ; 2.73 V              ; -0.0566 V           ; 0.191 V                              ; 0.12 V                               ; 2.69e-10 s                  ; 2.76e-10 s                  ; Yes                        ; Yes                        ; 2.62 V                      ; 4.11e-08 V                  ; 2.73 V             ; -0.0566 V          ; 0.191 V                             ; 0.12 V                              ; 2.69e-10 s                 ; 2.76e-10 s                 ; Yes                       ; Yes                       ;
; display_1[1]  ; 2.5 V        ; 0 s                 ; 0 s                 ; 2.62 V                       ; 4.11e-08 V                   ; 2.73 V              ; -0.0566 V           ; 0.191 V                              ; 0.12 V                               ; 2.69e-10 s                  ; 2.76e-10 s                  ; Yes                        ; Yes                        ; 2.62 V                      ; 4.11e-08 V                  ; 2.73 V             ; -0.0566 V          ; 0.191 V                             ; 0.12 V                              ; 2.69e-10 s                 ; 2.76e-10 s                 ; Yes                       ; Yes                       ;
; display_1[2]  ; 2.5 V        ; 0 s                 ; 0 s                 ; 2.62 V                       ; 4.11e-08 V                   ; 2.73 V              ; -0.0566 V           ; 0.191 V                              ; 0.12 V                               ; 2.69e-10 s                  ; 2.76e-10 s                  ; Yes                        ; Yes                        ; 2.62 V                      ; 4.11e-08 V                  ; 2.73 V             ; -0.0566 V          ; 0.191 V                             ; 0.12 V                              ; 2.69e-10 s                 ; 2.76e-10 s                 ; Yes                       ; Yes                       ;
; display_1[3]  ; 2.5 V        ; 0 s                 ; 0 s                 ; 2.62 V                       ; 4.11e-08 V                   ; 2.73 V              ; -0.0566 V           ; 0.191 V                              ; 0.12 V                               ; 2.69e-10 s                  ; 2.76e-10 s                  ; Yes                        ; Yes                        ; 2.62 V                      ; 4.11e-08 V                  ; 2.73 V             ; -0.0566 V          ; 0.191 V                             ; 0.12 V                              ; 2.69e-10 s                 ; 2.76e-10 s                 ; Yes                       ; Yes                       ;
; display_1[4]  ; 2.5 V        ; 0 s                 ; 0 s                 ; 2.62 V                       ; 4.11e-08 V                   ; 2.73 V              ; -0.0566 V           ; 0.191 V                              ; 0.12 V                               ; 2.69e-10 s                  ; 2.76e-10 s                  ; Yes                        ; Yes                        ; 2.62 V                      ; 4.11e-08 V                  ; 2.73 V             ; -0.0566 V          ; 0.191 V                             ; 0.12 V                              ; 2.69e-10 s                 ; 2.76e-10 s                 ; Yes                       ; Yes                       ;
; display_1[5]  ; 2.5 V        ; 0 s                 ; 0 s                 ; 2.62 V                       ; 4.11e-08 V                   ; 2.73 V              ; -0.0566 V           ; 0.191 V                              ; 0.12 V                               ; 2.69e-10 s                  ; 2.76e-10 s                  ; Yes                        ; Yes                        ; 2.62 V                      ; 4.11e-08 V                  ; 2.73 V             ; -0.0566 V          ; 0.191 V                             ; 0.12 V                              ; 2.69e-10 s                 ; 2.76e-10 s                 ; Yes                       ; Yes                       ;
; display_1[6]  ; 2.5 V        ; 0 s                 ; 0 s                 ; 2.62 V                       ; 4.11e-08 V                   ; 2.73 V              ; -0.0566 V           ; 0.191 V                              ; 0.12 V                               ; 2.69e-10 s                  ; 2.76e-10 s                  ; Yes                        ; Yes                        ; 2.62 V                      ; 4.11e-08 V                  ; 2.73 V             ; -0.0566 V          ; 0.191 V                             ; 0.12 V                              ; 2.69e-10 s                 ; 2.76e-10 s                 ; Yes                       ; Yes                       ;
; display_2[0]  ; 2.5 V        ; 0 s                 ; 0 s                 ; 2.62 V                       ; 4.11e-08 V                   ; 2.73 V              ; -0.0566 V           ; 0.191 V                              ; 0.12 V                               ; 2.69e-10 s                  ; 2.76e-10 s                  ; Yes                        ; Yes                        ; 2.62 V                      ; 4.11e-08 V                  ; 2.73 V             ; -0.0566 V          ; 0.191 V                             ; 0.12 V                              ; 2.69e-10 s                 ; 2.76e-10 s                 ; Yes                       ; Yes                       ;
; display_2[1]  ; 2.5 V        ; 0 s                 ; 0 s                 ; 2.62 V                       ; 4.11e-08 V                   ; 2.73 V              ; -0.0566 V           ; 0.191 V                              ; 0.12 V                               ; 2.69e-10 s                  ; 2.76e-10 s                  ; Yes                        ; Yes                        ; 2.62 V                      ; 4.11e-08 V                  ; 2.73 V             ; -0.0566 V          ; 0.191 V                             ; 0.12 V                              ; 2.69e-10 s                 ; 2.76e-10 s                 ; Yes                       ; Yes                       ;
; display_2[2]  ; 2.5 V        ; 0 s                 ; 0 s                 ; 2.62 V                       ; 4.11e-08 V                   ; 2.73 V              ; -0.0566 V           ; 0.191 V                              ; 0.12 V                               ; 2.69e-10 s                  ; 2.76e-10 s                  ; Yes                        ; Yes                        ; 2.62 V                      ; 4.11e-08 V                  ; 2.73 V             ; -0.0566 V          ; 0.191 V                             ; 0.12 V                              ; 2.69e-10 s                 ; 2.76e-10 s                 ; Yes                       ; Yes                       ;
; display_2[3]  ; 2.5 V        ; 0 s                 ; 0 s                 ; 2.62 V                       ; 4.11e-08 V                   ; 2.73 V              ; -0.0566 V           ; 0.191 V                              ; 0.12 V                               ; 2.69e-10 s                  ; 2.76e-10 s                  ; Yes                        ; Yes                        ; 2.62 V                      ; 4.11e-08 V                  ; 2.73 V             ; -0.0566 V          ; 0.191 V                             ; 0.12 V                              ; 2.69e-10 s                 ; 2.76e-10 s                 ; Yes                       ; Yes                       ;
; display_2[4]  ; 2.5 V        ; 0 s                 ; 0 s                 ; 2.62 V                       ; 4.11e-08 V                   ; 2.73 V              ; -0.0566 V           ; 0.191 V                              ; 0.12 V                               ; 2.69e-10 s                  ; 2.76e-10 s                  ; Yes                        ; Yes                        ; 2.62 V                      ; 4.11e-08 V                  ; 2.73 V             ; -0.0566 V          ; 0.191 V                             ; 0.12 V                              ; 2.69e-10 s                 ; 2.76e-10 s                 ; Yes                       ; Yes                       ;
; display_2[5]  ; 2.5 V        ; 0 s                 ; 0 s                 ; 2.62 V                       ; 4.11e-08 V                   ; 2.73 V              ; -0.0566 V           ; 0.191 V                              ; 0.12 V                               ; 2.69e-10 s                  ; 2.76e-10 s                  ; Yes                        ; Yes                        ; 2.62 V                      ; 4.11e-08 V                  ; 2.73 V             ; -0.0566 V          ; 0.191 V                             ; 0.12 V                              ; 2.69e-10 s                 ; 2.76e-10 s                 ; Yes                       ; Yes                       ;
; display_2[6]  ; 2.5 V        ; 0 s                 ; 0 s                 ; 2.62 V                       ; 4.11e-08 V                   ; 2.73 V              ; -0.0566 V           ; 0.191 V                              ; 0.12 V                               ; 2.69e-10 s                  ; 2.76e-10 s                  ; Yes                        ; Yes                        ; 2.62 V                      ; 4.11e-08 V                  ; 2.73 V             ; -0.0566 V          ; 0.191 V                             ; 0.12 V                              ; 2.69e-10 s                 ; 2.76e-10 s                 ; Yes                       ; Yes                       ;
; display_3[0]  ; 2.5 V        ; 0 s                 ; 0 s                 ; 2.62 V                       ; 4.11e-08 V                   ; 2.73 V              ; -0.0566 V           ; 0.191 V                              ; 0.12 V                               ; 2.69e-10 s                  ; 2.76e-10 s                  ; Yes                        ; Yes                        ; 2.62 V                      ; 4.11e-08 V                  ; 2.73 V             ; -0.0566 V          ; 0.191 V                             ; 0.12 V                              ; 2.69e-10 s                 ; 2.76e-10 s                 ; Yes                       ; Yes                       ;
; display_3[1]  ; 2.5 V        ; 0 s                 ; 0 s                 ; 2.62 V                       ; 4.11e-08 V                   ; 2.73 V              ; -0.0566 V           ; 0.191 V                              ; 0.12 V                               ; 2.69e-10 s                  ; 2.76e-10 s                  ; Yes                        ; Yes                        ; 2.62 V                      ; 4.11e-08 V                  ; 2.73 V             ; -0.0566 V          ; 0.191 V                             ; 0.12 V                              ; 2.69e-10 s                 ; 2.76e-10 s                 ; Yes                       ; Yes                       ;
; display_3[2]  ; 2.5 V        ; 0 s                 ; 0 s                 ; 2.62 V                       ; 4.11e-08 V                   ; 2.73 V              ; -0.0566 V           ; 0.191 V                              ; 0.12 V                               ; 2.69e-10 s                  ; 2.76e-10 s                  ; Yes                        ; Yes                        ; 2.62 V                      ; 4.11e-08 V                  ; 2.73 V             ; -0.0566 V          ; 0.191 V                             ; 0.12 V                              ; 2.69e-10 s                 ; 2.76e-10 s                 ; Yes                       ; Yes                       ;
; display_3[3]  ; 2.5 V        ; 0 s                 ; 0 s                 ; 2.62 V                       ; 4.11e-08 V                   ; 2.73 V              ; -0.0566 V           ; 0.191 V                              ; 0.12 V                               ; 2.69e-10 s                  ; 2.76e-10 s                  ; Yes                        ; Yes                        ; 2.62 V                      ; 4.11e-08 V                  ; 2.73 V             ; -0.0566 V          ; 0.191 V                             ; 0.12 V                              ; 2.69e-10 s                 ; 2.76e-10 s                 ; Yes                       ; Yes                       ;
; display_3[4]  ; 2.5 V        ; 0 s                 ; 0 s                 ; 2.62 V                       ; 4.11e-08 V                   ; 2.73 V              ; -0.0566 V           ; 0.191 V                              ; 0.12 V                               ; 2.69e-10 s                  ; 2.76e-10 s                  ; Yes                        ; Yes                        ; 2.62 V                      ; 4.11e-08 V                  ; 2.73 V             ; -0.0566 V          ; 0.191 V                             ; 0.12 V                              ; 2.69e-10 s                 ; 2.76e-10 s                 ; Yes                       ; Yes                       ;
; display_3[5]  ; 2.5 V        ; 0 s                 ; 0 s                 ; 2.62 V                       ; 4.11e-08 V                   ; 2.73 V              ; -0.0566 V           ; 0.191 V                              ; 0.12 V                               ; 2.69e-10 s                  ; 2.76e-10 s                  ; Yes                        ; Yes                        ; 2.62 V                      ; 4.11e-08 V                  ; 2.73 V             ; -0.0566 V          ; 0.191 V                             ; 0.12 V                              ; 2.69e-10 s                 ; 2.76e-10 s                 ; Yes                       ; Yes                       ;
; display_3[6]  ; 2.5 V        ; 0 s                 ; 0 s                 ; 2.62 V                       ; 4.11e-08 V                   ; 2.73 V              ; -0.0566 V           ; 0.191 V                              ; 0.12 V                               ; 2.69e-10 s                  ; 2.76e-10 s                  ; Yes                        ; Yes                        ; 2.62 V                      ; 4.11e-08 V                  ; 2.73 V             ; -0.0566 V          ; 0.191 V                             ; 0.12 V                              ; 2.69e-10 s                 ; 2.76e-10 s                 ; Yes                       ; Yes                       ;
; leds[0]       ; 2.5 V        ; 0 s                 ; 0 s                 ; 2.62 V                       ; 2.78e-08 V                   ; 2.71 V              ; -0.0349 V           ; 0.253 V                              ; 0.069 V                              ; 4.96e-10 s                  ; 5.19e-10 s                  ; No                         ; Yes                        ; 2.62 V                      ; 2.78e-08 V                  ; 2.71 V             ; -0.0349 V          ; 0.253 V                             ; 0.069 V                             ; 4.96e-10 s                 ; 5.19e-10 s                 ; No                        ; Yes                       ;
; leds[1]       ; 2.5 V        ; 0 s                 ; 0 s                 ; 2.62 V                       ; 2.78e-08 V                   ; 2.71 V              ; -0.0349 V           ; 0.253 V                              ; 0.069 V                              ; 4.96e-10 s                  ; 5.19e-10 s                  ; No                         ; Yes                        ; 2.62 V                      ; 2.78e-08 V                  ; 2.71 V             ; -0.0349 V          ; 0.253 V                             ; 0.069 V                             ; 4.96e-10 s                 ; 5.19e-10 s                 ; No                        ; Yes                       ;
; leds[2]       ; 2.5 V        ; 0 s                 ; 0 s                 ; 2.62 V                       ; 2.78e-08 V                   ; 2.64 V              ; -0.0109 V           ; 0.244 V                              ; 0.16 V                               ; 2.42e-09 s                  ; 2.37e-09 s                  ; No                         ; Yes                        ; 2.62 V                      ; 2.78e-08 V                  ; 2.64 V             ; -0.0109 V          ; 0.244 V                             ; 0.16 V                              ; 2.42e-09 s                 ; 2.37e-09 s                 ; No                        ; Yes                       ;
; leds[3]       ; 2.5 V        ; 0 s                 ; 0 s                 ; 2.62 V                       ; 2.78e-08 V                   ; 2.71 V              ; -0.0349 V           ; 0.253 V                              ; 0.069 V                              ; 4.96e-10 s                  ; 5.19e-10 s                  ; No                         ; Yes                        ; 2.62 V                      ; 2.78e-08 V                  ; 2.71 V             ; -0.0349 V          ; 0.253 V                             ; 0.069 V                             ; 4.96e-10 s                 ; 5.19e-10 s                 ; No                        ; Yes                       ;
; ~ALTERA_DCLK~ ; 2.5 V        ; 0 s                 ; 0 s                 ; 2.62 V                       ; 2.22e-08 V                   ; 2.72 V              ; -0.0747 V           ; 0.28 V                               ; 0.169 V                              ; 3.1e-10 s                   ; 3.01e-10 s                  ; No                         ; Yes                        ; 2.62 V                      ; 2.22e-08 V                  ; 2.72 V             ; -0.0747 V          ; 0.28 V                              ; 0.169 V                             ; 3.1e-10 s                  ; 3.01e-10 s                 ; No                        ; Yes                       ;
; ~ALTERA_nCEO~ ; 2.5 V        ; 0 s                 ; 0 s                 ; 2.62 V                       ; 3.53e-08 V                   ; 2.7 V               ; -0.0212 V           ; 0.204 V                              ; 0.049 V                              ; 4.85e-10 s                  ; 6.73e-10 s                  ; No                         ; Yes                        ; 2.62 V                      ; 3.53e-08 V                  ; 2.7 V              ; -0.0212 V          ; 0.204 V                             ; 0.049 V                             ; 4.85e-10 s                 ; 6.73e-10 s                 ; No                        ; Yes                       ;
+---------------+--------------+---------------------+---------------------+------------------------------+------------------------------+---------------------+---------------------+--------------------------------------+--------------------------------------+-----------------------------+-----------------------------+----------------------------+----------------------------+-----------------------------+-----------------------------+--------------------+--------------------+-------------------------------------+-------------------------------------+----------------------------+----------------------------+---------------------------+---------------------------+


-------------------
; Clock Transfers ;
-------------------
Nothing to report.


---------------
; Report TCCS ;
---------------
No dedicated SERDES Transmitter circuitry present in device or used in design


---------------
; Report RSKM ;
---------------
No non-DPA dedicated SERDES Receiver circuitry present in device or used in design


+------------------------------------------------+
; Unconstrained Paths                            ;
+---------------------------------+-------+------+
; Property                        ; Setup ; Hold ;
+---------------------------------+-------+------+
; Illegal Clocks                  ; 0     ; 0    ;
; Unconstrained Clocks            ; 0     ; 0    ;
; Unconstrained Input Ports       ; 18    ; 18   ;
; Unconstrained Input Port Paths  ; 324   ; 324  ;
; Unconstrained Output Ports      ; 32    ; 32   ;
; Unconstrained Output Port Paths ; 324   ; 324  ;
+---------------------------------+-------+------+


+------------------------------------+
; TimeQuest Timing Analyzer Messages ;
+------------------------------------+
Info: *******************************************************************
Info: Running Quartus II 64-Bit TimeQuest Timing Analyzer
    Info: Version 13.1.0 Build 162 10/23/2013 SJ Web Edition
    Info: Processing started: Wed Nov 26 11:08:03 2025
Info: Command: quartus_sta Top_ALU -c Top_ALU
Info: qsta_default_script.tcl version: #1
Warning (20013): Ignored assignments for entity "DE0_Default" -- entity does not exist in design
    Warning (20014): Assignment for entity set_global_assignment -name LL_ROOT_REGION ON -entity DE0_Default -section_id "Root Region" was ignored
    Warning (20014): Assignment for entity set_global_assignment -name LL_MEMBER_STATE LOCKED -entity DE0_Default -section_id "Root Region" was ignored
    Warning (20014): Assignment for entity set_global_assignment -name LL_ROUTING_REGION OFF -entity DE0_Default -section_id "Root Region" was ignored
    Warning (20014): Assignment for entity set_instance_assignment -name PARTITION_HIERARCHY root_partition -to | -entity DE0_Default -section_id Top was ignored
    Warning (20014): Assignment for entity set_global_assignment -name PARTITION_NETLIST_TYPE SOURCE -entity DE0_Default -section_id Top was ignored
    Warning (20014): Assignment for entity set_global_assignment -name PARTITION_PRESERVE_HIGH_SPEED_TILES ON -entity DE0_Default -section_id Top was ignored
    Warning (20014): Assignment for entity set_global_assignment -name PARTITION_IGNORE_SOURCE_FILE_CHANGES OFF -entity DE0_Default -section_id Top was ignored
    Warning (20014): Assignment for entity set_global_assignment -name PARTITION_ALWAYS_USE_QXP_NETLIST OFF -entity DE0_Default -section_id Top was ignored
    Warning (20014): Assignment for entity set_global_assignment -name PARTITION_COLOR 14622752 -entity DE0_Default -section_id Top was ignored
    Warning (20014): Assignment for entity set_global_assignment -name PARTITION_IMPORT_ASSIGNMENTS ON -entity DE0_Default -section_id Top was ignored
    Warning (20014): Assignment for entity set_global_assignment -name PARTITION_IMPORT_EXISTING_ASSIGNMENTS REPLACE_CONFLICTING -entity DE0_Default -section_id Top was ignored
    Warning (20014): Assignment for entity set_global_assignment -name PARTITION_IMPORT_EXISTING_LOGICLOCK_REGIONS UPDATE_CONFLICTING -entity DE0_Default -section_id Top was ignored
    Warning (20014): Assignment for entity set_global_assignment -name PARTITION_IMPORT_PIN_ASSIGNMENTS ON -entity DE0_Default -section_id Top was ignored
    Warning (20014): Assignment for entity set_global_assignment -name PARTITION_IMPORT_PROMOTE_ASSIGNMENTS ON -entity DE0_Default -section_id Top was ignored
    Warning (20014): Assignment for entity set_global_assignment -name PARTITION_TYPE STANDARD_PARTITION -entity DE0_Default -section_id Top was ignored
    Warning (20014): Assignment for entity set_global_assignment -name ALLOW_MULTIPLE_PERSONAS OFF -entity DE0_Default -section_id Top was ignored
    Warning (20014): Assignment for entity set_global_assignment -name PARTITION_ASD_REGION_ID 1 -entity DE0_Default -section_id Top was ignored
    Warning (20014): Assignment for entity set_global_assignment -name CROSS_BOUNDARY_OPTIMIZATIONS OFF -entity DE0_Default -section_id Top was ignored
    Warning (20014): Assignment for entity set_global_assignment -name PROPAGATE_CONSTANTS_ON_INPUTS ON -entity DE0_Default -section_id Top was ignored
    Warning (20014): Assignment for entity set_global_assignment -name PROPAGATE_INVERSIONS_ON_INPUTS ON -entity DE0_Default -section_id Top was ignored
    Warning (20014): Assignment for entity set_global_assignment -name REMOVE_LOGIC_ON_UNCONNECTED_OUTPUTS ON -entity DE0_Default -section_id Top was ignored
    Warning (20014): Assignment for entity set_global_assignment -name MERGE_EQUIVALENT_INPUTS ON -entity DE0_Default -section_id Top was ignored
    Warning (20014): Assignment for entity set_global_assignment -name MERGE_EQUIVALENT_BIDIRS ON -entity DE0_Default -section_id Top was ignored
    Warning (20014): Assignment for entity set_global_assignment -name ABSORB_PATHS_FROM_OUTPUTS_TO_INPUTS ON -entity DE0_Default -section_id Top was ignored
    Warning (20014): Assignment for entity set_global_assignment -name PARTITION_EXTRACT_HARD_BLOCK_NODES ON -entity DE0_Default -section_id Top was ignored
    Warning (20014): Assignment for entity set_global_assignment -name PARTITION_ENABLE_STRICT_PRESERVATION OFF -entity DE0_Default -section_id Top was ignored
Warning (20013): Ignored assignments for entity "Lab3a_s1" -- entity does not exist in design
    Warning (20014): Assignment for entity set_instance_assignment -name PARTITION_HIERARCHY root_partition -to | -entity Lab3a_s1 -section_id Top was ignored
    Warning (20014): Assignment for entity set_global_assignment -name PARTITION_NETLIST_TYPE SOURCE -entity Lab3a_s1 -section_id Top was ignored
    Warning (20014): Assignment for entity set_global_assignment -name PARTITION_FITTER_PRESERVATION_LEVEL PLACEMENT_AND_ROUTING -entity Lab3a_s1 -section_id Top was ignored
    Warning (20014): Assignment for entity set_global_assignment -name PARTITION_PRESERVE_HIGH_SPEED_TILES ON -entity Lab3a_s1 -section_id Top was ignored
    Warning (20014): Assignment for entity set_global_assignment -name PARTITION_IGNORE_SOURCE_FILE_CHANGES OFF -entity Lab3a_s1 -section_id Top was ignored
    Warning (20014): Assignment for entity set_global_assignment -name PARTITION_ALWAYS_USE_QXP_NETLIST OFF -entity Lab3a_s1 -section_id Top was ignored
    Warning (20014): Assignment for entity set_global_assignment -name PARTITION_COLOR 16764057 -entity Lab3a_s1 -section_id Top was ignored
    Warning (20014): Assignment for entity set_global_assignment -name PARTITION_IMPORT_ASSIGNMENTS ON -entity Lab3a_s1 -section_id Top was ignored
    Warning (20014): Assignment for entity set_global_assignment -name PARTITION_IMPORT_EXISTING_ASSIGNMENTS REPLACE_CONFLICTING -entity Lab3a_s1 -section_id Top was ignored
    Warning (20014): Assignment for entity set_global_assignment -name PARTITION_IMPORT_EXISTING_LOGICLOCK_REGIONS UPDATE_CONFLICTING -entity Lab3a_s1 -section_id Top was ignored
    Warning (20014): Assignment for entity set_global_assignment -name PARTITION_IMPORT_PIN_ASSIGNMENTS ON -entity Lab3a_s1 -section_id Top was ignored
    Warning (20014): Assignment for entity set_global_assignment -name PARTITION_IMPORT_PROMOTE_ASSIGNMENTS ON -entity Lab3a_s1 -section_id Top was ignored
    Warning (20014): Assignment for entity set_global_assignment -name PARTITION_TYPE STANDARD_PARTITION -entity Lab3a_s1 -section_id Top was ignored
    Warning (20014): Assignment for entity set_global_assignment -name ALLOW_MULTIPLE_PERSONAS OFF -entity Lab3a_s1 -section_id Top was ignored
    Warning (20014): Assignment for entity set_global_assignment -name PARTITION_ASD_REGION_ID 1 -entity Lab3a_s1 -section_id Top was ignored
    Warning (20014): Assignment for entity set_global_assignment -name CROSS_BOUNDARY_OPTIMIZATIONS OFF -entity Lab3a_s1 -section_id Top was ignored
    Warning (20014): Assignment for entity set_global_assignment -name PROPAGATE_CONSTANTS_ON_INPUTS ON -entity Lab3a_s1 -section_id Top was ignored
    Warning (20014): Assignment for entity set_global_assignment -name PROPAGATE_INVERSIONS_ON_INPUTS ON -entity Lab3a_s1 -section_id Top was ignored
    Warning (20014): Assignment for entity set_global_assignment -name REMOVE_LOGIC_ON_UNCONNECTED_OUTPUTS ON -entity Lab3a_s1 -section_id Top was ignored
    Warning (20014): Assignment for entity set_global_assignment -name MERGE_EQUIVALENT_INPUTS ON -entity Lab3a_s1 -section_id Top was ignored
    Warning (20014): Assignment for entity set_global_assignment -name MERGE_EQUIVALENT_BIDIRS ON -entity Lab3a_s1 -section_id Top was ignored
    Warning (20014): Assignment for entity set_global_assignment -name ABSORB_PATHS_FROM_OUTPUTS_TO_INPUTS ON -entity Lab3a_s1 -section_id Top was ignored
    Warning (20014): Assignment for entity set_global_assignment -name PARTITION_EXTRACT_HARD_BLOCK_NODES ON -entity Lab3a_s1 -section_id Top was ignored
    Warning (20014): Assignment for entity set_global_assignment -name PARTITION_ENABLE_STRICT_PRESERVATION OFF -entity Lab3a_s1 -section_id Top was ignored
Warning (20013): Ignored assignments for entity "Lab3b" -- entity does not exist in design
    Warning (20014): Assignment for entity set_instance_assignment -name PARTITION_HIERARCHY root_partition -to | -entity Lab3b -section_id Top was ignored
    Warning (20014): Assignment for entity set_global_assignment -name PARTITION_NETLIST_TYPE SOURCE -entity Lab3b -section_id Top was ignored
    Warning (20014): Assignment for entity set_global_assignment -name PARTITION_FITTER_PRESERVATION_LEVEL PLACEMENT_AND_ROUTING -entity Lab3b -section_id Top was ignored
    Warning (20014): Assignment for entity set_global_assignment -name PARTITION_PRESERVE_HIGH_SPEED_TILES ON -entity Lab3b -section_id Top was ignored
    Warning (20014): Assignment for entity set_global_assignment -name PARTITION_IGNORE_SOURCE_FILE_CHANGES OFF -entity Lab3b -section_id Top was ignored
    Warning (20014): Assignment for entity set_global_assignment -name PARTITION_ALWAYS_USE_QXP_NETLIST OFF -entity Lab3b -section_id Top was ignored
    Warning (20014): Assignment for entity set_global_assignment -name PARTITION_COLOR 16764057 -entity Lab3b -section_id Top was ignored
    Warning (20014): Assignment for entity set_global_assignment -name PARTITION_IMPORT_ASSIGNMENTS ON -entity Lab3b -section_id Top was ignored
    Warning (20014): Assignment for entity set_global_assignment -name PARTITION_IMPORT_EXISTING_ASSIGNMENTS REPLACE_CONFLICTING -entity Lab3b -section_id Top was ignored
    Warning (20014): Assignment for entity set_global_assignment -name PARTITION_IMPORT_EXISTING_LOGICLOCK_REGIONS UPDATE_CONFLICTING -entity Lab3b -section_id Top was ignored
    Warning (20014): Assignment for entity set_global_assignment -name PARTITION_IMPORT_PIN_ASSIGNMENTS ON -entity Lab3b -section_id Top was ignored
    Warning (20014): Assignment for entity set_global_assignment -name PARTITION_IMPORT_PROMOTE_ASSIGNMENTS ON -entity Lab3b -section_id Top was ignored
    Warning (20014): Assignment for entity set_global_assignment -name PARTITION_TYPE STANDARD_PARTITION -entity Lab3b -section_id Top was ignored
    Warning (20014): Assignment for entity set_global_assignment -name ALLOW_MULTIPLE_PERSONAS OFF -entity Lab3b -section_id Top was ignored
    Warning (20014): Assignment for entity set_global_assignment -name PARTITION_ASD_REGION_ID 1 -entity Lab3b -section_id Top was ignored
    Warning (20014): Assignment for entity set_global_assignment -name CROSS_BOUNDARY_OPTIMIZATIONS OFF -entity Lab3b -section_id Top was ignored
    Warning (20014): Assignment for entity set_global_assignment -name PROPAGATE_CONSTANTS_ON_INPUTS ON -entity Lab3b -section_id Top was ignored
    Warning (20014): Assignment for entity set_global_assignment -name PROPAGATE_INVERSIONS_ON_INPUTS ON -entity Lab3b -section_id Top was ignored
    Warning (20014): Assignment for entity set_global_assignment -name REMOVE_LOGIC_ON_UNCONNECTED_OUTPUTS ON -entity Lab3b -section_id Top was ignored
    Warning (20014): Assignment for entity set_global_assignment -name MERGE_EQUIVALENT_INPUTS ON -entity Lab3b -section_id Top was ignored
    Warning (20014): Assignment for entity set_global_assignment -name MERGE_EQUIVALENT_BIDIRS ON -entity Lab3b -section_id Top was ignored
    Warning (20014): Assignment for entity set_global_assignment -name ABSORB_PATHS_FROM_OUTPUTS_TO_INPUTS ON -entity Lab3b -section_id Top was ignored
    Warning (20014): Assignment for entity set_global_assignment -name PARTITION_EXTRACT_HARD_BLOCK_NODES ON -entity Lab3b -section_id Top was ignored
    Warning (20014): Assignment for entity set_global_assignment -name PARTITION_ENABLE_STRICT_PRESERVATION OFF -entity Lab3b -section_id Top was ignored
Warning (20028): Parallel compilation is not licensed and has been disabled
Info (21077): Core supply voltage is 1.2V
Info (21077): Low junction temperature is 0 degrees C
Info (21077): High junction temperature is 85 degrees C
Critical Warning (332012): Synopsys Design Constraints File file not found: 'Top_ALU.sdc'. A Synopsys Design Constraints File is required by the TimeQuest Timing Analyzer to get proper timing constraints. Without it, the Compiler will not properly optimize the design.
Info (332142): No user constrained base clocks found in the design. Calling "derive_clocks -period 1.0"
Info (332096): The command derive_clocks did not find any clocks to derive.  No clocks were created or changed.
Warning (332068): No clocks defined in design.
Info (332143): No user constrained clock uncertainty found in the design. Calling "derive_clock_uncertainty"
Info (332154): The derive_clock_uncertainty command did not apply clock uncertainty to any clock-to-clock transfers.
Info: Found TIMEQUEST_REPORT_SCRIPT_INCLUDE_DEFAULT_ANALYSIS = ON
Info (332159): No clocks to report
Info: Analyzing Slow 1200mV 85C Model
Info (332140): No fmax paths to report
Info (332140): No Setup paths to report
Info (332140): No Hold paths to report
Info (332140): No Recovery paths to report
Info (332140): No Removal paths to report
Info (332140): No Minimum Pulse Width paths to report
Info: Analyzing Slow 1200mV 0C Model
Info (334003): Started post-fitting delay annotation
Info (334004): Delay annotation completed successfully
Info (332142): No user constrained base clocks found in the design. Calling "derive_clocks -period 1.0"
Info (332096): The command derive_clocks did not find any clocks to derive.  No clocks were created or changed.
Warning (332068): No clocks defined in design.
Info (332154): The derive_clock_uncertainty command did not apply clock uncertainty to any clock-to-clock transfers.
Info (332140): No fmax paths to report
Info (332140): No Setup paths to report
Info (332140): No Hold paths to report
Info (332140): No Recovery paths to report
Info (332140): No Removal paths to report
Info (332140): No Minimum Pulse Width paths to report
Info: Analyzing Fast 1200mV 0C Model
Info (332142): No user constrained base clocks found in the design. Calling "derive_clocks -period 1.0"
Info (332096): The command derive_clocks did not find any clocks to derive.  No clocks were created or changed.
Warning (332068): No clocks defined in design.
Info (332154): The derive_clock_uncertainty command did not apply clock uncertainty to any clock-to-clock transfers.
Info (332140): No Setup paths to report
Info (332140): No Hold paths to report
Info (332140): No Recovery paths to report
Info (332140): No Removal paths to report
Info (332140): No Minimum Pulse Width paths to report
Info (332102): Design is not fully constrained for setup requirements
Info (332102): Design is not fully constrained for hold requirements
Info: Quartus II 64-Bit TimeQuest Timing Analyzer was successful. 0 errors, 82 warnings
    Info: Peak virtual memory: 4627 megabytes
    Info: Processing ended: Wed Nov 26 11:08:06 2025
    Info: Elapsed time: 00:00:03
    Info: Total CPU time (on all processors): 00:00:02


